phecode	cases	controls	p_value	neg_log_p_value	standard_error	beta	conf_int_1	conf_int_2	odds_ratio	log10_odds_ratio	converged	phecode_sex_restriction	phecode_string	phecode_category
CV_430.1	67	35798	0.004018578849218406	2.395927505886688	0.258	0.7420687795749206	0.236	1.248	2.10027603131531	0.3222763761620685	True	Both	Nontraumatic subarachnoid hemorrhage	Cardiovascular
SS_834.1	1121	34066	2.3356906686800363e-28	27.63158467430826	0.066	0.7282238197486178	0.599	0.857	2.071398161790693	0.316263586507333	True	Both	Abnormal Papanicolaou smear	Symptoms
CA_114.4	64	35823	0.49158148939010937	0.3084044789326268	0.296	0.20328132034638613	-0.376	0.783	1.225417154539975	0.08828395570044272	True	Both	Carcinoid tumors	Neoplasms
MS_710	1387	33833	1.6156263332073453e-90	89.79165907684802	0.057	1.1430632065917439	1.032	1.254	3.1363609872439926	0.4964260430894311	True	Both	Acquired deformities of limbs	Muscloskeletal
NS_337.2	73	35809	0.0011242662626757933	2.9491308215814342	0.245	0.7975063814769653	0.318	1.277	2.2199981920167016	0.3463526207580757	True	Both	Inflammatory polyneuropathy	Neurological
DE_660.4	185	35379	0.000010873400852386063	4.963634601228681	0.157	0.6906729648874573	0.383	0.998	1.9950576853525017	0.2999554574503811	True	Both	Carbuncle and furuncle	Dermatological
GU_602.4	430	12656	0.00005835197036502969	4.233944474593554	0.119	0.4801740040671351	0.246	0.714	1.616355630178365	0.2085369203197464	True	Male	Elevated prostate specific antigen [PSA]	Genitourinary
EM_230.7	121	35680	4.060560019832587e-6	5.391414065745305	0.189	0.8691732070546533	0.5	1.239	2.384938188074724	0.3774771276419885	True	Both	Failure to thrive	Endocrine/Metab
CA_139.61	1053	33913	4.010431762704677e-16	15.396808868759868	0.07	0.5723592174741331	0.435	0.71	1.7724437028376616	0.24857244981547927	True	Both	Hemangioma	Neoplasms
MS_714.31	316	35353	3.3985479576862846e-20	19.468706597269875	0.115	1.0588599642053758	0.833	1.284	2.883082297992701	0.45985703956266943	True	Both	Idiopathic scoliosis	Muscloskeletal
CA_144.1	147	22358	1.5892329528480823e-6	5.798812438399136	0.173	0.8308611825357889	0.492	1.17	2.2952945569596004	0.36083842680290357	True	Female	Benign neoplasms of external female genital organs and cervix	Neoplasms
CM_766.22	75	35791	2.0218898945008406e-7	6.694242498355651	0.233	1.209479306274052	0.753	1.666	3.351738968653146	0.5252701886909938	True	Both	Congenital pes planus	Congenital
GI_500	310	35292	1.326871622304361e-26	25.87717109403223	0.115	1.2272963149035203	1.002	1.453	3.411992102164328	0.5330080172227946	True	Both	Disorders of tooth develoment	Gastrointestinal
EM_209.13	106	35767	1.1031247634490763e-6	5.957375366060941	0.199	0.9701645568980615	0.58	1.36	2.6383785870300147	0.42133711359894155	True	Both	Hyperprolactinemia*	Endocrine/Metab
SS_840.2	530	34348	1.4171507263250835e-37	36.848583956294505	0.089	1.1407053898041148	0.966	1.315	3.128974733794261	0.49540205626922496	True	Both	Allergy to insects	Symptoms
MS_740.7	110	35707	9.273920552291201e-10	9.032736628932916	0.192	1.1773943041532156	0.8	1.554	3.245905331987909	0.5113358493180604	True	Both	Dislocation of knee	Muscloskeletal
SO_360.4	592	34952	2.1197777880462825e-12	11.673709662884159	0.09	0.6354985099513041	0.458	0.813	1.8879630752875385	0.2759934961295901	True	Both	Blepharitis	Sense organs
SS_812.1	77	35685	0.006861989559236817	2.1635499470739705	0.244	0.6590971436741524	0.181	1.137	1.9330462832389919	0.28624225253587915	True	Both	Generalized edema*	Symptoms
GU_586.2	422	35024	8.798106034399619e-9	8.055610808228996	0.107	0.617422952443934	0.407	0.828	1.8541436633125272	0.2681433812468144	True	Both	Cyst of kidney	Genitourinary
GI_557	2401	32036	1.4750134589206746e-80	79.83120401690051	0.045	0.8645488045093856	0.775	0.954	2.37393473565333	0.3754687751344794	True	Both	Gastrointestinal hemorrhage	Gastrointestinal
GI_524.1	1700	33463	1.9949980508153717e-92	91.7000575242983	0.052	1.059392914488004	0.958	1.161	2.8846192470405927	0.4600884969295437	True	Both	Irritable bowel syndrome	Gastrointestinal
DE_660.11	239	35304	5.972327229154498e-19	18.223856404911718	0.131	1.1680926278412334	0.911	1.426	3.215852956664527	0.5072961826233164	True	Both	Candidiasis of skin and nails	Dermatological
SS_809	12903	19370	0.0	inf	0.031	1.3958452429653083	1.336	1.456	4.038386548275987	0.6062078866107373	True	Both	Pain	Symptoms
GU_582.21	287	35576	0.094608039437605	1.024071957308158	0.162	-0.2702207101387244	-0.587	0.047	0.7632110273346303	-0.11735536330922612	True	Both	End stage renal disease [CDK, stage 5]	Genitourinary
DE_666.4	86	35704	1.111877906890222e-6	5.9539428991523415	0.219	1.066862566065823	0.638	1.496	2.906247023165378	0.46333252539153036	True	Both	Dermatographic urticaria	Dermatological
SO_367.12	592	34717	1.989056800016674e-23	22.701352814873754	0.087	0.8642345367240486	0.694	1.034	2.373188801659073	0.3753322903694676	True	Both	Allergic conjunctivitis	Sense organs
MS_713.3	12145	20790	0.0	inf	0.03	1.3759119121969892	1.317	1.435	3.9586850506132008	0.5975509510521039	True	Both	Pain in joint	Muscloskeletal
CV_403	778	34620	3.90170334960091e-27	26.40874575352913	0.079	0.8473657147752411	0.693	1.001	2.333491665610463	0.368006254080892	True	Both	Angina pectoris	Cardiovascular
GU_585	1811	33344	5.147538151019405e-45	44.28840042592104	0.052	0.736379136372365	0.634	0.839	2.088360140798111	0.31980539551520026	True	Both	Kidney stone disease	Genitourinary
CV_410	271	35457	1.0201204724276922e-12	11.991348536648848	0.126	0.9000564678539502	0.653	1.148	2.459742003587648	0.3908895573903021	True	Both	Inflammation of the heart [Carditis]	Cardiovascular
DE_684.21	213	22319	1.1246302819527299e-20	19.948990226795036	0.138	1.2905713917975201	1.019	1.562	3.6348628933375484	0.5604880339598626	True	Female	Hirsutism*	Dermatological
GU_616.1	87	22557	0.0008748131316661195	3.058084706467356	0.227	0.7543197936677958	0.31	1.199	2.126164800615406	0.32759692398032314	True	Female	Endometrial hyperplasia	Genitourinary
MS_711	1061	34232	1.7796872087231669e-56	55.74965632098464	0.065	1.0229348661929034	0.896	1.15	2.7813456745887963	0.44425496773401923	True	Both	Disorder of patella	Muscloskeletal
RE_494.1	659	34886	8.250571467418141e-36	35.0835159694439	0.081	1.017055371140253	0.857	1.177	2.765040745799083	0.44170153547627566	True	Both	Dysphonia	Respiratory
SO_390.1	887	34026	2.2548180604128104e-40	39.64688849527006	0.071	0.9407524124602538	0.802	1.079	2.5619083050623295	0.4085635815686602	True	Both	Otitis externa	Sense organs
MS_728.3	229	35229	9.373010960061702e-10	9.028120875143633	0.138	0.845813461245494	0.575	1.117	2.3298723047454577	0.36733211893840795	True	Both	Costochondritis [Tietze's disease]	Muscloskeletal
CV_416.221	54	35822	0.446977981398744	0.34971387013999106	0.32	0.24335815012499828	-0.384	0.871	1.275525371892823	0.10568910172546993	True	Both	Typical atrial flutter*	Cardiovascular
SO_374.3	79	35782	0.23673499541333953	0.6257375376285748	0.259	0.3070309507734416	-0.202	0.816	1.3593830413774106	0.13334184769441462	True	Both	Retinal vasculopathy	Sense organs
BI_160.1	2504	32296	3.892595626422383e-82	81.4097607096481	0.045	0.8620677458072975	0.774	0.95	2.3680521647387156	0.3743912650308845	True	Both	Iron deficiency anemia	Blood/Immune
SO_396.8	1478	33564	1.027870481935821e-76	75.98806160569511	0.059	1.0942301970129393	0.979	1.21	2.9868824870973976	0.47521813649462763	True	Both	Bilateral hearing loss	Sense organs
NS_346.5	105	35737	0.000019420469731725715	4.711740269823004	0.202	0.8648035185213677	0.468	1.262	2.374539487110097	0.37557939602434665	True	Both	Compression of brain	Neurological
EM_211.2	235	35577	5.991611192675551e-7	6.2224563766093475	0.139	0.6950256731911458	0.422	0.968	2.003760516207572	0.3018458146480075	True	Both	Adrenocortical insufficiency	Endocrine/Metab
RE_495.1	889	34446	9.016786499995321e-26	25.044948213453686	0.074	0.7766076076996927	0.632	0.922	2.1740843941455053	0.3372763986280619	True	Both	Solitary pulmonary nodule	Respiratory
CV_436	1952	33138	3.740976410190555e-11	10.427015030362707	0.06	0.3972577776992667	0.28	0.515	1.487739386662104	0.1725268607479402	True	Both	Atherosclerosis [ASCVD]	Cardiovascular
EM_202.1	584	35148	4.085835881670558e-6	5.388719081931747	0.094	0.43117350239135116	0.248	0.615	1.5390625578271653	0.18725627283146234	True	Both	Type 1 diabetes	Endocrine/Metab
MS_727.1	166	35668	0.002262340959169094	2.6454419416180106	0.171	0.5216563558110819	0.187	0.857	1.6848159945789996	0.22655247677851223	True	Both	Osteonecrosis	Muscloskeletal
RE_463	6083	26847	4.16881168093124e-310	309.3799877229547	0.032	1.206023640887925	1.143	1.269	3.3401764698854706	0.5237694122824949	True	Both	Rhinitis and nasal congestion	Respiratory
CA_123.1	50	35838	0.07928527267375295	1.100807475866724	0.309	0.5429792272212868	-0.063	1.149	1.7211268595713847	0.23581288217029678	True	Both	Multiple myeloma	Neoplasms
NS_356.1	101	35689	0.0002955043348705382	3.5294361438976294	0.21	0.7589346639069042	0.348	1.17	2.1359994506400004	0.32960113665986757	True	Both	Dysarthria	Neurological
DE_672.12	55	35713	1.199129428095207e-7	6.921133938774435	0.27	1.4295643991540152	0.9	1.959	4.17687934341268	0.6208519300779265	True	Both	Sunburn	Dermatological
CV_433.1	86	35756	0.00003557067928050155	4.448907841169108	0.222	0.919630080571989	0.484	1.356	2.5083623263355004	0.3993902693846577	True	Both	Occlusion and stenosis of cerebral arteries	Cardiovascular
CV_414	732	34943	2.327600215670867e-6	5.6330916112377505	0.085	0.4037386065925972	0.236	0.571	1.4974124820462247	0.17534144897447282	True	Both	Cardiomyopathy	Cardiovascular
EM_236.11	4018	31011	2.511905871167337e-92	91.59999663897885	0.037	0.7589598428138496	0.686	0.832	2.136053233448497	0.32961207172021434	True	Both	Morbid obesity	Endocrine/Metab
MS_713.36	3315	31119	5.322116130649073e-161	160.2739156532063	0.041	1.0955741584698864	1.016	1.175	2.990899440747297	0.47580181153927037	True	Both	Pain in hip	Muscloskeletal
CM_761.1	189	35569	0.00006152770405191243	4.210929290603325	0.157	0.6291333824516081	0.321	0.937	1.8759841138508342	0.2732291563798615	True	Both	Congenital malformation of kidney	Congenital
MS_710.42	50	35814	3.720108898625186e-6	5.429444346843968	0.283	1.3115126558050514	0.756	1.867	3.7117841196284	0.5695827093624126	True	Both	Club foot	Muscloskeletal
MS_710.2	56	35797	0.0001537671492960278	3.8131364369880094	0.272	1.0297030122991206	0.496	1.563	2.8002340761139686	0.4471943362406643	True	Both	Deformities of the hip	Muscloskeletal
ID_056.1	329	35342	6.444567263056284e-9	8.190806239144765	0.118	0.685970828964118	0.454	0.918	1.9856986738571876	0.29791334576571576	True	Both	Plantar wart	Infections
NS_330.3	1158	34207	1.618954343783153e-55	54.79076539863553	0.062	0.9721875193621357	0.851	1.094	2.6437213301399334	0.4222156750341863	True	Both	Convulsions	Neurological
RE_498.1	563	34768	1.976305087625255e-10	9.704146011345259	0.093	0.5923228891023378	0.41	0.775	1.8081837511921894	0.25724256224213704	True	Both	Hypoxemia	Respiratory
MS_713.34	1074	33631	1.1797031092592374e-56	55.92822727594279	0.064	1.0190429730192447	0.893	1.145	2.770542011332687	0.44256474000454227	True	Both	Pain in wrist*	Muscloskeletal
CV_401.2	684	34825	0.000769934327773074	3.1135463167782964	0.091	0.3058601632627315	0.128	0.484	1.3577924240094632	0.13283338113903198	True	Both	Hypertensive heart disease	Cardiovascular
SS_820	141	35623	2.6217485923447842e-6	5.581408956502626	0.176	0.8266992360447007	0.482	1.172	2.2857615155970543	0.35903091640784746	True	Both	Elevated erythrocyte sedimentation rate	Symptoms
MS_745.1	1054	34503	2.7737126994498726e-34	33.5569385250599	0.066	0.8095942414433909	0.68	0.94	2.246996063799174	0.3516023116395136	True	Both	Fracture of lower limb	Muscloskeletal
NS_355.1	213	35553	1.9422586127440805e-11	10.711692944041797	0.141	0.9473116179724207	0.671	1.224	2.57876761954775	0.41141220832826364	True	Both	Coma	Neurological
GI_509.1	98	35664	2.4411727669583225e-13	12.612401483556383	0.203	1.485633907062784	1.088	1.883	4.417764977773949	0.6452026079657356	True	Both	Glossitis	Gastrointestinal
MS_740.8	58	35793	0.016529353956142596	1.7817441203405502	0.28	0.6714734837511774	0.122	1.221	1.957118980091656	0.2916172287374892	True	Both	Dislocation of foot and ankle	Muscloskeletal
GI_510.2	1400	33566	2.655108881084434e-51	50.575917664607154	0.058	0.8741720399816545	0.76	0.988	2.3968899431436643	0.37964809319814136	True	Both	Esophagitis	Gastrointestinal
EM_232.4	4670	29669	8.0315066024466e-176	175.09520297928478	0.035	1.0034060001720813	0.934	1.073	2.7275560819232325	0.43577368898334823	True	Both	Vitamin D deficiency	Endocrine/Metab
RE_491	141	35512	0.0034416227208929166	2.4632367398233472	0.185	0.5404954317113144	0.178	0.903	1.7168572370351578	0.23473418348613972	True	Both	Pleurisy	Respiratory
RE_479.31	736	34712	3.733803857248835e-9	8.427848499978765	0.083	0.4894665808105229	0.327	0.652	1.631445743345464	0.21257263512206218	True	Both	Acute respiratory failure	Respiratory
PP_904.1	578	21619	0.00022242007435531558	3.652826018401567	0.097	0.35724911069997556	0.168	0.547	1.4293919023236141	0.15515131744184332	True	Female	Hemorrhage in early pregnancy	Pregnancy
EM_239	8477	25647	7.611309180807221e-140	139.11854063612046	0.035	0.8690169674512758	0.801	0.937	2.384565595385764	0.37740927364438687	True	Both	Hyperlipidemia	Endocrine/Metab
GI_523.2	1155	33411	1.1655065152006471e-21	20.9334852944233	0.07	0.6669788154492943	0.53	0.804	1.9483421187648944	0.28966521909599585	True	Both	Diverticula of colon	Gastrointestinal
SS_840.612	372	35121	7.930654151228975e-21	20.100690988905328	0.107	1.001375800767523	0.792	1.211	2.7220242164848343	0.43489198458478534	True	Both	Allergy to antibiotic agent (excluding penicillin)	Symptoms
BI_168.214	78	35806	0.0038208268327866307	2.4178426449259374	0.241	0.6962758727596564	0.224	1.168	2.006267183330918	0.30238876942188947	True	Both	Antiphospholipid syndrome*	Blood/Immune
GU_599	1019	33708	2.238105804717547e-61	60.650119386387274	0.066	1.0842454532730283	0.956	1.213	2.9572076253636013	0.4708818173851662	True	Both	Other symptoms/disorders or the urinary system	Genitourinary
CA_148.16	165	35686	0.0001052575455354134	3.9777467613646684	0.168	0.6528358065898502	0.323	0.983	1.9209806418029285	0.2835229883908305	True	Both	Benign neoplasm of choroid	Neoplasms
PP_901.1	114	22526	0.031097168297567354	1.5072791559484533	0.209	0.45105578970733157	0.041	0.861	1.5699688677536423	0.1958910405004077	True	Female	Ectopic pregnancy	Pregnancy
GE_961.1	55	35836	0.008351635592693465	2.0782284635198573	0.284	0.7487731246678131	0.192	1.305	2.114404314141312	0.32518803624068693	True	Both	Phakomatoses	Genetic
SS_840.4	165	35608	3.104170842302903e-14	13.508054384763188	0.157	1.1939998045789566	0.886	1.502	3.3002552190202183	0.5185475265222019	True	Both	Latex allergy	Symptoms
SS_809.1	1151	33056	3.2911754175109095e-70	69.48264896947508	0.062	1.0980254762253632	0.977	1.22	2.9982400790940056	0.4768664053138654	True	Both	Acute pain	Symptoms
GI_513.4	60	35809	0.0001902754682292441	3.720617200674827	0.264	0.9852826786811762	0.468	1.503	2.678568951751332	0.42790283046608957	True	Both	Gastrojejunal ulcer	Gastrointestinal
NS_320	101	35745	0.0007361531556271221	3.133031821906913	0.211	0.7122881672796125	0.299	1.126	2.038650699649069	0.3093428205745161	True	Both	Meningitis	Neurological
PP_926.1	91	22512	5.96705390874454e-6	5.224240038548642	0.215	0.9750134228383305	0.553	1.397	2.651202797410302	0.423442949320289	True	Female	Postpartum mood disturbance*	Pregnancy
CV_444.11	759	34772	3.956435137075295e-15	14.402695949825564	0.081	0.6367611416581589	0.478	0.796	1.8903483828933787	0.2765418501125533	True	Both	Varicose veins of lower extremities	Cardiovascular
GU_614.3	224	22265	4.055267006258359e-11	10.39198054576181	0.139	0.9160985983862175	0.644	1.188	2.4995197124212973	0.39785656615843745	True	Female	Pelvic inflammatory disease (PID)	Genitourinary
SO_392	1233	33086	1.4114474583744493e-63	62.85033528398023	0.06	1.0160031058975032	0.898	1.134	2.762132719803161	0.44124454248785083	True	Both	Otalgia and effusion of ear	Sense organs
CA_140	238	35465	0.0015669088836835277	2.8049562571778526	0.145	0.4593231266760592	0.175	0.744	1.5830021303667159	0.19948149932596082	True	Both	Benign neoplasm of the breast	Neoplasms
PP_944	254	22090	0.7569000403750141	0.12096147159636662	0.16	-0.04959200998334516	-0.364	0.264	0.9516175957890793	-0.021537536282257796	True	Female	Late pregnancy	Pregnancy
ID_052.32	530	34819	6.797489140778455e-13	12.167651477540206	0.095	0.678947913323155	0.494	0.864	1.971802133812822	0.2948633322559735	True	Both	Herpes zoster	Infections
CV_438	684	34893	1.8266661572865793e-9	8.738340817341676	0.087	0.5238936172217815	0.353	0.695	1.6885895880713413	0.22752410706375412	True	Both	Aneurysm or ectasia	Cardiovascular
MS_741.71	65	35658	0.000028680948137604788	4.5424064958172226	0.252	1.0550165679863932	0.561	1.549	2.872022737140796	0.4581878737929975	True	Both	Lumbosacral sprain	Muscloskeletal
CV_417.3	554	34553	8.455560149082751e-18	17.072857616735945	0.091	0.785752050114739	0.607	0.965	2.194056360770073	0.3412477795089986	True	Both	Bradycardia	Cardiovascular
EM_200.6	129	35730	5.194927593741113e-6	5.284420501207445	0.184	0.8386273493222592	0.478	1.199	2.3131895952968344	0.3642112301838079	True	Both	Atrophy of thyroid*	Endocrine/Metab
DE_664	908	34551	3.88803509199243e-29	28.410269823943835	0.071	0.7981305433204037	0.659	0.938	2.221384262701879	0.34662369080249555	True	Both	Papulosquamous disorders	Dermatological
MB_280.51	1150	34320	2.980157449184594e-62	61.52576079045203	0.062	1.0343036519203337	0.913	1.156	2.813146624167852	0.4491923686413826	True	Both	Stimulant abuse or dependance	Mental
EM_232.2	1569	33688	3.0004698020657986e-66	65.52281073979013	0.055	0.9449958653090784	0.837	1.053	2.5728027408221985	0.41040648972512134	True	Both	Vitamin B group deficiency	Endocrine/Metab
BI_162	225	35541	0.12798324884011372	0.8928468695113144	0.157	0.23870571238842322	-0.069	0.546	1.269604852621529	0.10366857368907692	True	Both	Aplastic anemia	Blood/Immune
MB_287.4	141	35639	8.17532419650756e-21	20.08749501616461	0.17	1.588436230151607	1.256	1.921	4.89608658623962	0.6898490896100467	True	Both	Delusional disorders	Mental
SO_396	2658	32063	1.6855158696415448e-126	125.7732671541099	0.045	1.0833923000874817	0.995	1.172	2.9546857501835877	0.4705112976644652	True	Both	Hearing impairment	Sense organs
CV_413.2	517	35038	7.610816596761787e-9	8.118568743434249	0.099	0.5714981856083601	0.378	0.765	1.770918229164197	0.24819850842743119	True	Both	Aortic valve disorders	Cardiovascular
SO_366	176	35528	0.008969095974329312	2.04725132876706	0.169	0.44235934164041785	0.111	0.774	1.55637491027495	0.1921142210927888	True	Both	Disorders of conjunctiva	Sense organs
GI_522.11	431	35362	0.011250517397734923	1.9488275044135754	0.112	0.28464626003666643	0.065	0.505	1.32929172133846	0.12362030002832236	True	Both	Crohn's disease	Gastrointestinal
EM_215	445	12629	2.7752731579841887e-43	42.55669426473342	0.099	1.37059444997339	1.176	1.565	3.937690760043428	0.5952416065506658	True	Male	Testicular dysfunction	Endocrine/Metab
SS_809.34	3278	30497	1.2228344379928844e-173	172.91263233898448	0.04	1.1190196051634906	1.041	1.197	3.061850908505348	0.48598403966405956	True	Both	Pain in foot and toes*	Symptoms
MS_745.3	904	34767	2.849890638241747e-22	21.54517180529655	0.072	0.703004362494346	0.561	0.845	2.019811847947306	0.3053109153852078	True	Both	Fracture of upper limb	Muscloskeletal
RE_488.6	605	34394	1.347728110672695e-35	34.87039771310071	0.084	1.049600768282428	0.884	1.215	2.856510480803514	0.4558358218664721	True	Both	Wheezing	Respiratory
SS_823	337	35143	5.423488079813974e-13	12.265721310034092	0.114	0.8255014859549191	0.601	1.05	2.2830253834648877	0.35851074015315615	True	Both	Abnormal serum enzyme levels	Symptoms
PP_905	107	22434	0.17668621095563153	0.7527973426242661	0.224	0.30204232769021394	-0.136	0.74	1.3526184787137459	0.13117531621707368	True	Female	Premature rupture of membranes	Pregnancy
MS_709.22	164	35646	8.68263980425701e-13	12.061348215131677	0.159	1.136708291887279	0.825	1.448	3.1164928776229606	0.49366613870031617	True	Both	Hallux rigidus	Muscloskeletal
GU_614.4	53	22561	0.012610701838936362	1.899260742428088	0.291	0.7247467444864253	0.155	1.294	2.06420826164001	0.31475351190780054	True	Female	Inflammatory diseases of uterus, except cervix	Genitourinary
CA_114	211	35584	0.23223468801990088	0.6340729108227348	0.164	0.19594027949645776	-0.126	0.517	1.2164542559043088	0.08509578216789246	True	Both	Neuroendocrine tumors	Neoplasms
MS_741.4	264	35375	4.915250703575416e-15	14.30845432596966	0.127	0.9904350265644145	0.742	1.238	2.692405485528255	0.4301404667206259	True	Both	Sprains and strains of hip and thigh	Muscloskeletal
GU_626.16	1800	19799	1.4653827101890422e-57	56.834048936936355	0.053	0.848023699641214	0.744	0.952	2.3350275730578236	0.36829201327735994	True	Female	Excessive menstruation	Genitourinary
PP_926.11	89	22520	9.520565333844595e-6	5.021337262321468	0.218	0.9650511381242972	0.538	1.392	2.6249218866241155	0.41911638404183515	True	Female	Postpartum depression*	Pregnancy
CV_413.4	82	35666	0.001582134684007087	2.8007565486314325	0.233	0.7370052122625123	0.28	1.194	2.0896680221059656	0.32007729681954394	True	Both	Pulmonary valve disorders	Cardiovascular
EM_230.3	263	35229	1.3070958724152114e-11	10.883692556769974	0.129	0.8701293401680523	0.618	1.122	2.3872195969412298	0.37789237097710265	True	Both	Anorexia	Endocrine/Metab
NS_333.8	532	34740	3.934919641320068e-61	60.405064132348784	0.088	1.4568680865899584	1.284	1.63	4.292494732249228	0.6327097708669678	True	Both	Sleep disturbances	Neurological
BI_171.7	58	35793	0.000028037514900337556	4.552260482606206	0.266	1.1121671465192864	0.592	1.633	3.0409414242871122	0.48300805468741137	True	Both	Eosinophilia	Blood/Immune
CM_760.13	86	22587	0.009060880482134036	2.042829598134168	0.233	0.6082200768208121	0.151	1.065	1.8371584859060697	0.26414662314605064	True	Female	Congenital anomalies of uterus and cervix	Congenital
GI_527	10842	21742	0.0	inf	0.029	1.1040101938516402	1.047	1.161	3.0162375003677937	0.47946553515470675	True	Both	Abdominal pain	Gastrointestinal
SS_806	167	35203	6.131837380267672e-11	10.21240937139576	0.158	1.0340694079018193	0.724	1.344	2.812487738570955	0.44909063775672303	True	Both	Chills (without fever)	Symptoms
SO_396.5	56	35809	0.0014673049671208532	2.8334796122828636	0.277	0.8796278316336961	0.338	1.422	2.4100026127574457	0.3820175134070369	True	Both	Sudden idiopathic hearing loss	Sense organs
PP_932.3	91	22502	0.041515090178204386	1.3817940143743805	0.233	0.4742270938069929	0.018	0.93	1.6067718335313472	0.20595421000939276	True	Female	Genetic disease in fetus affecting management of mother	Pregnancy
PP_909	637	21853	0.002215618177337211	2.6545050804792885	0.094	0.28627953511373394	0.103	0.47	1.3314645943437093	0.12432962238172285	True	Female	Diabetes mellitus or abnormal glucose in pregnancy, childbirth, and the puerperium	Pregnancy
NS_336.51	138	35641	5.1311083340843827e-8	7.289788815904278	0.175	0.954121121826089	0.611	1.297	2.5963876714105067	0.4143695382764107	True	Both	Lesion of sciatic nerve	Neurological
GU_596.5	281	35509	2.5596547144342853e-12	11.591818615051265	0.124	0.8713184310219292	0.627	1.115	2.3900599062884136	0.37840878657342303	True	Both	Neuromuscular dysfunction of bladder	Genitourinary
DE_674.2	1030	33705	9.044562160624484e-18	17.043612452112868	0.07	0.6029968007182467	0.465	0.741	1.8275875175552196	0.2618781831572493	True	Both	Hypepigmentation*	Dermatological
GE_970	189	35573	0.0004990140914071565	3.3018871903806937	0.159	0.5537055548297886	0.242	0.865	1.7396875964380112	0.24047126706175562	True	Both	Hemoglobinopathies	Genetic
RE_463.5	450	34780	6.757243644048623e-22	21.170230421557754	0.098	0.9446998273835602	0.752	1.137	2.5720412063631404	0.4102779220876347	True	Both	Postnasal drip	Respiratory
ID_084	232	35413	3.8374523059344855e-14	13.41595700914295	0.135	1.0186315522916805	0.755	1.282	2.769402387371172	0.4423860622528205	True	Both	Parasites	Infections
MS_741.72	361	34876	3.342758485948622e-23	22.475895000017903	0.108	1.0706260640569933	0.859	1.282	2.9172052857642203	0.4649669918017496	True	Both	Neck sprain	Muscloskeletal
CV_438.4	74	35791	0.018618985952749346	1.7300439757240513	0.252	0.591986360251988	0.099	1.085	1.807575347571607	0.2570964096194289	True	Both	Arterial dissection	Cardiovascular
CV_400	335	35195	0.00019003040195068622	3.721176913030355	0.123	0.45872204498385916	0.218	0.7	1.5820509026788527	0.19922045286386525	True	Both	Rheumatic fever and chronic rheumatic heart diseases	Cardiovascular
GU_581.31	503	34990	4.561399380252707e-8	7.340901900781112	0.099	0.539647035787531	0.346	0.733	1.715401280054853	0.23436572981797138	True	Both	Hydronephrosis	Genitourinary
CV_416.411	114	35587	0.00006849007350538779	4.164372367693341	0.198	0.7876575610954506	0.4	1.175	2.1982411450678	0.34207533241312765	True	Both	Atrioventricular block, first degree	Cardiovascular
GI_514.2	512	34992	3.1542231121264005e-13	12.501107590354515	0.095	0.6952959818215101	0.508	0.882	2.0043022231790224	0.30196320819458555	True	Both	Intestinal obstruction	Gastrointestinal
RE_468.2	256	35348	1.12798252941535e-10	9.947697626804155	0.131	0.8440570907471321	0.588	1.101	2.3257837772999825	0.3665693369227917	True	Both	Bacterial pneumonia	Respiratory
SS_840	7797	24945	0.0	inf	0.03	1.2198743982633238	1.16	1.279	3.3867623236762165	0.5297847197808113	True	Both	Allergy	Symptoms
CV_424.4	166	35661	0.33100070145214244	0.4801710858724021	0.186	0.18085239993960583	-0.184	0.545	1.19823830619392	0.07854319933273082	True	Both	Combined systolic and diastolic heart failure	Cardiovascular
RE_468.9	142	35540	4.9427497237841736e-8	7.30603137949093	0.173	0.9437249267626145	0.605	1.283	2.5695349436709893	0.40985452812755396	True	Both	Lobar pneumonia*	Respiratory
CV_440.11	673	35015	4.916808735146406e-15	14.308316685524382	0.084	0.6588523365664841	0.494	0.824	1.9325731176889112	0.28613593415988814	True	Both	Deep vein thrombosis [DVT]	Cardiovascular
SS_830	605	34926	1.2949716525826322e-12	11.88773973834851	0.089	0.6307461551448675	0.457	0.805	1.879012090865641	0.27392957466110834	True	Both	Proteinuria	Symptoms
GU_592.2	92	35642	8.459498272744176e-7	6.0726553939160794	0.212	1.0453490063986577	0.629	1.461	2.8443910611213465	0.4539893051419841	True	Both	Urethritis	Genitourinary
MS_740.9	54	35825	0.2760996767229641	0.5589341018631454	0.311	0.33867754693867025	-0.271	0.948	1.403090841323906	0.147085789779994	True	Both	Dislocation of vertebra or sternum	Muscloskeletal
CV_401.6	314	35424	1.6851026959748455e-11	10.7733736265813	0.119	0.8032219332613374	0.569	1.037	2.2327230367581654	0.34883485335906084	True	Both	Secondary hypertension	Cardiovascular
ID_003	218	35316	0.00051151144989222	3.291144640408606	0.149	0.5192851105108734	0.226	0.812	1.6808256155236885	0.22552265802939264	True	Both	Escherichia coli	Infections
DE_679.1	2793	30297	2.758503003081558e-155	154.55932653890542	0.042	1.1169992172335368	1.035	1.199	3.055671026867793	0.4851065963347767	True	Both	Rash and other nonspecific skin eruption	Dermatological
ID_092	1585	33775	5.7399454265879785e-12	11.241092236703834	0.059	0.4030547873022745	0.288	0.518	1.4963888725272863	0.17504447003006668	True	Both	Bacteremia, Sepsis, and SIRS	Infections
SO_361.3	260	35478	1.412788829543538e-10	9.849922747576516	0.131	0.8393264256644638	0.583	1.096	2.314807256786499	0.36451483518165656	True	Both	Ptosis of eyelid	Sense organs
SO_394.1	77	35796	0.015140992044408117	1.819845668739675	0.247	0.5995649064320283	0.116	1.083	1.821326180664755	0.2603877304062694	True	Both	Meniere's disease	Sense organs
MS_715.4	1640	33371	4.945215925719032e-78	77.30581474081079	0.055	1.0378378841968752	0.929	1.147	2.823106527704646	0.45072726621684894	True	Both	Spinal stenosis	Muscloskeletal
GE_962	125	35674	6.604635395541094e-8	7.180151152322759	0.183	0.9890216813281268	0.63	1.348	2.688602874894931	0.4295266586834819	True	Both	Disorders of amino-acid transport and metabolism	Genetic
GE_971.1	112	35750	0.00012031041975150381	3.919696757991693	0.199	0.7646404845820441	0.375	1.154	2.1482219169079864	0.3320791430938103	True	Both	Hereditary hypo-coagulability	Genetic
PP_909.1	347	22238	0.08673428834681109	1.061809180540212	0.128	0.21876271204238742	-0.032	0.469	1.2445359282590123	0.09500743868619892	True	Female	Gestational diabetes mellitus*	Pregnancy
GI_528	5733	26849	4.062118899467781e-216	215.3912473688123	0.033	1.0321390382808857	0.968	1.097	2.8070638344353243	0.44825228888231783	True	Both	Nausea and vomiting	Gastrointestinal
BI_179.1	138	35709	3.169138793493569e-6	5.4990587403210816	0.178	0.8282404660171231	0.48	1.177	2.28928711593727	0.3597002640802143	True	Both	Hypogammaglobulinemia NOS	Blood/Immune
SO_382	109	35712	1.8624414504301895e-13	12.729917371280216	0.192	1.4137384119899363	1.037	1.79	4.111296430535812	0.6139787911818954	True	Both	Other disorders of binocular movement	Sense organs
EM_247.7	169	35650	7.734382689837124e-7	6.1115743432569065	0.161	0.797558182007079	0.481	1.114	2.2201131920784056	0.34637511744246374	True	Both	Disorders of iron metabolism	Endocrine/Metab
SO_367.3	206	35531	3.31404549179713e-10	9.479641534329215	0.145	0.9092675182658413	0.626	1.193	2.4825034788008127	0.3948898657567191	True	Both	Keratoconjunctivitis	Sense organs
GI_526.12	225	35565	0.00003590367514271351	4.444861094248733	0.145	0.5980554731978943	0.314	0.882	1.8185790841983926	0.2597321918818836	True	Both	Intestinal infection due to C. difficile	Gastrointestinal
GI_502	2169	32633	7.576636877232179e-94	93.12052352652823	0.047	0.9607209612633388	0.869	1.052	2.6135800843357164	0.4172358121254558	True	Both	Diseases of teeth and supporting structures	Gastrointestinal
SS_840.61	1114	34032	4.35488537084128e-40	39.36102327199186	0.064	0.8531066934945327	0.727	0.979	2.346926719884424	0.37049952945940434	True	Both	Allergy to other anti-infective agents	Symptoms
CV_416.52	384	35099	1.7758412569403594e-7	6.750595858555217	0.112	0.5860870999896869	0.366	0.806	1.7969433813542814	0.2545343934402004	True	Both	Ventricular premature depolarization*	Cardiovascular
CV_401	8963	25214	2.956354362388911e-118	117.52924351059985	0.032	0.7513262631188281	0.688	0.815	2.119809578354497	0.3262968501814977	True	Both	Hypertension	Cardiovascular
MS_734.6	605	34747	8.2374085851216e-46	45.08420939196668	0.083	1.183806076251616	1.02	1.347	3.2667842009755033	0.514120446559617	True	Both	Temporomandibular joint disorders	Muscloskeletal
CA_101.4	225	35572	0.48107144771207677	0.3177904183397253	0.163	0.1145541087782412	-0.204	0.433	1.1213733155624936	0.049750217321734985	True	Both	Malignant neoplasm of the lower GI tract	Neoplasms
NS_346	494	35054	1.4524205208649044e-41	40.837907623684075	0.091	1.2346036247606114	1.055	1.414	3.437015902667737	0.5361815415712865	True	Both	Brain damage and brain death	Neurological
GI_546	1096	33851	1.0209580692992999e-19	18.99099209400112	0.067	0.6124429784391099	0.48	0.745	1.8449330294620037	0.26598060601649764	True	Both	Other disorders of liver	Gastrointestinal
RE_466.2	201	35570	2.8110671671027048e-12	11.551128777319072	0.145	1.0103272845023483	0.727	1.294	2.746499754742533	0.4387795645756667	True	Both	Chronic tonsillitis and adenoiditis	Respiratory
SO_374.7	287	35516	5.007713754656757e-6	5.300360503744501	0.131	0.5992977522977389	0.342	0.857	1.8208396708351506	0.26027170683992984	True	Both	Non-degenerative maculopathy	Sense organs
NS_333.3	1338	33750	2.426076870539391e-119	118.6150954425782	0.057	1.3200106419925488	1.209	1.431	3.743461214935242	0.5732733378709327	True	Both	Hypersomnia	Neurological
CV_446.2	460	35036	5.861866992565745e-36	35.23196404005147	0.095	1.1893215859243478	1.003	1.376	3.2848519614856153	0.5165158019753684	True	Both	Orthostatic hypotension	Cardiovascular
CA_144.3	90	22515	0.41828181466421366	0.37853101651586596	0.25	0.20218613193820129	-0.287	0.692	1.2240758265146543	0.0878083214181236	True	Female	Benign neoplasms of the ovary	Neoplasms
CA_101.411	148	35698	0.4582757305463956	0.338873141596292	0.217	-0.16081301029113887	-0.586	0.264	0.851451268847389	-0.06984020298769245	True	Both	Malignant neoplasm of colon	Neoplasms
DE_668.1	487	34882	1.9037339784316947e-23	22.720393738604283	0.094	0.940849233577146	0.756	1.126	2.5621563638942737	0.40860563044545817	True	Both	Atopic dermatitis	Dermatological
PP_912	54	22561	0.07922709555680188	1.1011262648960143	0.299	0.5240009848439029	-0.061	1.109	1.6887708976533666	0.22757073622957652	True	Female	Venous complications in pregnancy	Pregnancy
MB_288	11742	21632	0.0	inf	0.031	2.103345000713855	2.042	2.165	8.193531493496064	0.9134711273488186	True	Both	Anxiety and anxiety disorders	Mental
BI_172	89	35644	1.0412195450298881e-6	5.98245768822035	0.216	1.0524662281599326	0.63	1.475	2.8647074353895	0.45708027527938755	True	Both	Other disorders of white blood cells	Blood/Immune
RE_462	4508	28674	6.200502454847133e-213	212.2075731162234	0.035	1.104197558165693	1.035	1.174	3.0168026885844683	0.4795469064424055	True	Both	Sinusitis	Respiratory
RE_463.2	4717	28963	3.4596887236317616e-244	243.4609629739501	0.034	1.1475357364198677	1.08	1.215	3.1504198712646785	0.498368438113933	True	Both	Allergic rhinitis	Respiratory
BI_174.2	285	35363	4.790374299693014e-8	7.319630551316052	0.127	0.6920834187578219	0.444	0.941	1.9978736075837844	0.30056800978325954	True	Both	Splenomegaly	Blood/Immune
EM_200	5168	29724	8.047359931074402e-96	95.09434657372168	0.036	0.7439279136106216	0.674	0.814	2.1041843578952575	0.32308378781489194	True	Both	Disorders of thyroid gland	Endocrine/Metab
SO_361	358	35310	4.622888809831062e-12	11.335086552129198	0.113	0.7826799477133949	0.561	1.004	2.1873263379082215	0.33991358238825303	True	Both	Disorders of eyelid function	Sense organs
MS_713.35	486	34960	1.3648701225251817e-32	31.8649086729853	0.093	1.1094521049596044	0.927	1.292	3.0326963398778837	0.48182892711990355	True	Both	Pain in joints of hand	Muscloskeletal
MS_702	194	35577	1.0038120711667233e-7	6.998347586090127	0.151	0.8026101454250946	0.507	1.098	2.2313575017140344	0.3485691572776851	True	Both	Infective and reactive arthropathies	Muscloskeletal
PP_908.1	212	22348	0.000012441931213688903	4.905112204021956	0.148	0.6486872874408024	0.358	0.94	1.9130279242316837	0.28172130941632906	True	Female	Preeclampsia and eclampsia	Pregnancy
DE_688	249	35403	0.0018846625318349852	2.724766403380038	0.142	0.442736551759428	0.164	0.722	1.55696210138033	0.192278041365993	True	Both	Granulomatous disorder of the skin	Dermatological
ID_005	142	35647	0.0002758249273161898	3.559366487592107	0.18	0.6543843798198514	0.302	1.007	1.9239577255213098	0.28419552519944313	True	Both	Mycobacteria	Infections
MB_287.2	365	35440	4.063346461537844e-27	26.391116145943553	0.106	1.148060684508639	0.939	1.357	3.1520741123122757	0.498596420172172	True	Both	Schizoaffective disorder	Mental
GI_522.14	59	35825	0.0941361681503754	1.0262434837967551	0.288	0.4825418874816593	-0.082	1.048	1.6201875067951776	0.20956527902046448	True	Both	Microscopic colitis*	Gastrointestinal
CA_149.4	188	35680	0.00002563016537425615	4.591248591595889	0.156	0.6582334904208951	0.352	0.965	1.9313775222469323	0.2858671726937117	True	Both	Benign neoplasm of the pituitary gland and craniopharyngeal duct	Neoplasms
CA_121	118	35752	0.7130606006019884	0.14687355936461188	0.237	-0.0871391328895126	-0.552	0.377	0.9165495645721751	-0.03784404457174949	True	Both	Leukemia	Neoplasms
NS_347.1	67	35782	0.0005745698330173993	3.240657179767683	0.253	0.871063317915448	0.375	1.367	2.389450248450203	0.37829799235901707	True	Both	Cerebral cysts	Neurological
GI_504	636	34711	4.359252929263271e-37	36.36058793194662	0.082	1.0457105954508086	0.885	1.207	2.845419747758789	0.4541463412720499	True	Both	Periodontal diseases	Gastrointestinal
SS_840.63	349	35157	2.5537354931407687e-13	12.592824087424326	0.113	0.8241493109202149	0.603	1.045	2.279940419713294	0.3579234979970167	True	Both	Allergy to narcotic agent	Symptoms
BI_171.1	56	35797	0.010478235294078061	1.9797118534761249	0.283	0.7234894895961762	0.169	1.277	2.061614656461608	0.31420749304661943	True	Both	Lymphocytosis (symptomatic)	Blood/Immune
GU_603.2	64	13036	0.00006377686156938881	4.195336856002939	0.256	1.0227172525260526	0.521	1.524	2.7807404816092895	0.44416045931931925	True	Male	Spermatocele	Genitourinary
CV_440.12	64	35830	0.491682643439457	0.3083151221786437	0.295	0.2031582662023105	-0.376	0.782	1.2252663711583378	0.08823051396469536	True	Both	Portal vein thrombosis	Cardiovascular
RE_499.4	318	34949	3.838433076687314e-10	9.415846026941667	0.119	0.7461237503568	0.513	0.98	2.108809879815987	0.32403742759691767	True	Both	Throat pain	Respiratory
SO_376.1	606	34995	6.221587776910969e-16	15.20609876727804	0.092	0.7424552784924772	0.562	0.922	2.1010879426192965	0.3224442305092249	True	Both	Vitreous degeneration	Sense organs
SS_847.3	65	35835	0.21937868161867058	0.6588055777877915	0.36	-0.44155241260498035	-1.146	0.263	0.643037386482577	-0.19176377626541083	True	Both	Liver transplant	Symptoms
SO_369.4	79	35777	0.02186213285752731	1.6603074707911996	0.245	0.5622778394430439	0.082	1.043	1.7546647963476487	0.24419416296659655	True	Both	Corneal degenerations	Sense organs
DE_684.1	1002	34185	2.946734078122795e-42	41.530659054382426	0.067	0.9152656903791361	0.784	1.047	2.4974387092013917	0.39749483880702896	True	Both	Alopecia	Dermatological
SS_809.31	1732	32460	3.0297540191251315e-88	87.51859262973964	0.052	1.0330287538659715	0.931	1.135	2.80956243423392	0.44863868745138397	True	Both	Pain in arm*	Symptoms
CV_416.22	227	35576	0.008637168042039444	2.0636286308224805	0.153	0.40064451349190033	0.102	0.7	1.4927865087032588	0.17399770141434523	True	Both	Atrial flutter	Cardiovascular
MS_723.6	409	35131	4.694178636426791e-15	14.328440387396515	0.105	0.8209480573475211	0.616	1.026	2.2726534222855426	0.35653321123522275	True	Both	Impingement syndrome of shoulder*	Muscloskeletal
RE_496	80	35716	2.528814680997108e-11	10.597082995870815	0.225	1.4982525682654437	1.058	1.938	4.4738644631066835	0.6506828228950573	True	Both	Abnormal results of pulmonary function studies	Respiratory
GI_532.2	124	35696	0.039549147905513296	1.402862869029013	0.202	0.41549023031191634	0.02	0.811	1.5151133131335028	0.18044511430917645	True	Both	Intestinal perforation	Gastrointestinal
SO_395	122	35648	0.000012714442256998068	4.895702686217396	0.189	0.825922944594908	0.455	1.197	2.283987787030466	0.3586937773148537	True	Both	Other diseases of inner ear	Sense organs
DE_685.81	123	35688	2.563112057879393e-10	9.591232406279731	0.182	1.1520457096918093	0.795	1.509	3.1646602684475167	0.5003270946194684	True	Both	Primary focal hyperhidrosis	Dermatological
CA_139.5	536	34894	1.854237029844536e-20	19.731834750140976	0.091	0.8479932546133765	0.669	1.027	2.3349564841605175	0.3682787911697687	True	Both	Lipoma	Neoplasms
CV_413.11	354	35132	0.0035208012863861896	2.453358485768015	0.123	0.35905931535710484	0.118	0.6	1.4319817375607606	0.1559374793355502	True	Both	Mitral valve insufficiency	Cardiovascular
EM_211	492	35173	1.8826235148581347e-12	11.725236521070624	0.097	0.6847852910591788	0.494	0.875	1.9833459477101192	0.2973984731955136	True	Both	Disorders of adrenal glands	Endocrine/Metab
CV_416.51	157	35499	1.1118862111109638e-6	5.953939655573389	0.168	0.8172276391617895	0.488	1.146	2.2642139101552416	0.354917454146787	True	Both	Atrial premature depolarization [Supraventricular premature beats]	Cardiovascular
EM_204.2	275	35450	5.493319063796239e-9	8.26016517548768	0.128	0.7484141281862103	0.497	1.0	2.1136453866661467	0.32503212604970405	True	Both	Impaired glucose tolerance (oral)	Endocrine/Metab
GI_526.2	205	35123	3.973023727046219e-9	8.400878841314011	0.146	0.8571667837716839	0.572	1.143	2.356474824207603	0.3722628042628002	True	Both	Viral enteritis	Gastrointestinal
BI_170	681	34778	0.0005042009284794665	3.2973963589111843	0.09	0.3119328922712436	0.136	0.488	1.3660630165670347	0.1354707338375226	True	Both	Decreased white blood cell count	Blood/Immune
GE_978.2	242	35605	2.4376069616831824e-20	19.61303631846036	0.13	1.2032065805878938	0.948	1.458	3.3307802324546856	0.5225459785390025	True	Both	Herediatary connective tissue diseases	Genetic
MS_727	2530	31959	1.653513354445085e-58	57.781592293197576	0.05	0.8018882073549238	0.704	0.899	2.2297471811311937	0.34825562355753403	True	Both	Other disorders of bone	Muscloskeletal
MB_280.11	1894	33273	3.3700105465402714e-94	93.47236873999006	0.05	1.0258277032246284	0.928	1.123	2.789403303438645	0.44551131089394275	True	Both	Alcohol abuse and dependence	Mental
SO_381.5	53	35826	0.012652257576204164	1.8978319752462405	0.29	0.7242250378154035	0.155	1.294	2.063131631286572	0.3145269375794036	True	Both	Vertical strabismus	Sense organs
CM_763.2	128	35745	0.022013036040434666	1.6573200553713616	0.197	0.45127267609585303	0.065	0.837	1.5703094095595667	0.19598523306214244	True	Both	Congenital malformations of heart valves	Congenital
SO_370	85	35772	0.015597131604002425	1.806955263382379	0.236	0.5706241436874119	0.108	1.033	1.7693710486421512	0.24781891684421126	True	Both	Disorders of iris and ciliary body	Sense organs
EM_200.41	612	35122	1.336029215266282e-8	7.874184044936666	0.09	0.513552538044467	0.336	0.691	1.671217726151844	0.22303303344012185	True	Both	Chronic thyroiditis	Endocrine/Metab
SS_823.1	337	35143	5.423488079814976e-13	12.26572131003401	0.114	0.8255014859549196	0.601	1.05	2.2830253834648886	0.3585107401531563	True	Both	Nonspecific elevation of levels of transaminase or lactic acid dehydrogenase [LDH]	Symptoms
MS_734.62	243	35338	8.417872723459622e-16	15.074797644983462	0.131	1.0561342960267937	0.799	1.313	2.8752346721873048	0.4586732969132119	True	Both	Arthralgia of temporomandibular joint	Muscloskeletal
GU_616.3	57	22491	0.06475766448512787	1.1887088226659117	0.29	0.5356378592789703	-0.033	1.104	1.7085377013827636	0.23262456658332734	True	Female	Malposition of uterus	Genitourinary
SO_365	56	35779	0.0040258042917379324	2.3951473414901354	0.279	0.8032183486534963	0.256	1.351	2.2327150333360053	0.34883329658365564	True	Both	Disorders of the orbit	Sense organs
NS_352.1	66	35726	0.007417933244922542	2.1297170792700437	0.262	0.7001674143299016	0.188	1.213	2.014089866752445	0.30407884445194405	True	Both	Anosmia and Parosmia*	Neurological
MS_719.8	162	35626	4.302405352025817e-8	7.3662886748749035	0.163	0.8923097145736366	0.573	1.212	2.440760606180114	0.387525185187996	True	Both	Rhabdomyolysis	Muscloskeletal
GU_588.2	93	35643	0.0002527790346101474	3.5972589491028737	0.217	0.795716994481921	0.37	1.222	2.2160293081165023	0.3455754998601386	True	Both	Abnormal results of function study of kidney	Genitourinary
MS_723.4	585	34903	1.4360372248897955e-39	38.84283430218655	0.086	1.1259438750890245	0.958	1.294	3.0831255613851902	0.4889912118839276	True	Both	Lateral epicondylitis (Tennis elbow)	Muscloskeletal
EM_247.3	311	35276	0.2519955892805156	0.5986070606783659	0.136	0.156340172189418	-0.111	0.424	1.1692238728926923	0.06789767408166845	True	Both	Disorders of phosphorus metabolism	Endocrine/Metab
MB_286.1	2436	32945	6.6482002416919e-309	308.1772959082143	0.043	1.6184181381403409	1.534	1.703	5.045103344527376	0.7028700668064848	True	Both	Bipolar disorder	Mental
SO_386.1	124	35710	9.129621265061323e-6	5.039547238446603	0.187	0.8308239850132079	0.464	1.198	2.295209179276417	0.3608222721241062	True	Both	Amblyopia	Sense organs
MB_280.8	3027	31777	7.963490690373253e-132	131.0988965233098	0.041	0.9962023101169343	0.916	1.076	2.7079782144088127	0.4326451661430566	True	Both	Psychoactive substance abuse	Mental
DE_668.4	145	35496	0.00001588695442218815	4.7989593503955446	0.175	0.7565232087477215	0.413	1.1	2.1308547892978775	0.32855385499087736	True	Both	Dermatitis due to substances taken internally	Dermatological
GI_522.12	375	35412	0.0007570258781343352	3.1208892743455685	0.117	0.39463541860536594	0.165	0.624	1.4838431107022991	0.17138798466389032	True	Both	Ulcerative colitis	Gastrointestinal
CM_769	128	35640	8.919015900258355e-6	5.049683061841931	0.185	0.8214636797204593	0.459	1.184	2.2738255553990667	0.3567571431865356	True	Both	Congenital malformations of spine	Congenital
NS_350	897	34275	1.2703149370842973e-67	66.89608859520015	0.069	1.202980085012835	1.067	1.339	3.330025910899013	0.522447612760579	True	Both	Other symptoms involving nervous  system	Neurological
GI_502.31	81	35712	0.00017874961768891235	3.7477548783983408	0.231	0.8640050552750466	0.412	1.316	2.3726442613374537	0.3752326278424668	True	Both	Pulpitis	Gastrointestinal
NS_333.61	236	35511	2.4977518950770706e-22	21.60245070285151	0.132	1.2785582241004654	1.021	1.536	3.5914579134971545	0.5552707815188533	True	Both	Periodic limb movement disorder	Neurological
MB_288.42	321	35471	1.6321990841115704e-65	64.78722687017903	0.117	2.0048574626660103	1.775	2.235	7.425035476565812	0.8706985330384029	True	Both	Social phobia	Mental
GI_522.8	114	35530	0.002166386025705444	2.6642641544067796	0.202	0.6194877584300174	0.224	1.015	1.8579760654694548	0.2690401150927712	True	Both	Duodenitis	Gastrointestinal
PP_904.2	93	22400	0.3634174118206942	0.4395942688923349	0.245	0.22254726087559223	-0.257	0.702	1.2492548591339936	0.09665104736095313	True	Female	Spotting complicating pregnancy	Pregnancy
PP_926	573	21754	2.9108248280198935e-46	45.53598392939919	0.087	1.2377620028195302	1.068	1.408	3.4478884590665353	0.5375532077340393	True	Female	Mental disorders complicating pregnancy, childbirth and the puerperium	Pregnancy
SO_380	521	35126	0.00010388251753021895	3.9834575340501117	0.1	0.38863039122212967	0.192	0.585	1.4749592926714956	0.16878003440767284	True	Both	Disorders of optic nerve and visual pathways	Sense organs
NS_346.1	250	35480	7.381596351045738e-33	32.13184970708217	0.127	1.5215237404799151	1.272	1.771	4.579197390314299	0.6607893645752225	True	Both	Postconcussion syndrome	Neurological
RE_481.4	189	35515	0.05714757578402836	1.2430021877700055	0.169	0.32056687744528267	-0.01	0.651	1.3779086483166783	0.13922042595544223	True	Both	Pulmonary fibrosis	Respiratory
SS_825	179	35501	0.00008220161487264216	4.085119650545248	0.161	0.6342695830067923	0.319	0.95	1.8856443316691551	0.2754597799389264	True	Both	Elevated C-reactive protein (CRP)	Symptoms
PP_920	208	22275	0.07306010045745401	1.1363197349698735	0.161	0.28918771250485253	-0.027	0.605	1.3353423654641858	0.12559262777508146	True	Female	Problems associated with amniotic cavity and membranes	Pregnancy
SO_379.2	143	35532	0.0026290600629129217	2.5801994919865696	0.183	0.5503385038528303	0.192	0.909	1.7338398300053546	0.2390089754021757	True	Both	Eye infection, viral	Sense organs
ID_052.31	208	35610	3.700968854781291e-11	10.431684569661316	0.143	0.9450627152908959	0.665	1.225	2.572974738387596	0.4104355223033401	True	Both	Varicella [chickenpox]	Infections
GI_558	578	34502	8.594324829565088e-21	20.065788235825295	0.089	0.8277096173349046	0.654	1.001	2.28807217339241	0.35946971942680117	True	Both	Abnormal findings on diagnostic imaging of the digestive tract	Gastrointestinal
SO_374.9	89	35776	0.007290263238557843	2.137256789790521	0.23	0.616479061758533	0.166	1.067	1.852394380075282	0.2677334547306249	True	Both	Retinal occlusions	Sense organs
DE_664.41	87	35775	5.6543793427444406e-6	5.2476150587870265	0.219	0.9947340821636745	0.565	1.424	2.70400520245492	0.4320075228447797	True	Both	Psoriasis vulgaris*	Dermatological
NS_333	8475	25351	0.0	inf	0.031	1.5884451423679382	1.529	1.648	4.896130221416896	0.6898529601364208	True	Both	Sleep disorders	Neurological
NS_333.4	228	35501	3.621465271877969e-31	30.44111567511992	0.133	1.5495455988862439	1.288	1.811	4.709329771631735	0.6729591030537654	True	Both	Circadian rhythm sleep disorder	Neurological
EM_256.32	67	35686	0.0005706982174645041	3.243593483937004	0.253	0.8716536866387212	0.376	1.368	2.390861321628457	0.3785543862378229	True	Both	Alkalosis	Endocrine/Metab
DE_674	1910	32675	7.68755082124679e-35	34.11421200015128	0.053	0.6489294070062105	0.546	0.752	1.9134911617984884	0.2818264606075466	True	Both	Disorders of pigmentation	Dermatological
CV_439	2206	31514	4.4694543971759605e-61	60.349745489565606	0.049	0.8108249911798324	0.714	0.907	2.249763256123793	0.35213681945865405	True	Both	Hemorrhoids	Cardiovascular
GI_514	822	34383	2.919606979524565e-24	23.534675606809	0.075	0.7655569413334271	0.618	0.913	2.1501915718011095	0.3324771552038389	True	Both	Gastrointestinal obstruction	Gastrointestinal
MS_724.1	3415	30710	3.678158516104667e-195	194.4343695580816	0.039	1.1719655889430303	1.095	1.249	3.2283319798619075	0.5089781882584528	True	Both	Myalgia	Muscloskeletal
ID_091	130	35657	0.2636246935776613	0.5790139120513502	0.207	0.23086901578402277	-0.174	0.636	1.259694228581656	0.10026513959743581	True	Both	Gangrene	Infections
MB_305.1	85	35787	2.3472287162970062e-17	16.62944459025393	0.224	1.901223330981397	1.462	2.341	6.694078508979387	0.8256908015109405	True	Both	Tics and tic disorders	Mental
PP_911	338	22023	3.115633656714649e-6	5.5064536133295965	0.121	0.5635646980071263	0.327	0.8	1.756924255258141	0.24475303853996747	True	Female	Excessive vomiting in pregnancy	Pregnancy
NS_333.12	104	35735	2.8579524237100953e-13	12.543945005178413	0.197	1.4384532571282496	1.052	1.825	4.214172532050565	0.6247123120465583	True	Both	Central sleep apnea	Neurological
RE_479.32	185	35650	0.9958758148542933	0.0017948144739693222	0.185	0.0009546819006856379	-0.361	0.363	1.000955137754505	0.00041461308144067146	True	Both	Chronic respiratory failure	Respiratory
MS_716	3002	31601	1.0965866152798417e-150	149.95995705933305	0.042	1.1072826755127432	1.024	1.19	3.0261242505544037	0.4808867558822533	True	Both	Intervertebral disc disorder	Muscloskeletal
GU_627	1559	20352	1.3430445040291554e-48	47.87190959601777	0.063	0.9225990269495512	0.799	1.046	2.515820585685437	0.4006796664134996	True	Female	Menopausal and postmenopausal disorders	Genitourinary
NS_333.1	4879	29951	5.105154108816912e-263	262.29199114337166	0.035	1.2113857952951521	1.143	1.28	3.3581351173547747	0.5260981663526667	True	Both	Sleep apnea	Neurological
SO_380.3	176	35650	0.03963841613049859	1.401883707353442	0.172	0.3543395244975382	0.017	0.692	1.4252390078986572	0.15388770020950296	True	Both	Optic atrophy	Sense organs
NS_333.64	925	34625	6.173510637854076e-70	69.20946779916599	0.068	1.2102317627196792	1.076	1.344	3.354261955343927	0.5255969763732022	True	Both	Restless legs syndrome	Neurological
CV_401.1	8575	25664	5.30661238471989e-121	120.27518263374336	0.033	0.7754028470815155	0.71	0.84	2.1714667200388007	0.3367531777395732	True	Both	Essential hypertension	Cardiovascular
GU_612	2324	18987	2.667631500596622e-68	67.57387416287787	0.049	0.8527539004089278	0.757	0.948	2.346098886400778	0.37034631336907253	True	Female	Other nonmalignant breast conditions	Genitourinary
MS_730.1	612	35194	7.216224669708043e-37	36.14168995394512	0.083	1.0569191916892187	0.894	1.22	2.8774923173019835	0.45901417276827294	True	Both	Segmental and somatic dysfunction	Muscloskeletal
DE_660.123	491	34921	6.4795842530043e-33	32.18845285870016	0.093	1.112253801606957	0.93	1.295	3.041204948750538	0.4830456885138157	True	Both	Dermatophytosis of foot [Athelet's foot]	Dermatological
NS_344.1	98	35768	0.0094904298429294	2.022714116952611	0.22	0.5695829579549504	0.139	1.0	1.767529763477136	0.24736673562596684	True	Both	Hydrocephalus	Neurological
GI_502.12	68	35778	0.000025901458790113408	4.586675775430126	0.247	1.0400600779154217	0.555	1.525	2.829386992917985	0.4516923526865338	True	Both	Dental abrasion and erosion	Gastrointestinal
GU_599.7	50	35806	8.040647898976579e-7	6.09470895527971	0.284	1.4003068859019825	0.844	1.957	4.056444641521006	0.6081455535183574	True	Both	Urethral discharge	Genitourinary
SS_826.3	105	35680	0.001671746309632322	2.7768296268288775	0.209	0.6571477606545584	0.247	1.067	1.9292817061318464	0.2853956462473536	True	Both	Raised antibody titer*	Symptoms
CA_142.2	850	34505	1.030791419739178e-6	5.986829205153571	0.083	0.40369000257372184	0.242	0.566	1.497339703550361	0.1753203405172769	True	Both	Abnormal mammogram	Neoplasms
DE_684.14	93	35714	0.00024876014213401636	3.6042192037157204	0.217	0.7955547428243875	0.37	1.221	2.215669782855691	0.34550503486059214	True	Both	Androgenic alopecia*	Dermatological
ID_004.2	50	35795	0.0020475280774092785	2.6887701341192853	0.292	0.8994062640845539	0.328	1.471	2.458143189898843	0.3906071774811406	True	Both	Group A Streptococcus	Infections
GI_532.1	146	35702	0.008509671948595369	2.070087181826215	0.183	0.4823791738378414	0.123	0.842	1.6199239016289388	0.20949461338282396	True	Both	Intestinal fistula	Gastrointestinal
CV_416.42	177	35606	0.024753450923241882	1.6063642467325479	0.172	0.3862816058051706	0.049	0.723	1.4714989951332706	0.16775996986191272	True	Both	Left bundle branch block	Cardiovascular
NS_351	3906	29905	1.50648404077347e-183	182.82203546474784	0.037	1.0773360958222882	1.004	1.15	2.936845645926432	0.46788112157081263	True	Both	Disturbances of skin sensation	Neurological
PP_928	409	21975	0.021868945752458596	1.660172152715706	0.117	0.26768502550149387	0.039	0.497	1.3069354238485866	0.11625412946343	True	Female	Poor fetal growth and uterine size date discrepancy	Pregnancy
GI_504.3	298	35305	1.091142429210072e-21	20.962118556301935	0.118	1.1302093001425044	0.899	1.362	3.0963044892810783	0.4908436624476258	True	Both	Periodontitis	Gastrointestinal
MS_721.5	1006	34031	4.227919162079673e-50	49.373873325006606	0.068	1.008663747103976	0.876	1.141	2.741934647851692	0.4380570994631139	True	Both	Bursitis	Muscloskeletal
RE_499.3	468	34888	1.2167901120822735e-38	37.914784328118074	0.094	1.2226742260370762	1.038	1.407	3.396257961765717	0.5310006695332314	True	Both	Bronchospasm	Respiratory
GE_976	57	35832	0.26297355202069206	0.5800879275142408	0.382	-0.4271628105136815	-1.175	0.321	0.6523573329488461	-0.18551445148037624	True	Both	Genetic diseases primary affecting the kidneys	Genetic
ID_097.1	442	35170	7.459222350237838e-19	18.12730644687112	0.099	0.8816231390388731	0.687	1.076	2.414816109422969	0.382884064402806	True	Both	Methicillin resistant Staphylococcus aureus	Infections
CV_410.2	160	35644	8.967417223446188e-10	9.047332623524756	0.162	0.9931040429086194	0.675	1.311	2.6996011581867037	0.43129960579102367	True	Both	Endocarditis	Cardiovascular
BI_180.3	154	35697	5.698274188349081e-7	6.244256657303971	0.169	0.8466161086041091	0.515	1.178	2.3317431212993167	0.36768070425716876	True	Both	Paraproteinemias	Blood/Immune
SO_374.511	102	35774	0.0019118848204410358	2.718538274901767	0.217	0.6726575924946263	0.248	1.097	1.959437794381153	0.2921314806307424	True	Both	Nonexuadative (dry) age-related macular degeneration	Sense organs
DE_688.1	115	35758	0.6335913118425813	0.19819078666587187	0.227	0.10811574009287642	-0.336	0.553	1.1141766928380386	0.046954069329222435	True	Both	Sarcoidosis	Dermatological
RE_481	331	35315	0.00030703861324895524	3.5128070041109702	0.124	0.4485221697451421	0.205	0.692	1.5659961980330623	0.19479070333158885	True	Both	Interstitial pulmonary diseases	Respiratory
MS_715	3576	30951	6.344604636798283e-167	166.1975954357295	0.041	1.121652615967431	1.042	1.201	3.069923417865957	0.4871275417270025	True	Both	Other non-inflammatory spondylopathy	Muscloskeletal
MB_283.3	303	35225	1.0480404236804727e-22	21.979621965975582	0.117	1.1474374038477109	0.918	1.377	3.1501100976060328	0.4983257328204539	True	Both	High risk sexual behavior	Mental
RE_483	625	34786	6.548303587704253e-8	7.1838711943473905	0.091	0.48900223278233684	0.312	0.666	1.6306883605896525	0.21237097133573832	True	Both	Pleural effusion	Respiratory
GU_626.1	4029	16975	9.43322917662025e-129	128.02533961441821	0.039	0.9533451344818133	0.876	1.031	2.5943736889501703	0.414032531254765	True	Female	Irregular menstrual cycle/bleeding	Genitourinary
RE_465.11	674	34199	1.394975739325808e-27	26.85543334534275	0.082	0.8888608708647964	0.729	1.049	2.432357303486956	0.38602737139629995	True	Both	Streptococcal tonsillitis/pharyngitis	Respiratory
GU_588	331	35342	0.0009672640355914271	3.0144549596830355	0.125	0.4118455669516056	0.167	0.656	1.5096012859976933	0.17886225712339854	True	Both	Disorders and findings from impaired renal function	Genitourinary
MS_740.1	53	35784	0.000013664468829879465	4.864407245693667	0.276	1.2016766867365423	0.66	1.743	3.3256883882405814	0.5218815540814629	True	Both	Dislocation of jaw	Muscloskeletal
NS_329.8	716	34406	1.3074635895079188e-51	50.88357039660675	0.077	1.1643968561138638	1.013	1.315	3.203989833428564	0.5056911293557458	True	Both	Altered mental status, unspecified	Neurological
BI_160.2	264	35460	4.042048982605497e-15	14.39339842789484	0.127	0.997941396176831	0.749	1.247	2.7126917189790722	0.4334004416224245	True	Both	Megaloblastic anemia	Blood/Immune
GU_605	1114	11649	8.519713497040885e-62	61.06957500954625	0.071	1.1736013540263905	1.035	1.312	3.233617094016198	0.5096885920078461	True	Male	Male sexual dysfuction	Genitourinary
MS_706	576	34918	8.321564799523933e-34	33.079795000644424	0.086	1.0468018861724167	0.878	1.216	2.848526622872255	0.45462028281059647	True	Both	Inflammatory spondylopathies	Muscloskeletal
RE_462.1	2947	30569	2.635260099393955e-152	151.57917651359875	0.041	1.0895102611561498	1.008	1.171	2.9728178116403514	0.47316829439708674	True	Both	Acute sinusitis	Respiratory
CV_448.9	452	35157	5.889692756191366e-7	6.229907360182511	0.107	0.5348060600026053	0.325	0.745	1.70711713185537	0.23226332074755088	True	Both	Peripheral vascular disease NOS [includes PAD]	Cardiovascular
CV_448.1	461	35217	2.2748152678028647e-34	33.64305386557009	0.095	1.1641978737029577	0.978	1.351	3.203352359232169	0.5056047123926934	True	Both	Raynaud's syndrome	Cardiovascular
RE_469.1	1529	32590	1.4995995614595294e-77	76.82402469525485	0.055	1.0285817754781523	0.92	1.137	2.7970961100907705	0.44670738927641107	True	Both	Acute bronchitis	Respiratory
RE_487.3	220	35446	2.3505384894808934e-9	8.628832632953795	0.141	0.8418040718020947	0.566	1.118	2.3205496409059743	0.3655908632273385	True	Both	Hemoptysis	Respiratory
EM_200.12	3120	32106	3.635402299824577e-64	63.439447522376796	0.043	0.7254276932082577	0.641	0.809	2.0656143603035804	0.3150492441801514	True	Both	Hypothyroidism (not specified as secondary)	Endocrine/Metab
PP_930	239	22177	0.8186966309241462	0.08687699680240756	0.161	0.03696350225658656	-0.279	0.353	1.03765514807568	0.016053045061853916	True	Female	Maternal care for abnormality of pelvic organs	Pregnancy
BI_175.2	166	35653	9.239714392000906e-7	6.034341453010958	0.163	0.7996116915554752	0.48	1.119	2.2246768999219504	0.34726694530786795	True	Both	Secondary polycythemia	Blood/Immune
CA_114.6	110	35719	0.46304540104703384	0.3343764248405071	0.228	0.16749846049118447	-0.28	0.615	1.1823434699553257	0.07274365711861124	True	Both	Pheochromocytoma	Neoplasms
ID_097	526	35005	7.153391768655917e-19	18.145487989368227	0.092	0.8176405754132589	0.637	0.998	2.2651490792291433	0.3550967900821779	True	Both	Drug resistant microorganisms	Infections
CM_764	122	35667	0.20296996529788902	0.6925682225322939	0.211	0.2682260647579541	-0.145	0.681	1.3076427185383903	0.11648909982700374	True	Both	Congenital malformations of circulatory system (other than heart)	Congenital
MS_700.1	368	35457	8.161895281688157e-8	7.088208981588812	0.114	0.6088919877149482	0.386	0.831	1.8383933075055905	0.2644384303397046	True	Both	Lupus	Muscloskeletal
RE_488.1	5016	28101	5.930001663429798e-208	207.2269451848114	0.035	1.0717857564222182	1.004	1.14	2.920590308875271	0.4654706397966721	True	Both	Dyspnea [Shortness of breath]	Respiratory
CM_766.1	133	35689	1.0156738396362765e-13	12.993245733378393	0.174	1.2967626484946935	0.955	1.638	3.657437071727036	0.5631768625794915	True	Both	Congenital talipes varus	Congenital
MS_710.4	1114	34309	4.637336649027448e-75	74.3337313752045	0.063	1.148320833220355	1.026	1.271	3.1528942270030917	0.4987094013221445	True	Both	Acquired deformities of the ankle and foot	Muscloskeletal
SO_374.11	71	35803	0.00428282492360975	2.3682696786420196	0.252	0.7188135646807722	0.226	1.212	2.0519972038897603	0.3121767646580656	True	Both	Serous retinal detachment	Sense organs
MB_288.2	1289	33842	9.870837959424159e-135	134.00564597745128	0.058	1.4219567620774667	1.309	1.535	4.1452237261545	0.6175479752752588	True	Both	Panic disorder [episodic paroxysmal anxiety]	Mental
RE_479.6	648	34429	2.3949779253526578e-20	19.620698485147837	0.085	0.782474262463	0.617	0.948	2.1868764834085175	0.3398242544189977	True	Both	Pulmonary collapse [Atelectasis]	Respiratory
RE_480	227	35387	0.00028609444445411666	3.5434905754920005	0.146	0.5312909131766854	0.244	0.818	1.7011268989300523	0.23073671187797415	True	Both	Pulmonary edema	Respiratory
NS_329.5	298	35448	1.1378929411526875e-46	45.9438985966877	0.119	1.7102449075032722	1.477	1.944	5.530315727601399	0.7427499260318084	True	Both	Mild cognitive impairment	Neurological
NS_336.41	1507	33620	1.6641772651786286e-99	98.77880041531176	0.055	1.1699460876756909	1.062	1.278	3.2218189380987887	0.5081011300018505	True	Both	Carpal tunnel syndrome	Neurological
MB_304	6858	28902	0.0	inf	0.153	9.871207041597168	9.572	10.171	19364.698869780983	4.287010747890173	False	Both	Attention-deficit hyperactivity disorders	Mental
RE_479.3	914	34506	1.3724957327119e-9	8.862488997160243	0.075	0.45727864435013527	0.309	0.605	1.5797690166373963	0.19859359193346335	True	Both	Respiratory failure	Respiratory
GU_623.5	92	22530	2.037708372822974e-8	7.690857970052971	0.211	1.1806545328151077	0.768	1.593	3.2565049948586635	0.512751748635663	True	Female	Pelvic muscle wasting	Genitourinary
CM_750.2	79	35785	1.0894877713327096e-6	5.962777640013899	0.228	1.1096972936248137	0.664	1.556	3.0334400138119273	0.48193541120422917	True	Both	Neural tube defects and congenital disorders of the spinal cord	Congenital
SO_386.2	322	35321	1.906297088145566e-14	13.7198094155089	0.116	0.891325166560686	0.663	1.119	2.4383587427441658	0.3870976014188028	True	Both	Diplopia	Sense organs
MB_282.1	4788	29616	5.964266194856069e-114	113.22444298152065	0.035	0.7839546205098306	0.716	0.852	2.1901162410171287	0.34046716574997726	True	Both	Current tobacco use and nicotine dependence	Mental
SO_394.21	441	35032	8.98788034809572e-15	14.046342717795818	0.102	0.7909758344934885	0.591	0.991	2.2055476259282205	0.34351644023934186	True	Both	Paroxysmal vertigo	Sense organs
SO_371.1	144	35644	0.00036879387347118933	3.433216302205599	0.182	0.6483164201484867	0.292	1.005	1.9123185762904051	0.28156024379775796	True	Both	Cortical age-related cataract	Sense organs
GI_550.21	99	35627	0.00018892899435814182	3.723701387110125	0.211	0.7866082338676367	0.374	1.2	2.1959356805858494	0.3416196153883772	True	Both	Acute cholecystitis	Gastrointestinal
NS_324.33	72	35680	0.00029685920536778117	3.527449479402751	0.244	0.882145058295833	0.404	1.36	2.4160767774073255	0.3831107310561027	True	Both	Fasciculation*	Neurological
MS_712.51	326	35480	3.499203712288908e-27	26.456030773565203	0.113	1.2163497400373073	0.996	1.437	3.3748461565371968	0.5282539801626575	True	Both	Hypermobility syndrome	Muscloskeletal
ID_015	239	35538	0.000013004694372926333	4.8858998498280695	0.14	0.6109226659633101	0.336	0.886	1.8421302858232012	0.2653203426974891	True	Both	Clostridium	Infections
CA_142.1	1951	33089	3.0273427013187605e-31	30.518938413246516	0.053	0.6204002803695008	0.516	0.725	1.859672283192471	0.26943641833570453	True	Both	Lump or mass in breast	Neoplasms
RE_468.5	70	35787	0.00017218571836812683	3.7640028731560737	0.246	0.9239716502772256	0.442	1.406	2.5192762308165886	0.40127578915044027	True	Both	Pneumonia due to fungus	Respiratory
DE_680	1090	33478	2.7811415772680477e-45	44.55577690230404	0.065	0.92387001877989	0.796	1.052	2.519020206011361	0.4012316511519598	True	Both	Epidermal thickening	Dermatological
EM_214.12	76	22568	0.005653936166756648	2.2476490990268747	0.245	0.6773855568561213	0.198	1.157	1.968723881287376	0.29418480946357495	True	Female	Postablative ovarian failure	Endocrine/Metab
EM_230.1	627	34880	4.653744661873244e-7	6.332197448935318	0.09	0.454412998280926	0.278	0.631	1.5752484380472993	0.197349057658518	True	Both	Protein-calorie malnutrition	Endocrine/Metab
SS_826.1	271	35417	0.06907274658360003	1.1606932745225094	0.142	0.2584674892167364	-0.02	0.537	1.2949440495231848	0.11225100431821686	True	Both	Nonspecific reaction to test for tuberculosis	Symptoms
NS_324.341	208	35585	6.118085122768004e-15	14.213384484838876	0.142	1.1080666833738944	0.83	1.386	3.028497686030121	0.48122724617012	True	Both	Essential tremor*	Neurological
NS_348	502	35076	3.886644859493609e-35	34.41042514102775	0.092	1.1362472707772138	0.956	1.316	3.11505643975654	0.49346591977617393	True	Both	Other diseases of spinal cord	Neurological
EM_200.22	1083	34456	2.4287771239111677e-17	16.614612336284424	0.069	0.5821603473511617	0.447	0.717	1.7899010649565306	0.2528290264374899	True	Both	Uninodular goiter [single thyroid nodule]	Endocrine/Metab
CV_452	85	35537	0.16570083398644064	0.7806753057339664	0.248	0.3438680754005462	-0.142	0.83	1.410392557760577	0.1493400076491485	True	Both	Hemorrhage, NOS	Cardiovascular
GU_594.3	2081	32890	7.300992347606237e-102	101.13661810675633	0.049	1.0600906631862383	0.963	1.157	2.886632688721585	0.460391525338942	True	Both	Urinary incontinence and enuresis	Genitourinary
GU_612.5	954	20987	2.2552901559942637e-27	26.646797575719194	0.071	0.771075927070998	0.632	0.911	2.16209125530614	0.3348740202553687	True	Female	Mastodynia	Genitourinary
DE_676.2	569	34606	8.428587508951836e-18	17.074245199807763	0.09	0.7729349964516362	0.597	0.949	2.1661144715173273	0.33568140382885514	True	Both	Scar conditions and fibrosis of skin	Dermatological
SO_367.2	337	35316	1.0906297951440203e-14	13.96232264190513	0.114	0.8790118768943314	0.656	1.102	2.4085186173101696	0.38175000766262857	True	Both	Keratitis	Sense organs
MS_708	5047	29158	3.7318474338645875e-182	181.42807611947674	0.04	1.1458689381518548	1.068	1.224	3.1451731307234794	0.4976445568236891	True	Both	Osteoarthritis	Muscloskeletal
MB_296.3	59	35818	2.17864426721878e-9	8.661813676314623	0.262	1.5671585441171931	1.054	2.08	4.793009700752794	0.6806083079776308	True	Both	Antisocial personality disorder	Mental
CA_135	323	35371	1.6236309082262134e-12	11.78951268983546	0.117	0.8265425918817216	0.597	1.056	2.2854034924395243	0.3589628867122432	True	Both	Benign neoplasm of the head and neck	Neoplasms
NS_346.6	67	35767	0.27237780023428726	0.5648282918717177	0.281	0.3085649048174198	-0.242	0.86	1.3614698726334737	0.13400803547120757	True	Both	Cerebral edema	Neurological
GI_557.2	883	34060	3.0362809140472523e-40	39.517658050373136	0.071	0.9411817657411906	0.802	1.08	2.5630085049688858	0.4087500473293581	True	Both	Blood in stool	Gastrointestinal
ID_020.1	168	35583	1.157040649825431e-9	8.93665138289375	0.159	0.9661668750437339	0.655	1.277	2.6278522433332507	0.41960094242920226	True	Both	Lyme disease	Infections
MS_709.1	111	35731	5.17393364660478e-9	8.286179145217114	0.192	1.123817268743308	0.747	1.501	3.0765759337099614	0.48806763848280244	True	Both	Acquired deformities of fingers	Muscloskeletal
ID_089	12525	19207	0.0	inf	0.03	1.2348261834167764	1.177	1.293	3.4377809254363147	0.5362781975675588	True	Both	Infections	Infections
MB_299	1176	33801	5.987574517728096e-185	184.2227490685775	0.061	1.755308543787059	1.637	1.874	5.785232464143649	0.7623208146043523	True	Both	Mental disorder, not otherwise specified	Mental
CV_442	64	35736	0.01116138588729821	1.952281876559974	0.267	0.6777516437957037	0.154	1.201	1.9694447373278994	0.29434379900133245	True	Both	Disease of capillaries	Cardiovascular
GU_602.51	107	12986	2.9975646977297e-6	5.523231434563134	0.202	0.9417409612063229	0.547	1.337	2.5644421285024914	0.4089929028341704	True	Male	Prostatitis	Genitourinary
RE_469	2763	30752	5.816547037869069e-129	128.23533475545787	0.043	1.04283813503641	0.958	1.127	2.8372581197594946	0.4528988475645911	True	Both	Bronchitis	Respiratory
GU_619.2	2104	19568	2.6797937541888933e-69	68.57189862942809	0.05	0.8737374418310881	0.776	0.971	2.3958484855314315	0.37945934961950506	True	Female	Ovarian cyst	Genitourinary
GU_602.5	138	12947	2.706065507838091e-7	6.567661694305931	0.179	0.9193145436071245	0.569	1.27	2.507570970157897	0.39925323342198055	True	Male	Inflammatory diseases of prostate	Genitourinary
RE_489	82	35722	0.003830008999473019	2.416800205556996	0.236	0.681318715514273	0.22	1.143	1.97648243247106	0.2958929585652602	True	Both	Disorders of diaphragm	Respiratory
GU_614.51	139	22103	1.0377608506636595e-6	5.983902717011147	0.177	0.8636069515553718	0.517	1.21	2.3716998908227303	0.3750597335937869	True	Female	Cervicitis and endocervicitis	Genitourinary
ID_004	982	33568	6.148706855159613e-35	34.21121621182141	0.068	0.8437890083527817	0.71	0.978	2.325160359183667	0.36645291021822995	True	Both	Streptococcus	Infections
MS_741.14	196	35540	2.6913277907626203e-7	6.570033404038613	0.152	0.7820676170104256	0.484	1.08	2.185987380818212	0.33964765054285356	True	Both	Rotator cuff (capsule) sprain	Muscloskeletal
MB_287.1	387	35348	1.4591978010799077e-28	27.835885833469867	0.104	1.1480724936024618	0.945	1.351	3.152111335670991	0.4986015487964556	True	Both	Schizophrenia	Mental
SS_807.21	964	34364	2.4881313982655178e-39	38.60412668827591	0.069	0.9011504641197428	0.767	1.036	2.4624344246351413	0.3913646739317586	True	Both	Muscle weakness (generalized)	Symptoms
SS_809.33	1816	32546	1.2084448054821344e-107	106.91777318077304	0.051	1.1168273768460646	1.018	1.216	3.0551459842876008	0.48503196700272944	True	Both	Pain in hand and fingers*	Symptoms
GI_520.13	465	35046	1.2020359963570652e-10	9.920082526688383	0.101	0.6487322006091191	0.451	0.846	1.913113846306341	0.2817408149574938	True	Both	Umbilical hernia	Gastrointestinal
EM_248	179	35406	2.6511273959071162e-8	7.576569402402659	0.156	0.8654328032334719	0.561	1.17	2.3760342187641865	0.37585269090235957	True	Both	Disorders of plasma-protein metabolism, NEC	Endocrine/Metab
GU_612.22	370	35280	2.6266489525688276e-16	15.580597966098464	0.108	0.888330885708177	0.676	1.101	2.431068531765621	0.38579720176728954	True	Both	Hypertrophy of breast (Gynecomastia)	Genitourinary
GI_502.16	276	35464	2.410255520162132e-25	24.617936913809366	0.122	1.2705424806422672	1.031	1.51	3.5627847799885117	0.5517895883666057	True	Both	Loss of teeth and edentulism	Gastrointestinal
MB_283.4	722	34447	2.075635837668396e-27	26.682848839438247	0.079	0.8553800876725183	0.701	1.01	2.3522682788595315	0.37148685200609444	True	Both	Patient's noncompliance with medical treatment and regimen	Mental
NS_328.3	59	35751	9.801074219371533e-9	8.008726322064826	0.262	1.4995914207855852	0.987	2.012	4.479858319367319	0.651264279156637	True	Both	Cerebral degeneration	Neurological
PP_927.3	124	22498	3.4299262205187244e-10	9.46471522175496	0.182	1.1440780853306183	0.787	1.501	3.1395456290666774	0.49686679932552524	True	Female	Other drug use during pregnancy	Pregnancy
NS_356	488	34961	1.1247598334071316e-24	23.948940201251272	0.094	0.9670020812432916	0.782	1.152	2.6300479586282792	0.41996366787292155	True	Both	Speech disturbance	Neurological
BI_160.21	149	35660	1.7867693733379217e-8	7.7479315002926175	0.169	0.9522123414051008	0.621	1.284	2.5914364643448633	0.4135405654724106	True	Both	Vitamin B12 deficiency anemia due to intrinsic factor deficiency [Pernicious anemia]	Blood/Immune
BI_181	4497	30229	7.947694913413306e-75	74.0997588124183	0.036	0.6632852667538254	0.592	0.734	1.9411590958623177	0.28806113127891275	True	Both	Autoimmune disease	Blood/Immune
GI_522.92	71	35618	0.009421218343931724	2.02589293098287	0.254	0.659884896053323	0.162	1.158	1.9345696449848027	0.2865843690472591	True	Both	Atrophic gastritis	Gastrointestinal
MB_293.1	82	35788	2.9767174784894676e-10	9.526262382469666	0.221	1.395125925304338	0.961	1.829	4.0354827100262645	0.6058954909198423	True	Both	Anorexia nervosa	Mental
MS_712.5	372	35361	5.76134340045471e-30	29.23947623821248	0.106	1.2006502764163656	0.994	1.408	3.322276618594517	0.5214357897432416	True	Both	Disorder of ligament	Muscloskeletal
GI_522.1	756	34914	0.000052092819302149665	4.283222137590668	0.084	0.34074424842447754	0.176	0.506	1.4059936097951438	0.1479833468310214	True	Both	Inflammatory bowel disease	Gastrointestinal
CA_138	4098	29933	8.663994513127348e-83	82.06228183141958	0.038	0.7332117284418013	0.659	0.808	2.081755916983108	0.31842980772901985	True	Both	Benign neoplasm of the skin	Neoplasms
NS_334.4	61	35815	0.014029092339917473	1.8529704262287179	0.273	0.6709884915535655	0.136	1.206	1.956170022793557	0.29140659930230023	True	Both	Disorders of oculomotor nerves	Neurological
ID_015.2	225	35565	0.00003590367514270807	4.4448610942487985	0.145	0.598055473197899	0.314	0.882	1.818579084198401	0.2597321918818856	True	Both	Clostridium difficile	Infections
RE_468.1	170	35475	0.1171464610095207	0.9312708268899142	0.178	0.2796722924483314	-0.07	0.63	1.3226962837452727	0.12146013335154282	True	Both	Viral pneumonia	Respiratory
SO_396.3	205	35579	4.949729987034243e-7	6.305418491640063	0.148	0.746097208894048	0.455	1.037	2.108753909659879	0.3240259007861028	True	Both	Mixed conductive and sensorineural hearing loss	Sense organs
GI_529.1	3983	29282	4.922343869325033e-177	176.30782805025657	0.037	1.0417710060404834	0.97	1.114	2.834232014260601	0.4524353993301812	True	Both	Diarrhea	Gastrointestinal
CM_766	281	35438	1.3147079343082186e-24	23.88117071607646	0.121	1.2364223375747982	1.0	1.473	3.4432725353168725	0.5369713985106546	True	Both	Congenital deformities of feet	Congenital
MS_720	65	35748	2.220417089439607e-6	5.653565438779936	0.25	1.1848234422713015	0.694	1.676	3.2701094074044277	0.5145622830080423	True	Both	Spontaneous rupture of synovium and tendon	Muscloskeletal
EM_256.31	796	34403	2.5780006450012886e-6	5.588716978324561	0.082	0.3833838407879328	0.224	0.543	1.4672411089785165	0.16650148650507404	True	Both	Acidosis	Endocrine/Metab
SO_374.6	198	35603	0.00007030776520740318	4.152996706267715	0.154	0.6125454899332645	0.311	0.915	1.8451221659976378	0.26602512619274066	True	Both	Peripheral retinal degeneration	Sense organs
SS_834	1594	33421	6.456741884916524e-47	46.189986574628236	0.056	0.8027890258967242	0.693	0.912	2.2317566836981815	0.3486468440794341	True	Both	Abnormal cytological findings in specimens from genital organs	Symptoms
SS_840.613	261	35374	1.0565370192284862e-11	10.97611528141811	0.129	0.8771660186846857	0.624	1.13	2.4040769340672017	0.38094836162780366	True	Both	Allergy to sulfonamides	Symptoms
EM_200.23	655	34977	3.3482975577554016e-10	9.475175953919841	0.088	0.5536203457085105	0.381	0.726	1.739539365502024	0.24043426121057673	True	Both	Multinodular goiter	Endocrine/Metab
NS_329.41	698	34516	9.320359027356446e-203	202.03056735796827	0.093	2.8266064506386583	2.644	3.009	16.888053029967743	1.2275795840245056	True	Both	Attention and concentration deficit	Neurological
ID_059.1	1465	32372	8.276351293823098e-39	38.08216108377104	0.058	0.7499054595668824	0.637	0.863	2.1167998839746565	0.32567980303901917	True	Both	Sars-CoV-2*	Infections
DE_672.1	256	35288	9.606324483600666e-9	8.017442747797288	0.133	0.7609349532443371	0.501	1.021	2.140276343651579	0.33046985128132456	True	Both	Acute skin changes due to ultraviolet radiation	Dermatological
PP_900.2	135	22477	0.0013349395610714639	2.8745383963872992	0.187	0.599111657764315	0.233	0.965	1.82050085405312	0.2601908870109515	True	Female	Recurrent pregnancy loss	Pregnancy
RE_478	183	35496	0.000034037114013352056	4.468047270597165	0.159	0.659004979504527	0.347	0.971	1.9328681338430713	0.2862022261455816	True	Both	Aspiration pneumonia	Respiratory
NS_330.11	157	35625	9.508163300991914e-9	8.02190336795031	0.164	0.9429048877669454	0.621	1.265	2.567428688540147	0.40949838971678937	True	Both	Generalized epilepsy	Neurological
ID_089.1	3955	29005	3.648782487418587e-132	131.43785202518822	0.037	0.9071673773728671	0.834	0.98	2.4772953425522353	0.3939777861556811	True	Both	Bacterial infections	Infections
GI_525	630	34917	1.2292137964765085e-23	22.910372573944464	0.084	0.8448341938924205	0.68	1.01	2.3275918536284945	0.3669068285306602	True	Both	Intestinal malabsorption	Gastrointestinal
RE_463.3	52	35766	5.168173720715934e-7	6.2866628965841205	0.278	1.3954571214685392	0.851	1.94	4.036819467772824	0.6060393275863823	True	Both	Vasomotor rhinitis*	Respiratory
GI_507	704	34321	2.9393090420776786e-53	52.53175474934318	0.077	1.1895423850554403	1.038	1.341	3.285577334022345	0.5166116938196109	True	Both	Lesions of mouth	Gastrointestinal
NS_338	100	35744	0.00001246676063380984	4.904246379049292	0.207	0.9027012782611867	0.498	1.308	2.466256165402109	0.3920381839558453	True	Both	Myasthenia gravis and other myoneural disorders	Neurological
CM_763.1	71	35793	0.15479512287934846	0.8102427267277627	0.268	0.3818850154862328	-0.144	0.908	1.4650436181195194	0.16585055494720877	True	Both	Congenital malformations of great arteries	Congenital
PP_908.2	197	22428	0.000014571171377510009	4.836505533862121	0.153	0.6645886030657383	0.364	0.965	1.9436907284251084	0.2886271630472407	True	Female	Pre-existing hypertension complicating pregnancy, childbirth and the puerperium	Pregnancy
CV_423.1	672	34753	1.736703482945153e-15	14.760274324738498	0.084	0.6700226598399204	0.505	0.835	1.9542816038425148	0.29098714391861696	True	Both	Cardiac murmurs	Cardiovascular
NS_355.2	738	34342	1.9553514987010044e-58	57.708775161426836	0.076	1.216966848463194	1.069	1.365	3.376929445277871	0.528521986946756	True	Both	Alteration of consciousness	Neurological
PP_927.2	149	22422	2.008451899742216e-15	14.697138564692416	0.165	1.3121450508903916	0.988	1.636	3.714132176034909	0.5698573550583586	True	Female	Tobacco use during pregnancy	Pregnancy
MB_308.1	163	35570	1.6099119530721505e-13	12.793197875111337	0.159	1.1703496772650415	0.859	1.481	3.223119493108556	0.5082764067334591	True	Both	Delirium	Mental
MS_701.12	118	35734	0.053019768664014644	1.2755621715135457	0.208	0.40212912962400277	-0.005	0.809	1.4950043695645083	0.17464246200826186	True	Both	Chronic osteomyelitis	Muscloskeletal
PP_945	88	22425	0.026789143938457625	1.5720411642844458	0.234	0.5192045946396487	0.06	0.979	1.6806902878329644	0.22548769043081412	True	Female	Rupture of uterus	Pregnancy
RE_463.4	739	33534	5.971188812253268e-41	40.22393919597226	0.077	1.0277096819359803	0.877	1.178	2.7946578439889214	0.4463286438633423	True	Both	Nasal congestion*	Respiratory
CM_769.7	70	35783	0.0004602138041873292	3.337040358738928	0.248	0.8691083847685385	0.383	1.355	2.3847835959396924	0.3774489756808245	True	Both	Congenital spondylolisthesis	Congenital
CA_135.1	56	35783	3.1558682156561678e-6	5.500881140572978	0.268	1.251248889431172	0.725	1.777	3.494704733013344	0.5434104881675301	True	Both	Benign neoplasm of the oral cavity	Neoplasms
GI_530.1	300	35359	8.301551287287664e-12	11.080840744665215	0.121	0.8269701430012073	0.59	1.064	2.2863808281768	0.35914856980416743	True	Both	Anal fissure	Gastrointestinal
MS_719.93	58	35761	6.068016737124481e-9	8.216953229989661	0.264	1.5333183799205286	1.016	2.05	4.633527142547572	0.6659117114003195	True	Both	Contracture of muscle*	Muscloskeletal
CV_406	437	35215	0.008341634285838805	2.0787488544235098	0.112	0.2953104230826954	0.076	0.515	1.3435433608311866	0.1282516871933293	True	Both	Pulmonary heart disease	Cardiovascular
CA_110.1	250	35615	0.00008380219464253348	4.07674460775801	0.139	0.5465172255137793	0.274	0.819	1.7272269882209235	0.23734941530570944	True	Both	Malignant neoplasm of the thyroid	Neoplasms
PP_908	630	21764	1.7229489983597718e-9	8.763727578070688	0.09	0.5391256729341273	0.364	0.715	1.714507166647763	0.23413930480766884	True	Female	Edema, proteinuria and hypertensive disorders in pregnancy, childbirth and the puerperium	Pregnancy
MB_296.4	525	35154	1.8476665714506593e-76	75.73337639850774	0.089	1.6473089678245172	1.473	1.822	5.1929865136009195	0.7154171947159292	True	Both	Borderline personality disorder	Mental
CA_106.1	253	22366	8.577910829075468e-8	7.066618472743921	0.134	0.7190490256322206	0.456	0.982	2.052480425991493	0.31227902404998326	True	Female	Malignant neoplasm of external female genital organs and cervix	Neoplasms
GI_508	184	35441	2.6607159629011503e-11	10.57500148483557	0.151	1.0060392537473613	0.71	1.302	2.7347478935038296	0.43691729648054434	True	Both	Diseases of lips	Gastrointestinal
EM_257	78	35662	4.479486653735818e-13	12.348771753016129	0.229	1.6562569371413882	1.208	2.105	5.239661710276524	0.7193032484144859	True	Both	Polydipsia	Endocrine/Metab
GI_550.1	1268	34041	2.0537813825165627e-26	25.687445787330642	0.062	0.6614611141831156	0.54	0.783	1.9376213531796445	0.2872689118833039	True	Both	Gallstones [Cholelithiasis]	Gastrointestinal
GU_594.41	473	34997	6.744729298329699e-17	16.171035476177526	0.1	0.8347693322832468	0.639	1.031	2.304282463405046	0.36253571467267615	True	Both	Nocturia	Genitourinary
DE_680.3	266	34956	1.504483857524548e-14	13.822612467695002	0.127	0.9787243157928638	0.729	1.228	2.6610594042877085	0.4250545696533764	True	Both	Xerosis cutis*	Dermatological
GI_530.5	66	35827	0.00004528163866278692	4.34407786518266	0.251	1.0241573745983417	0.532	1.516	2.7847479722994497	0.44478589638858146	True	Both	Dysplasia of anus	Gastrointestinal
BI_169.1	850	34574	4.9894004828161106e-9	8.301951635267743	0.078	0.4562724595634973	0.303	0.609	1.5781802765035677	0.19815661143285146	True	Both	Thrombocytopenia	Blood/Immune
MS_713.31	4637	29245	5.092988617074021e-210	209.29302729447912	0.036	1.1196164357103362	1.049	1.191	3.0636788600918425	0.4862432398771859	True	Both	Pain in shoulder	Muscloskeletal
GU_622	373	21991	8.967860050062496e-7	6.047311177839472	0.115	0.5631452978428956	0.338	0.788	1.756187555433757	0.24457089536293278	True	Female	Polyp of female genital organs	Genitourinary
SO_377.5	68	35816	0.6706469598636229	0.17350603978939422	0.293	0.124591830026289	-0.45	0.699	1.1326860302724973	0.054109544270645155	True	Both	Vitreous hemorrhage	Sense organs
CM_751	103	35715	0.000494287552750889	3.306020325892992	0.209	0.7264443501557607	0.318	1.135	2.067715449356264	0.3154907726824405	True	Both	Congenital anomalies of eye	Congenital
GI_506	456	35003	4.592654472634462e-25	24.337936227404402	0.097	1.0078916211587978	0.817	1.199	2.7398183461009884	0.43772176942578866	True	Both	Diseases of salivary glands	Gastrointestinal
DE_685.1	167	35559	2.6283053552160327e-6	5.58032418006297	0.163	0.7662158594307852	0.447	1.086	2.1516088388207217	0.3327633196975477	True	Both	Dyshidrosis	Dermatological
NS_331.63	81	22575	0.2906377599676244	0.5366479623702556	0.258	0.2728553412646006	-0.233	0.779	1.3137101914236557	0.1184995690690447	True	Female	Menstrual migraine	Neurological
CV_401.7	189	35572	0.29083003962399623	0.5363607375339122	0.195	-0.20555619615276416	-0.587	0.176	0.8141943386920768	-0.08927192171016791	True	Both	Hypertensive crisis*	Cardiovascular
SO_374.13	66	35816	0.07585986781533062	1.1199879183841184	0.273	0.48406651656352434	-0.05	1.019	1.6226595758014024	0.21022741701766767	True	Both	Horseshoe tear of retina without detachment	Sense organs
SS_807.2	1967	32513	4.498819455747032e-77	76.34690143536213	0.05	0.9248587972602347	0.827	1.022	2.521512190790049	0.40166107218979824	True	Both	Weakness	Symptoms
CV_419	261	35568	0.2829776900177521	0.5482478029354849	0.15	0.16066028796872	-0.133	0.454	1.1742859819711542	0.06977387652580248	True	Both	Presence of cardiac device	Cardiovascular
DE_686	645	34907	8.005321322187778e-8	7.0966212314333275	0.089	0.47908401159537756	0.304	0.654	1.6145947745438174	0.208063542603946	True	Both	Chronic ulcer of skin	Dermatological
CV_417	4973	28136	8.577234836527594e-215	214.06665269918994	0.034	1.0667526948673214	1.0	1.134	2.905927727862801	0.463284808936301	True	Both	Abnormalities of heart beat	Cardiovascular
CV_431.1	646	34973	9.284830115453509e-8	7.032226038138102	0.09	0.4784264374447267	0.303	0.654	1.6135334077582275	0.20777796177887609	True	Both	Stroke	Cardiovascular
NS_333.63	56	35793	3.1027519921586325e-13	12.508252936868788	0.283	2.0598294865294915	1.506	2.614	7.8446320808302765	0.8945725796613668	True	Both	Sleep related bruxism	Neurological
EM_236.2	125	35639	2.765459515324561e-15	14.55823269496008	0.18	1.4184714761457804	1.067	1.77	4.130801583462629	0.6160343348272725	True	Both	Localized adiposity	Endocrine/Metab
MS_722	1289	33783	2.938924788011128e-60	59.53181152810558	0.06	0.983810430161626	0.866	1.102	2.674628334073653	0.4272634410580587	True	Both	Fasciopathy	Muscloskeletal
GU_592.12	145	35679	1.6729686568541813e-8	7.776512195488762	0.171	0.9634284020536148	0.629	1.298	2.620665785394416	0.41841163872075243	True	Both	Chronic cystitis	Genitourinary
SO_375	1038	34540	7.704954266667637e-16	15.113229934725293	0.071	0.5745243950236847	0.435	0.714	1.776285515753561	0.24951277447759032	True	Both	Abnormal intraocular pressure	Sense organs
CV_419.2	122	35763	0.7070726116895026	0.15053598473661337	0.222	0.08345239043233177	-0.352	0.519	1.0870334608677714	0.03624291266639741	True	Both	Presence of cardiac defibrillator	Cardiovascular
MB_309.1	92	35676	3.5982409844551656e-10	9.443909754077072	0.209	1.3116865090081151	0.902	1.722	3.7124294812841483	0.5696582128491644	True	Both	Irritability	Mental
CV_423	701	34708	1.195513752711776e-16	15.922445423569553	0.082	0.6819890645636401	0.521	0.843	1.9778078097738332	0.2961840874583494	True	Both	Abnormal cardiac sounds	Cardiovascular
MS_740.2	181	35621	3.903505323620097e-7	6.408545224005902	0.156	0.7923090598499418	0.486	1.098	2.2084900789886404	0.34409545265478303	True	Both	Dislocation of shoulder	Muscloskeletal
CV_404.11	429	35266	0.013197248432851012	1.8795166078089842	0.114	0.2833763743757697	0.059	0.507	1.3276047442031236	0.1230687956931468	True	Both	Acute myocardial infarction	Cardiovascular
GI_537	308	35256	0.000047114344595481344	4.3268468459454885	0.126	0.5130464584683287	0.266	0.76	1.6703721709705088	0.22281324587280105	True	Both	Abnormality of the peritoneum	Gastrointestinal
NS_331.7	75	35693	0.00008401466981916639	4.075644875065983	0.238	0.9342911311904204	0.469	1.4	2.5454084573972806	0.40575748276714674	True	Both	Drug induced headache	Neurological
SO_360.5	75	35748	0.004473975088683261	2.349306438406022	0.245	0.6977946177274504	0.217	1.179	2.0093165065056384	0.3030483519808208	True	Both	Noninfectious dermatoses of eyelid	Sense organs
CA_106.3	117	22538	0.7502631088210432	0.12478640771396302	0.238	-0.07566052647228416	-0.542	0.39	0.9271308895368153	-0.03285894914480792	True	Female	Malignant neoplasm of the ovary	Neoplasms
DE_662	772	34677	2.3642672663803737e-28	27.626303430602412	0.077	0.8519036309273513	0.701	1.003	2.344104917942304	0.36997704602509307	True	Both	Rosacea	Dermatological
ID_056	2022	32654	8.292583377640317e-78	77.08131015317996	0.049	0.9075337147571331	0.812	1.003	2.478203034698712	0.39413688446018263	True	Both	Human papillomavirus	Infections
MB_308.31	64	35756	4.3452907867395887e-7	6.361981155268075	0.251	1.2676838729478817	0.776	1.759	3.5526147190357467	0.5505481108190079	True	Both	Visual hallucinations	Mental
NS_331.61	1150	34146	2.0876969019857365e-50	49.68033255325124	0.063	0.9383971260964948	0.815	1.062	2.55588137772224	0.4075406936975777	True	Both	Migraine with aura	Neurological
MS_741.6	1397	33202	3.0920077064855797e-68	67.50975943232163	0.057	0.9947650100427949	0.883	1.106	2.704088832894212	0.43202095465201873	True	Both	Sprains and strains of ankle and foot	Muscloskeletal
CV_406.2	54	35816	0.016065375872730006	1.7941091090453662	0.289	0.6957537020031869	0.129	1.262	2.005219842747228	0.30216199354374346	True	Both	Acute pulmonary heart disease	Cardiovascular
NS_330	1548	33846	2.43558173913387e-62	61.6133972907446	0.054	0.9079448895191128	0.801	1.015	2.4792222187586646	0.39431545539040835	True	Both	Epilepsy, recurrent seizures, convulsions	Neurological
GI_535	152	35349	0.0014165872641797397	2.848756667042306	0.177	0.5656676711512494	0.218	0.913	1.7606229075032716	0.24566634817205088	True	Both	Intestinal or peritoneal adhesions	Gastrointestinal
DE_668	4758	28369	2.198646839043562e-224	223.6578445242418	0.035	1.112233710666574	1.044	1.18	3.041143848697001	0.483036963129271	True	Both	Dermatitis [eczema]	Dermatological
BI_168.18	76	35776	0.00003983259672663018	4.399761380578211	0.236	0.9697381505078378	0.507	1.432	2.637253805364763	0.4211519276566191	True	Both	Other nonthrombocytopenic purpura	Blood/Immune
RE_486	1128	33498	1.0969377966623894e-35	34.95981799898155	0.065	0.8111017363677939	0.684	0.939	2.2503859534392467	0.35225700836667906	True	Both	Other respiratory disorders	Respiratory
CA_149	244	35539	1.508117717146059e-7	6.821564757994327	0.136	0.7159119466252628	0.449	0.983	2.0460517216838	0.310916607947967	True	Both	Benign neoplasm of the endocrine glands	Neoplasms
MB_280.9	2467	32707	6.025759945785155e-157	156.21998817374092	0.044	1.166454623066276	1.081	1.252	3.210589685974017	0.5065848061882212	True	Both	Psychoactive substance dependance	Mental
SS_810	285	35387	0.016617681556383847	1.779429567646048	0.137	0.3270769478508046	0.059	0.595	1.3869081926791753	0.1420477136093621	True	Both	Shock	Symptoms
SO_367.21	82	35777	0.008857775743766264	2.0526753191379283	0.238	0.6222131886110072	0.156	1.088	1.863046756281987	0.2702237543811877	True	Both	Corneal ulcer	Sense organs
GU_622.2	118	22447	0.00042415227430581245	3.372478199967713	0.197	0.6940439141450614	0.308	1.08	2.0017942715417725	0.30141944211173444	True	Female	Mucous polyp of cervix	Genitourinary
NS_349.14	63	35735	0.08982302175261322	1.0466123388478845	0.279	0.4737587376393817	-0.074	1.021	1.6060194682343856	0.2057508055102339	True	Both	White matter disease, unspecified*	Neurological
CV_443.1	61	35746	0.3586909863952269	0.44527953664435516	0.298	0.2737018378527119	-0.311	0.858	1.31482271342507	0.11886719786621137	True	Both	Stricture of artery [Arterial stenosis]	Cardiovascular
ID_008	130	35605	0.001083126463385399	2.965320833177069	0.189	0.6186005382005733	0.248	0.99	1.8563283625641058	0.2686548002428907	True	Both	Helicobacter [H. pylori]	Infections
GE_983	176	35494	0.00011634680417973162	3.934245541437581	0.163	0.6264210267262457	0.308	0.945	1.8709026720531117	0.2720511952553779	True	Both	Genetic carrier status	Genetic
DE_682.11	1024	33979	3.150782881658999e-22	21.501581522737197	0.069	0.6705076722044416	0.535	0.806	1.9552296844809656	0.2911977821121834	True	Both	Sebaceous cyst [Epidermal cyst]	Dermatological
CV_414.5	136	35719	0.5619622618142585	0.2502928481962851	0.209	0.12123823655751247	-0.289	0.531	1.1288938241122215	0.05265309713260877	True	Both	Ischemic cardiomyopathy*	Cardiovascular
GI_516.4	412	35338	2.891726811125592e-19	18.538842738357044	0.102	0.9192336304801619	0.718	1.12	2.5073680829578504	0.3992180932974272	True	Both	Gastroparesis	Gastrointestinal
NS_325.3	330	35322	6.949251354163631e-15	14.15806197962116	0.115	0.8949783934885545	0.67	1.12	2.4472829116448196	0.3886841777147164	True	Both	Lack of coordination	Neurological
CV_444	1340	33906	5.94522214987834e-24	23.225831912842803	0.062	0.6286625300142933	0.507	0.751	1.8751010100805603	0.273024667764545	True	Both	Venous insufficiency	Cardiovascular
SS_840.5	105	35704	2.449527561343446e-7	6.610917669629968	0.199	1.0268699802409393	0.637	1.417	2.7923121500396855	0.4459639660507412	True	Both	Allergy to radiographic dye	Symptoms
CV_441	70	35792	0.13590825809811682	0.8667541537349039	0.269	0.40131171490933604	-0.126	0.929	1.49378283031443	0.17428746330825556	True	Both	Arteriovenous malformation	Cardiovascular
NS_333.2	3820	30247	0.0	inf	0.037	1.5301681801809714	1.458	1.602	4.6189535734287555	0.6645435970365368	True	Both	Insomnia	Neurological
EM_204.5	1362	33886	3.070545462517838e-31	30.51278446806704	0.06	0.7013022412742722	0.583	0.82	2.0163768075972324	0.30457169353179936	True	Both	Prediabetes*	Endocrine/Metab
GU_614.1	63	22437	0.00001341816349061966	4.872306920863682	0.255	1.1106815677775925	0.611	1.611	3.0364272202854217	0.482362876037461	True	Female	Pelvic peritoneal adhesions, female (postoperative) (postinfection)	Genitourinary
MB_290	4868	29421	0.0	inf	0.033	1.6207491341508944	1.556	1.686	5.056877177343827	0.7038824055112066	True	Both	Reaction to severe stress, and adjustment disorders	Mental
BI_177.4	335	35442	0.010624284735853242	1.9737002985226706	0.127	0.32436193041706246	0.076	0.573	1.3831478198059146	0.14086859651961675	True	Both	Lymphedema	Blood/Immune
CA_104	401	35134	0.00008175496078080813	4.087485885464431	0.113	0.44452767582728436	0.223	0.666	1.5597533126294632	0.19305591666506713	True	Both	Malignant sarcoma-related cancers	Neoplasms
MB_307.3	60	35813	2.696409698845789e-14	13.569214119395719	0.274	2.0871818570727756	1.55	2.625	8.062162792593416	0.9064515632552881	True	Both	Emotional disturbance of childhood or adolescence	Mental
CA_120.2	257	35584	0.13284360913597762	0.876659333867486	0.148	0.221749082721414	-0.067	0.511	1.248258129033445	0.0963044029930178	True	Both	Lymphoid	Neoplasms
MB_280.31	810	34517	3.6789045105301946e-68	67.43428148454942	0.072	1.259905012872278	1.118	1.401	3.525086633607938	0.5471697948126758	True	Both	Cannabis abuse or dependance	Mental
MB_309	658	34373	6.034694520680349e-71	70.21934470921877	0.079	1.411577912108563	1.256	1.567	4.102423563450858	0.6130404980052623	True	Both	Signs and symptoms involving emotional state	Mental
RE_475.5	296	35407	3.535489468371608e-24	23.451550452108272	0.118	1.1970457962327568	0.966	1.428	3.3103230944207858	0.5198703838893706	True	Both	Exercise induced bronchospasm	Respiratory
SO_362.6	331	35541	0.00028513990570832513	3.544941998347751	0.126	0.45799148275073104	0.211	0.705	1.5808955381227114	0.19890317371733085	True	Both	Dermatochalasis of eyelid	Sense organs
SS_812.2	158	35612	0.013201128833284805	1.8793889305285878	0.178	0.4412690655918394	0.092	0.79	1.554678956684457	0.19164072022113993	True	Both	Angioneurotic edema	Symptoms
MB_283.8	302	34996	6.082983431551606e-26	25.215883366439513	0.117	1.2273775420296853	0.999	1.456	3.4122692597334883	0.5330432937154689	True	Both	Problems related to lifestyle	Mental
SO_374.53	78	35809	0.21336991921507475	0.6708668072158295	0.26	0.3239114143111372	-0.186	0.834	1.382524829780274	0.1406729398608049	True	Both	Cystoid macular degeneration	Sense organs
NS_333.7	190	35662	6.968207908800903e-22	21.156878899863493	0.146	1.4011533061596946	1.116	1.687	4.059879551923679	0.6085131491656529	True	Both	Narcolepsy	Neurological
CA_103.1	284	35535	0.8352329418331559	0.07819238530178164	0.148	0.03088407569720883	-0.26	0.322	1.0313659365791576	0.01341278365398008	True	Both	Melanomas of skin	Neoplasms
GU_614.31	51	22601	0.09104186910229208	1.0407588347310897	0.308	0.5204755054061654	-0.083	1.124	1.6828276531275417	0.22603963996370374	True	Female	Acute inflammatory pelvic disease	Genitourinary
RE_467.1	179	35284	2.1585172964922126e-8	7.665844466933112	0.156	0.8713817792255437	0.566	1.176	2.3902113170857584	0.3784362983486913	True	Both	Acute laryngitis and tracheitis	Respiratory
CA_122.1	62	35838	0.14681184781314616	0.8332388951539659	0.285	0.41350378503441865	-0.145	0.972	1.5121066107613141	0.17958241208655648	True	Both	Hodgkin lymphoma	Neoplasms
DE_674.11	65	35811	0.7556701744378538	0.12166771862208033	0.302	0.09400075816161892	-0.498	0.686	1.0985605788033248	0.04082401056431312	True	Both	Vitiligo	Dermatological
CM_763.232	85	35803	0.10510461732859747	0.9783782046541213	0.245	0.39628251204102694	-0.083	0.876	1.4862891528264583	0.17210330825417697	True	Both	Congenital insufficiency of aortic valve	Congenital
PP_907.2	59	22614	0.9498372866129593	0.022350785846429223	0.324	0.020384630770432892	-0.615	0.655	1.0205938163285595	0.008852932659234222	True	Female	Low lying placenta*	Pregnancy
GI_516	992	33874	6.743300166981067e-43	42.17112750798433	0.067	0.9255373193196661	0.793	1.058	2.5232236730081823	0.4019557505760589	True	Both	Other diseases of stomach and duodenum	Gastrointestinal
GI_504.2	66	35789	0.000012583581437761261	4.9001957358944495	0.25	1.091223332471148	0.601	1.581	2.9779148250854703	0.47391227181629714	True	Both	Gingival recession	Gastrointestinal
GE_974.1	51	35832	0.019264384242997472	1.7152448679975767	0.297	0.6960331362895572	0.113	1.279	2.0057802482176066	0.30228335031236875	True	Both	Hereditary retinal dystrophy	Genetic
SS_829	2858	30878	7.607099692911381e-123	122.11878089217174	0.042	0.9941740267087401	0.912	1.077	2.7024912335839493	0.4317642938511419	True	Both	Abnormal findings on examination of blood	Symptoms
GU_591	3748	29807	2.313812987270746e-109	108.63567174559105	0.039	0.8766971083455047	0.799	0.954	2.4029499017958242	0.38074471645499003	True	Both	Urinary tract infection [UTI]	Genitourinary
GU_618.3	472	21875	9.814824422928685e-21	20.00811746507419	0.102	0.9569086565604249	0.756	1.158	2.6036352890282473	0.4155801492296465	True	Female	Atrophic vaginitis	Genitourinary
GU_626.111	1018	20872	5.311359163133457e-27	26.274794329856906	0.069	0.7440617839708046	0.609	0.88	2.1044660646688134	0.3231419269736099	True	Female	Amenorrhea	Genitourinary
MB_293.3	55	35827	3.113665359987407e-10	9.506728064895832	0.274	1.7224202080795614	1.186	2.259	5.59806055381681	0.7480375918876043	True	Both	Binge eating disorder*	Mental
NS_331.1	728	34489	5.757946650589749e-35	34.23973236333113	0.078	0.9581900081161391	0.806	1.11	2.606973599474244	0.4161366331396713	True	Both	Tension headache	Neurological
CV_406.11	56	35800	0.11105490799760333	0.9544622433363523	0.296	0.4722270289293591	-0.109	1.053	1.6035613972313874	0.20508559286958788	True	Both	Primary pulmonary hypertension	Cardiovascular
GE_961.8	252	35584	0.2904921958093175	0.536865530614361	0.152	0.16015724274104387	-0.137	0.457	1.1736954115662623	0.06955540675927496	True	Both	Genetic susceptibility to malignant neoplasm	Genetic
GU_592.11	945	33882	3.6454768972375986e-39	38.43824564970789	0.07	0.9126785951453651	0.776	1.049	2.4909859479731513	0.3963712776228441	True	Both	Acute cystitis	Genitourinary
SO_377.4	84	35774	0.3730124659842742	0.4282766539347037	0.257	0.22902772339330477	-0.275	0.733	1.2573768972808979	0.0994654764725766	True	Both	Retinal hemorrhage	Sense organs
GU_625.1	475	21793	9.48034751075845e-28	27.023175742911018	0.095	1.03878972722537	0.852	1.225	2.8257949612521274	0.45114064639176243	True	Female	Dyspareunia	Genitourinary
GI_520	2292	32189	4.546670138589882e-57	56.3423065527636	0.048	0.7690563912742596	0.674	0.864	2.1577292407250788	0.3339969470028391	True	Both	Hernia	Gastrointestinal
GI_546.3	335	35099	0.000010673521466479023	4.971692272126985	0.121	0.5307224230811161	0.294	0.767	1.700160099970558	0.23048981976645172	True	Both	Hepatomegaly	Gastrointestinal
CA_121.2	60	35839	0.7434102934967224	0.1287714298183444	0.334	-0.10944399854314603	-0.765	0.546	0.8963323588745352	-0.04753092464471587	True	Both	Chronic leukemia	Neoplasms
MS_745.8	175	35594	7.61020704304216e-6	5.118603527667329	0.161	0.7187112420404453	0.404	1.033	2.0517872488596747	0.31213232649999784	True	Both	Stress fracture	Muscloskeletal
MS_734.9	217	35249	2.686300593813583e-17	16.57084539191664	0.138	1.1633785836181805	0.894	1.433	3.200728959215757	0.5052488992297965	True	Both	Jaw pain	Muscloskeletal
RE_468	2131	32514	1.4613270369187272e-55	54.83525258048241	0.049	0.7660986583645866	0.67	0.862	2.1513566827475388	0.33271241992122447	True	Both	Pneumonia	Respiratory
SO_374.41	66	35795	0.037498174742064384	1.4259898714387307	0.269	0.5588270369078203	0.032	1.085	1.7486202299207625	0.24269549846741115	True	Both	Hypertensive retinopathy	Sense organs
PP_954	96	22451	0.0012702517240646433	2.8961102069657847	0.217	0.7001814945425481	0.274	1.126	2.014118225765708	0.30408495941060043	True	Female	Disorders of the breast associated with childbirth and disorders of lactation	Pregnancy
MB_280.13	231	35554	0.013947545912962541	1.8555022002912473	0.15	0.36891529555865277	0.075	0.663	1.4461651018795394	0.16021787715083013	True	Both	Alcoholic liver disease	Mental
DE_674.1	84	35743	0.09152869974778946	1.0384427071601756	0.245	0.41370425402812777	-0.067	0.894	1.512409771638117	0.17966947466431704	True	Both	Hypopigmentation	Dermatological
EM_229	336	35348	2.138648845026098e-12	11.669860518461201	0.115	0.8076821837018989	0.582	1.033	2.242703782432895	0.3507719155133033	True	Both	Other endocrine disorders, NOS	Endocrine/Metab
GU_597.1	78	35787	0.07121841750223139	1.1474076807275355	0.253	0.45601758769837275	-0.039	0.951	1.577778094007671	0.19804592198823548	True	Both	Urethral stricture	Genitourinary
SS_826	383	35176	0.0009429286807670044	3.0255211542623215	0.116	0.3849808361460791	0.157	0.613	1.4695861582368268	0.16719505277674213	True	Both	Other abnormal immunological findings in serum	Symptoms
SO_367.8	192	35610	1.0150671530408996e-9	8.993505225504082	0.15	0.9157189328143571	0.622	1.21	2.4985709109653254	0.39769167949560985	True	Both	Hypopyon	Sense organs
SO_373.1	142	35690	0.10692816647711137	0.9709078800641409	0.194	0.31223370608805523	-0.067	0.692	1.3664740090100571	0.13560137561824417	True	Both	Chorioretinal scars	Sense organs
MS_709.11	72	35816	0.00003462846412031638	4.460566770329359	0.241	0.9976389327452514	0.525	1.47	2.7118713530045406	0.43326908342311204	True	Both	Mallet finger	Muscloskeletal
CV_414.1	66	35818	0.24270444719534878	0.6149222657994832	0.282	0.32950869938574956	-0.223	0.882	1.3902849128137402	0.14310380988234847	True	Both	Hypertrophic cardiomyopathy	Cardiovascular
GI_502.3	518	34677	3.357146613150774e-22	21.474029691849406	0.092	0.891714376954919	0.711	1.072	2.4393079620227325	0.3872666333453175	True	Both	Diseases of pulp and periapical tissues	Gastrointestinal
CM_750	291	35452	2.093543661854228e-19	18.679117977259196	0.12	1.0776911190088387	0.843	1.312	2.9378884793301214	0.4680353061816793	True	Both	Congenital malformations of nervous system	Congenital
SO_389.1	284	35028	2.146948845251908e-15	14.668178303253312	0.122	0.9709108697034022	0.731	1.211	2.6403483777034253	0.4216612331320747	True	Both	Ocular pain	Sense organs
SO_367.1	1524	32628	4.693021621079679e-68	67.32854744495776	0.055	0.9598774672462338	0.852	1.068	2.6113764746677925	0.4168694873283087	True	Both	Conjunctivitis	Sense organs
BI_168.2	414	35293	1.636808185812046e-10	9.786002211684144	0.106	0.6767849959152799	0.469	0.884	1.9675418975831216	0.2939239891609209	True	Both	Hyper-coagulability	Blood/Immune
CA_142.21	116	35647	0.021818347997130564	1.6611781356400288	0.208	0.4760309513311236	0.069	0.883	1.609672836704393	0.2067376153782624	False	Both	Mammographic microcalcification	Neoplasms
GI_552.1	66	35823	0.49959609807586736	0.30138096219289223	0.331	-0.22320097061736016	-0.871	0.425	0.799954065876245	-0.09693494989456937	True	Both	Cholangitis	Gastrointestinal
EM_232.27	245	35503	6.534648310751733e-14	13.184777780816393	0.132	0.9891611613275602	0.731	1.248	2.6889779073765547	0.4295872340775716	True	Both	Vitamin B12 deficiency	Endocrine/Metab
PP_937	217	22255	0.0025950159260640644	2.5858599724665763	0.152	0.45840201133092784	0.16	0.757	1.581544674158747	0.19908146401437385	True	Female	Abnormal findings on antenatal screening of mother	Pregnancy
GI_529.5	3430	30267	4.7638809693354324e-194	193.32203909836613	0.039	1.1495090392238527	1.074	1.225	3.156642741414651	0.4992254326328279	True	Both	Constipation	Gastrointestinal
ID_054.3	707	35021	4.654349426416247e-35	34.33214101506137	0.079	0.9699098467364601	0.816	1.124	2.6377066507718756	0.4212264943812733	True	Both	Hepatitis C	Infections
DE_675	219	35439	3.6351859740473146e-7	6.439473365977851	0.144	0.7326056190640606	0.45	1.015	2.0804945275082685	0.3181665777708373	True	Both	Atrophic conditions of skin	Dermatological
NS_331.2	187	35529	2.5067899303457556e-18	17.60088205850855	0.147	1.284936168083734	0.997	1.573	3.6144372333989234	0.558040687396675	True	Both	Post-traumatic headache	Neurological
CV_417.1	2856	31481	1.5079235805280566e-92	91.82162066734949	0.043	0.8700122816793339	0.786	0.954	2.386940168977999	0.37784153312139224	True	Both	Palpitations	Cardiovascular
SO_394.2	577	34811	3.120298034164066e-18	17.50580392251642	0.09	0.781889990165091	0.606	0.958	2.1855991252591416	0.3395705081840868	True	Both	Vertigo	Sense organs
CV_436.3	146	35516	0.018431515309873865	1.7344389586678468	0.188	0.44329246159536184	0.075	0.812	1.5578278725497219	0.19251946994017483	True	Both	Atherosclerosis of aorta	Cardiovascular
EM_208.2	500	35286	5.662435279350438e-16	15.246996748861072	0.096	0.7760370003354544	0.588	0.964	2.1728441994454943	0.33702858699843985	True	Both	Hyperparathyroidism	Endocrine/Metab
CV_424	1229	34406	2.1329967254476013e-9	8.671009811274025	0.068	0.4053913355944629	0.273	0.538	1.4998893453111353	0.17605922006006458	True	Both	Heart failure	Cardiovascular
GU_604.5	50	13100	0.03496982806148275	1.456306503010539	0.304	0.6411685119808015	0.045	1.237	1.898698235184934	0.2784559467233811	True	Male	Balanoposthitis	Genitourinary
PP_922	249	22286	0.1828847066992907	0.7378226098532858	0.151	0.20127252200713683	-0.095	0.497	1.2229580093853418	0.08741154566645033	True	Female	Endocrine, nutritional and metabolic diseases complicating pregnancy	Pregnancy
MB_308	500	34987	7.591877197721207e-42	41.119650825446854	0.091	1.234153865094246	1.056	1.413	3.4354704191161964	0.5359862134300013	True	Both	Symptoms related to mental disorders	Mental
CA_144	1405	20506	1.3462649833934313e-17	16.870869450142337	0.062	0.5326129391447045	0.41	0.655	1.7033773200951785	0.2313108604608177	True	Female	Gynecological benign neoplasms	Neoplasms
GU_614.32	54	22607	0.006277689258980894	2.2022001853626225	0.285	0.7801416766101671	0.221	1.34	2.1817813509885258	0.33881122525454677	True	Female	Chronic inflammatory pelvic disease	Genitourinary
MS_701.1	416	35384	0.00012364953190563557	3.9078075233882825	0.111	0.4270029913040851	0.209	0.645	1.532657246361044	0.1854450428795464	True	Both	Osteomyelitis	Muscloskeletal
CV_440.3	708	35028	1.0689074998180687e-17	16.97105987576104	0.081	0.6977049734124516	0.538	0.857	2.0091363907770927	0.3030094199494827	True	Both	Pulmonary embolism	Cardiovascular
SO_367.31	165	35610	8.777515171598944e-8	7.056628411200577	0.162	0.8688390448087979	0.551	1.187	2.3841413649150938	0.37733200282255314	True	Both	Keratoconjunctivitis sicca	Sense organs
MS_705.2	57	35829	0.2347956600336616	0.6293099348556491	0.301	0.35781884037333533	-0.232	0.948	1.4302065013338077	0.15539874789516	True	Both	Juvenile rheumatoid arthritis [JRA/JIA]	Muscloskeletal
NS_342	116	35708	0.26016633425925795	0.5847489022070516	0.217	0.24490040428687007	-0.181	0.671	1.2774940739354361	0.10635889419766317	True	Both	Plegia and unspecified paralysis	Neurological
SO_386	2093	32078	3.580539681478628e-83	82.4460515088244	0.048	0.9329538857583242	0.838	1.028	2.542006896432634	0.40517672445503694	True	Both	Visual disturbances	Sense organs
PP_909.2	107	22572	0.0386413439393826	1.4129477773055126	0.216	0.4470816360502161	0.023	0.871	1.5637419517923254	0.19416508749688677	True	Female	Pre-existing diabetes mellitus in pregnancy*	Pregnancy
PP_914	292	22131	0.0012087208015380683	2.917674003816124	0.133	0.4300263615950043	0.17	0.69	1.5372980486426853	0.18675807591364282	True	Female	Anemia in pregnancy	Pregnancy
SS_809.32	1717	32789	9.331900010558837e-85	84.03002992323182	0.052	1.0191930508157863	0.917	1.122	2.7709578393754715	0.44262991796343654	True	Both	Pain in leg*	Symptoms
RE_466.4	304	35331	2.4026005082324942e-12	11.619318435393971	0.12	0.8443144306740387	0.608	1.08	2.3263823713450043	0.3666810982330207	True	Both	Hypertrophy of tonsils and adenoids	Respiratory
MS_703.2	63	35776	3.4688348870260926e-6	5.459816371636763	0.255	1.1844857966123643	0.684	1.685	3.269005455541533	0.5144156453615273	True	Both	Chondrocalcinosis	Muscloskeletal
MS_702.1	145	35665	0.000041249854438920995	4.384577579634903	0.176	0.7228422781555924	0.377	1.068	2.060280787564037	0.3139264126893493	True	Both	Pyogenic arthritis [Septic arthritis]	Muscloskeletal
SO_374.4	438	35284	6.597850390426407e-7	6.1805975365246715	0.106	0.5293282282463434	0.321	0.738	1.6977913971412038	0.22988432864301192	True	Both	Retinopathy	Sense organs
RE_474	1427	33888	3.1528394227425647e-27	26.50129814774011	0.061	0.6620346671258134	0.542	0.782	1.9387330003723797	0.2875180027613969	True	Both	Chronic obstructive pulmonary disease [COPD]	Respiratory
DE_660.6	3761	29940	2.63904303706384e-105	104.57855352732184	0.038	0.8325270685221202	0.758	0.907	2.299121442689173	0.36156191189424725	True	Both	Cellulitis and abscess	Dermatological
GE_978	273	35555	6.1766040645362306e-24	23.209250237111114	0.123	1.236193989134072	0.996	1.476	3.4424863591669026	0.5368722280428959	True	Both	Genetic disorders relating to growth and musculoskeletal system	Genetic
DE_664.4	782	34840	6.391198168181811e-25	24.194417716325084	0.076	0.7884822565632532	0.639	0.938	2.200054772319571	0.3424334931040449	True	Both	Psoriasis	Dermatological
ID_056.2	266	35421	3.255646241739656e-15	14.487362791622852	0.126	0.9929791435663008	0.746	1.24	2.6992640008333275	0.43124536269586133	True	Both	Anogenital (venereal) warts	Infections
GE_974.2	62	35822	9.67638946396499e-6	5.0142866600862055	0.257	1.1389763791160679	0.634	1.644	3.1235693773430397	0.49465115646825447	True	Both	Hereditary corneal dystrophies	Genetic
BI_169.14	105	35630	0.14441140203239	0.8403985156011612	0.224	0.3265599554859306	-0.112	0.765	1.3861913570480193	0.14182318667811117	True	Both	Secondary thrombocytopenia	Blood/Immune
EM_200.2	1816	33612	3.021466827860197e-21	20.519782169430204	0.055	0.5201089780662019	0.412	0.628	1.682210963807876	0.22588045916249097	True	Both	Goiter	Endocrine/Metab
CV_413.6	189	35664	0.000517440315217786	3.286139737207167	0.16	0.5556502544404924	0.242	0.869	1.74307405798752	0.24131583937164372	True	Both	Heart valve replaced	Cardiovascular
GU_612.7	425	21882	6.013073641582419e-10	9.220903477355725	0.106	0.6550141176264312	0.448	0.862	1.9251696960110982	0.2844690168538866	True	Female	Other signs and symptoms in breast	Genitourinary
NS_333.6	1171	34190	6.723074523324724e-97	96.17243207469063	0.061	1.2795424710313756	1.159	1.4	3.5949945350949783	0.5556982345297778	True	Both	Sleep related movement disorders	Neurological
CV_440.13	260	35333	1.2439751720901745e-17	16.905188287436065	0.127	1.0825088788181254	0.834	1.331	2.9520766705755057	0.47012763268198776	True	Both	Phlebitis and thrombophlebitis	Cardiovascular
NS_325.2	581	34983	5.519403011386248e-25	24.258107893807342	0.088	0.9037146239533589	0.732	1.075	2.468756602152548	0.39247827439821603	True	Both	Difficulty walking	Neurological
CA_103.3	102	35735	0.0017257303531217796	2.7630270622127946	0.214	0.671541847594331	0.252	1.092	1.9572527808401585	0.29164691877733245	True	Both	Carcinoma in situ of skin	Neoplasms
RE_498	593	34713	1.951053102188776e-12	11.709730910167902	0.09	0.6344384506976627	0.458	0.811	1.8859627829605574	0.2755331182452432	True	Both	Asphyxia and hypoxemia	Respiratory
EM_247.4	640	34746	9.253027454557342e-8	7.033716149240181	0.089	0.47554320516614373	0.301	0.65	1.6088879163879162	0.2065257899102422	True	Both	Disorders of magnesium metabolism	Endocrine/Metab
EM_200.411	603	35135	3.85513262637739e-8	7.41396067652014	0.091	0.501586268513896	0.323	0.68	1.6513386607328957	0.2178361486140278	True	Both	Hashimoto thyroiditis [Chronic lymphocytic thyroiditis]	Endocrine/Metab
MS_723.5	960	34346	7.818429680339754e-46	45.10688046556498	0.068	0.9686814190767525	0.835	1.102	2.634468408344375	0.42069299502724505	True	Both	Tendinitis	Muscloskeletal
SS_849	113	35675	5.102951859020115e-11	10.29217852875978	0.19	1.2448356176498223	0.873	1.616	3.4723639570719786	0.540625239621944	True	Both	Lack of expected normal physiological development in childhood	Symptoms
MS_719.6	91	35720	0.004772088853612042	2.321291478607279	0.226	0.6366066129501077	0.194	1.079	1.8900562923687705	0.276474739147351	True	Both	Muscle wasting and atrophy	Muscloskeletal
CV_433.2	368	35292	5.566430736804735e-8	7.254423190495769	0.116	0.6304858049336632	0.403	0.858	1.8785229533472196	0.27381650600102	True	Both	Occlusion and stenosis of precerebral arteries	Cardiovascular
NS_337.6	62	35781	0.0003257952378008155	3.4870552681304656	0.262	0.9416181888893674	0.428	1.455	2.5641273053268576	0.40893958349438614	True	Both	Idiopathic progressive neuropathy	Neurological
SO_372	65	35793	0.9927353989183966	0.0031664917894409896	0.311	0.002828289330214495	-0.606	0.612	1.002832292713835	0.0012283104493380102	True	Both	Disorders of lens (excluding cataracts)	Sense organs
CV_413.3	346	35006	0.000034115771054612534	4.467044808731743	0.12	0.49855400243921644	0.263	0.734	1.6463389465968068	0.21651925219013202	True	Both	Tricuspid valve disorders	Cardiovascular
PP_916.2	125	22430	0.000029556503091983972	4.5293469497661	0.188	0.786890958014495	0.418	1.156	2.1965566123997715	0.34174240092525865	True	Female	Viral diseases complicating pregnancy, childbirth, or the puerperium	Pregnancy
CM_772	54	35830	0.006374201390904	2.1955742192468772	0.285	0.778402351567222	0.219	1.338	2.177989822352735	0.33805584598615956	True	Both	Congenital disorder of endocrine glands	Congenital
DE_660.122	1062	34183	2.06086631774228e-39	38.685950178696196	0.067	0.879076482736134	0.748	1.01	2.4086742267095222	0.3817780656232222	True	Both	Dermatophytosis of nail	Dermatological
NS_326.1	331	35502	0.006387707801079975	2.194654958419748	0.126	0.3441189355967072	0.097	0.591	1.4107464134965848	0.14944895484807044	True	Both	Multiple sclerosis	Neurological
GI_515	542	34591	1.992529283698086e-21	20.700595287168973	0.091	0.8611537363653062	0.684	1.039	2.36588873155081	0.3739943157738202	True	Both	Heartburn	Gastrointestinal
MS_710.43	117	35730	1.2313448511258015e-15	14.909620301278961	0.186	1.4864323512270676	1.122	1.851	4.421293725005978	0.6455493678603919	True	Both	Cavus deformity of foot	Muscloskeletal
DE_660.21	164	35415	2.819970638266716e-16	15.54975541356189	0.157	1.2849387432443309	0.977	1.593	3.6144465411672515	0.5580418057747122	True	Both	Impetigo	Dermatological
BI_168.3	191	35414	2.9655696079553495e-17	16.527891877735478	0.146	1.234266824992637	0.948	1.521	3.4358585114246862	0.5360352712905488	True	Both	Spontaneous ecchymoses	Blood/Immune
CA_136	3035	31653	4.103226995672418e-61	60.38687445665214	0.047	0.7713369086839426	0.68	0.863	2.162655595007222	0.33498736312974864	True	Both	Benign neoplasm of the digestive organs	Neoplasms
RE_495	2029	32537	1.0701016780045918e-56	55.97057495493314	0.052	0.8173847592364304	0.716	0.918	2.264569691563277	0.3549856905281998	True	Both	Abnormal findings on diagnostic imaging of lung	Respiratory
DE_666	864	34193	1.1605636287515571e-46	45.935331044042044	0.071	1.0208236305065421	0.881	1.16	2.775479792652976	0.4433380697254353	True	Both	Urticaria	Dermatological
SO_391.7	149	35642	6.020874097227147e-8	7.2203404542496195	0.169	0.9161421781511053	0.585	1.248	2.4996286432762704	0.3978754926098509	True	Both	Perforation of tympanic membrane	Sense organs
EM_204.4	2301	32480	1.0436740804604255e-29	28.981435102058082	0.049	0.5545686733829219	0.459	0.651	1.7411898012763276	0.24084611468660974	True	Both	Hyperglycemia	Endocrine/Metab
CV_416	3369	30885	1.603151615011848e-86	85.79502540312976	0.042	0.8209993905221561	0.739	0.903	2.2727700877949335	0.35655550494970534	True	Both	Cardiac arrhythmia and conduction disorders	Cardiovascular
EM_234	180	35571	5.152118482900956e-15	14.288014158094205	0.151	1.178798788714389	0.883	1.474	3.250467358811925	0.5119458092128963	True	Both	Other nutritional deficiencies	Endocrine/Metab
BI_168.21	379	35376	1.5924925829788877e-10	9.79792258171088	0.11	0.7037566717242624	0.488	0.919	2.021331942762197	0.3056376391324454	True	Both	Primary thrombophilia	Blood/Immune
SS_815	143	35537	8.201203400261818e-9	8.086122416915382	0.171	0.9876349664494197	0.652	1.323	2.6848771331531767	0.42892441606368625	True	Both	Symptoms and signs concerning food and fluid intake	Symptoms
CV_433.21	266	35414	1.2254414148262974e-7	6.911707446407691	0.134	0.7099426928992781	0.447	0.973	2.0338746998446795	0.30832419399369143	True	Both	Carotid artery stenosis	Cardiovascular
GI_502.1	1478	33569	1.5863548444161612e-78	77.79959966081738	0.055	1.0347376620262703	0.927	1.143	2.8143678232194183	0.4493808568354811	True	Both	Diseases of hard tissues of teeth	Gastrointestinal
SS_840.12	108	35707	1.949647649575389e-8	7.710043869494868	0.195	1.0955299161815526	0.713	1.478	2.9907671194389827	0.4757825973575803	True	Both	Seafood allergy	Symptoms
NS_324.314	178	35496	1.4449706804777887e-16	15.840140964973795	0.151	1.248551332272193	0.952	1.545	3.4852902709759603	0.5422389539787669	True	Both	Torticollis	Neurological
GU_612.2	384	22061	2.1945145492751923e-18	17.658661535507555	0.107	0.9317797032228877	0.723	1.141	2.5390238679825647	0.40466678345914975	True	Female	Breast conditions, congenital or relating to hormones	Genitourinary
MS_712.1	80	35731	4.643945152016827e-6	5.333112918200712	0.228	1.0429257132108103	0.597	1.489	2.8375066125270383	0.4529368822824683	True	Both	Loose body in joint	Muscloskeletal
SO_371.22	115	35727	0.020151107359631056	1.695701083172348	0.207	0.48142597406092186	0.075	0.888	1.6183805262166868	0.20908064397955642	True	Both	Posterior subcapsular polar cataract	Sense organs
NS_329.42	130	35750	2.2151830048956816e-26	25.654590389200155	0.182	1.9380632997610545	1.581	2.295	6.945286998017569	0.8416901966654338	True	Both	Cognitive communication deficit	Neurological
GU_594.33	64	35794	1.6840472096890932e-6	5.773645737883828	0.251	1.2039831895227344	0.711	1.697	3.333367950835749	0.5228832555140006	True	Both	Nocturnal enuresis	Genitourinary
MS_712.61	72	35773	0.0003094902895187353	3.509352972733001	0.244	0.8794336040398228	0.402	1.357	2.4095345692036996	0.3819331614347844	True	Both	Recurrent dislocation of joint	Muscloskeletal
PP_904.3	144	22309	0.1262096191198674	0.8989075438915756	0.193	0.29581211571992155	-0.083	0.675	1.3442175757532995	0.1284695695372881	True	Female	Antepartum hemorrhage	Pregnancy
GI_542.3	150	35672	0.15257370389778982	0.8165203106548609	0.19	0.271855253949249	-0.101	0.644	1.3123970232760183	0.11806523666656606	True	Both	Hepatic failure	Gastrointestinal
CV_404	1997	33119	1.7580804074333201e-9	8.754961265948241	0.059	0.35494561356311155	0.239	0.471	1.4261030915065351	0.15415092134622338	True	Both	Ischemic heart disease	Cardiovascular
SS_817	64	35715	0.00021820222257090446	3.661140830075067	0.257	0.9487524600470251	0.446	1.452	2.582485894514861	0.4120379580905584	True	Both	Motion sickness	Symptoms
NS_331.64	914	34677	2.2028714446391527e-52	51.65701084670438	0.069	1.0522029168702964	0.917	1.188	2.8639532248806856	0.4569659206392757	True	Both	Chronic migraine without aura	Neurological
MS_714.3	660	34797	4.380642012582501e-33	32.35846223605087	0.081	0.9716900987283389	0.813	1.131	2.6424066156104886	0.4219996479977436	True	Both	Scoliosis	Muscloskeletal
GI_522.9	1573	32675	2.9415802057659276e-57	56.53141930554725	0.055	0.8761108567717117	0.768	0.984	2.401541581489484	0.3804901106314846	True	Both	Gastritis	Gastrointestinal
CM_770	59	35772	0.17007676739832633	0.7693550072564015	0.293	0.4021922758987563	-0.172	0.977	1.4950987765018784	0.17466988608694003	True	Both	Other congenital malformations of musculoskeletal system	Congenital
NS_334.12	61	35789	6.94587486259215e-6	5.15827304523707	0.258	1.1606760038887458	0.655	1.667	3.192090412449806	0.5040751837663995	True	Both	Atypical face pain	Neurological
SO_386.4	276	35421	0.000027357845735242695	4.562918103667255	0.132	0.5545770161215415	0.295	0.814	1.7412043276283216	0.2408497378919562	True	Both	Visual field defects	Sense organs
MB_309.7	108	35487	1.8305274472062623e-16	15.737423754856279	0.194	1.5963676366478672	1.216	1.976	4.935073846720065	0.693293655685104	True	Both	Restlessness and agitation*	Mental
MS_721.6	194	35426	4.013724637603095e-7	6.396452425687994	0.152	0.772776403752982	0.474	1.072	2.165770968816925	0.33561252789495943	True	Both	Baker's cyst [popliteal cyst]	Muscloskeletal
CA_109.3	145	35698	0.007098001123263264	2.148863936261038	0.184	0.49432951642706846	0.134	0.854	1.6393986805954681	0.21468458122617867	True	Both	Malignant neoplasm of brain	Neoplasms
MS_745.6	805	34717	3.281482355059731e-20	19.483929926656423	0.077	0.7092937781587723	0.558	0.86	2.0325553167014916	0.30804237390266404	True	Both	Fracture of bones in thorax	Muscloskeletal
GE_971	130	35725	0.00004366116104713071	4.359904719619604	0.185	0.7556560203915841	0.393	1.118	2.129007737822496	0.32817723987303615	True	Both	Genetic coagulation defects	Genetic
GI_529	7677	24891	0.0	inf	0.031	1.19428368423569	1.134	1.254	3.3011922273314327	0.5186708138906457	True	Both	Symptoms involving digestive system	Gastrointestinal
MS_741	4935	28053	4.416263374737318e-221	220.35494503428603	0.034	1.0834435194922833	1.017	1.15	2.954837091304856	0.47053354196933694	True	Both	Sprains and strains	Muscloskeletal
NS_336.4	1917	33044	1.3920988865454673e-123	122.85632991389522	0.05	1.172906991849372	1.076	1.27	3.2313725719569453	0.5093870343459246	True	Both	Mononeuritis of upper limb	Neurological
DE_670	2028	32755	1.1617575355698753e-38	37.934884501852494	0.055	0.7164424823827759	0.608	0.824	2.0471375132840413	0.3111470166999073	True	Both	Seborrheic keratosis	Dermatological
GI_540.1	560	35157	7.995465072430242e-30	29.0971562695643	0.088	0.9939884907850783	0.822	1.166	2.701989870888572	0.4316837166233008	True	Both	Chronic hepatitis	Gastrointestinal
MS_705.12	190	35673	0.0038454298263200177	2.4150551094995065	0.162	0.4680488568418311	0.151	0.785	1.5968754190709935	0.2032710357875323	True	Both	Rheumatoid arthritis with rheumatoid factor*	Muscloskeletal
CA_132	566	35152	0.009752507585695385	2.010883703213109	0.1	0.2579467184968681	0.062	0.454	1.294269856143648	0.11202483646824125	True	Both	Sequelae of cancer	Neoplasms
GI_557.8	1181	33678	3.2442968268376974e-46	45.48887941822155	0.062	0.8877688486855674	0.766	1.01	2.4297025651441313	0.3855531121897448	True	Both	Hemorrhage of rectum and anus	Gastrointestinal
DE_684.2	361	35322	2.0519599662097374e-21	20.687831116573772	0.108	1.0299746824145457	0.818	1.242	2.800994919373152	0.4473123210726914	True	Both	Hypertrichosis and hirsutism	Dermatological
CM_765	51	35821	0.00008352930514192356	4.078161131359418	0.283	1.1139424847182395	0.559	1.669	3.0463449188543454	0.48377907427072886	True	Both	Congenital deformities of hip	Congenital
GU_604	289	12683	7.857459372708291e-13	12.104717855840669	0.124	0.8909542610966449	0.647	1.135	2.437454509866013	0.3869365192224619	True	Male	Disorders of penis	Genitourinary
GU_602.1	1128	11726	2.9551600069209604e-39	38.52941899930336	0.084	1.099389299511871	0.935	1.264	3.002331938384665	0.47745870624148695	True	Male	Benign prostatic hyperplasia	Genitourinary
NS_331.4	86	35737	2.7798527328214204e-8	7.555978210922612	0.217	1.2055697139238561	0.78	1.631	3.338660617790139	0.5235722743068125	True	Both	Cluster headaches	Neurological
ID_054.2	112	35722	0.00004791688756009943	4.319511399286805	0.198	0.8042940442307823	0.417	1.192	2.2351180472467083	0.34930046523707875	True	Both	Hepatitis B	Infections
MS_718.5	2298	32663	7.92823414398953e-108	107.10082353234455	0.046	1.0165332325785124	0.926	1.107	2.763597388250026	0.4414747735801228	True	Both	Sciatica	Muscloskeletal
SS_809.3	8408	24276	0.0	inf	0.031	1.243003587069979	1.183	1.303	3.46600830377152	0.53982959885044	True	Both	Pain in limb	Symptoms
NS_324	1593	33131	1.066171949579342e-116	115.9721727477191	0.053	1.2242007678709756	1.12	1.329	3.401446450838304	0.5316636382280884	True	Both	Extrapyramidal and movement disorders	Neurological
EM_230	1887	32748	4.069850946851718e-63	62.39042149597015	0.051	0.8484139640043792	0.749	0.948	2.335939028949404	0.368461502936766	True	Both	Malnutrition and underweight	Endocrine/Metab
SO_396.1	241	35441	2.161664591258468e-16	15.665211691264295	0.131	1.0779450303327147	0.821	1.335	2.93863453719557	0.46814557846853144	True	Both	Conductive hearing loss	Sense organs
MS_707	1465	33390	4.67009861146919e-61	60.33067394899175	0.058	0.9591298611270538	0.845	1.073	2.609424923222645	0.4165448061161117	True	Both	Other arthropathies	Muscloskeletal
MS_721.11	591	35103	3.7618419501449856e-27	26.424599454830776	0.088	0.9495294302077608	0.777	1.122	2.5844931886982816	0.41237539194396944	True	Both	Trigger finger	Muscloskeletal
CV_448	911	34475	6.894296575683742e-35	34.161510038245666	0.071	0.8808569095181211	0.741	1.021	2.4129665147302615	0.38255129515007197	True	Both	Peripheral vascular disease	Cardiovascular
NS_335	223	35521	1.2426367796867885e-24	23.905655796241472	0.135	1.3801480460638773	1.116	1.644	3.9754901395973734	0.5993906806150969	True	Both	Nerve root and plexus disorders	Neurological
PP_941	305	21919	2.157633178565176e-8	7.666022388228791	0.124	0.6917693009465159	0.45	0.934	1.9972461384536784	0.3004315901511418	True	Female	Abnormal forces of labor	Pregnancy
DE_675.1	114	35725	0.004404227297251291	2.356130275668795	0.204	0.5820529848768314	0.181	0.983	1.7897089070648482	0.2527823995073248	True	Both	Circumscribed scleroderma	Dermatological
RE_472.1	95	35779	0.00017495752997961884	3.757067361222099	0.215	0.8057222964074382	0.385	1.227	2.2383126402619293	0.3499207472761666	True	Both	Paralysis of vocal cords and larynx	Respiratory
GU_614.5	2482	18390	8.016629832662156e-110	109.09600816945783	0.046	1.0273552526689302	0.937	1.118	2.793667510969491	0.44617471718843743	True	Female	Inflammatory disease of cervix, vagina, and vulva	Genitourinary
MS_745.61	465	35266	6.534210441762225e-13	12.184806882682075	0.1	0.7173989949361869	0.522	0.913	2.049096562792416	0.31156242482372487	True	Both	Fracture of vertebrae	Muscloskeletal
CV_413.32	173	35342	0.015517372554026826	1.8091818128386623	0.172	0.416037561705018	0.079	0.753	1.5159428091977976	0.18068281731297295	True	Both	Tricuspid value insufficiency*	Cardiovascular
EM_209	463	35225	1.6670223777768026e-25	24.778058570250128	0.096	1.0004283615277638	0.813	1.188	2.7194464852452476	0.4344805169510193	True	Both	Disorders of the pituitary gland and its hypothalamic control	Endocrine/Metab
ID_016	199	35480	3.635673558908684e-11	10.43941511827987	0.146	0.9683039309401914	0.682	1.255	2.633474115452772	0.4205290540125526	True	Both	Chlamydia	Infections
EM_230.2	1048	34049	1.1723674266252844e-56	55.93093625662171	0.065	1.0283231322865416	0.901	1.155	2.7963727537752403	0.4465950619655127	True	Both	Abnormal weight loss and underweight	Endocrine/Metab
DE_685.82	576	34598	3.3124529655902467e-48	47.479850279675404	0.085	1.240698022586607	1.074	1.407	3.458026403056406	0.5388283049176396	True	Both	Generalized hyperhidrosis	Dermatological
GU_609	108	13007	0.0029207857785469617	2.534500294654883	0.208	0.6200720945847106	0.212	1.028	1.8590620653226513	0.269293889060331	True	Male	Male infertility	Genitourinary
GE_970.2	67	35812	0.022173217059692638	1.654171291553402	0.264	0.6032235898601259	0.086	1.12	1.8280020415630305	0.26197667643012307	True	Both	Thalassemia	Genetic
RE_462.2	2244	31796	1.4960414116132056e-112	111.82505638468935	0.046	1.0456281784679342	0.955	1.137	2.845185246511743	0.45411054803117246	True	Both	Chronic sinusitis	Respiratory
DE_683.2	197	35412	0.00001972898582730691	4.7048952391738	0.154	0.6567678217828444	0.355	0.958	1.9285488362488945	0.28523064089190764	True	Both	Nail dystrophy*	Dermatological
RE_484	211	35504	0.00361102229382935	2.4423698303056076	0.154	0.44875741063407615	0.147	0.751	1.5663646277039176	0.1948928671515709	True	Both	Pneumothorax and air leak	Respiratory
CV_416.6	70	35702	0.0033535993974332236	2.4744888170653803	0.252	0.7396514496685916	0.245	1.234	2.0952051027761947	0.3212265431228101	True	Both	Long QT syndrome	Cardiovascular
NS_355	933	34064	1.672244731123893e-66	65.77670016373976	0.068	1.1666456241299668	1.034	1.299	3.2112029705862546	0.5066677568962198	True	Both	Coma and other alteration of consciousness	Neurological
MS_724.4	54	35801	5.437129532325592e-6	5.264630320390946	0.273	1.2434192014423961	0.707	1.779	3.467449126029964	0.5400100978789806	True	Both	Panniculitis	Muscloskeletal
RE_471.5	198	35598	2.736859096620177e-7	6.562747561061029	0.15	0.7705644481108516	0.477	1.064	2.160985673884055	0.3346518877653675	True	Both	Nasal polyps	Respiratory
GI_542.2	1422	33476	3.7478404860877304e-45	44.42621890163861	0.058	0.8129895673878503	0.7	0.926	2.2546383144558484	0.3530768829614553	True	Both	Fatty liver disease (FLD)	Gastrointestinal
SO_360.2	166	35554	0.0011427884873125766	2.9420341434396313	0.17	0.5524081708280446	0.22	0.885	1.737432017075034	0.23990782034888866	True	Both	Chalazion	Sense organs
ID_011	72	35714	0.02700832788626701	1.5685023026043474	0.256	0.5666037357774432	0.064	1.069	1.7622717359116313	0.2460728758739116	True	Both	Klebsiella	Infections
PP_954.2	64	22553	0.05402095402147339	1.2674377503484393	0.274	0.5282865081496727	-0.009	1.066	1.6960236946083302	0.22943191535334012	True	Female	Disorders of lactation	Pregnancy
MS_700.4	159	35635	6.592242945612972e-12	11.18096679585055	0.161	1.1049667809971264	0.79	1.42	3.0191241748461053	0.47988097567345095	True	Both	Inflammatory myopathy	Muscloskeletal
SS_809.2	7253	26065	0.0	inf	0.031	1.2706339470309886	1.21	1.332	3.563110669949891	0.5518293117145072	True	Both	Chronic pain	Symptoms
ID_057.1	372	35465	1.9636129018120604e-9	8.706944123054457	0.112	0.6722208731912694	0.453	0.892	1.9585822569010833	0.2919418158471539	True	Both	Human immunodeficiency virus	Infections
MB_286.3	239	22315	1.0704257535812518e-27	26.970443450675205	0.13	1.4230625052542718	1.167	1.679	4.149809814056457	0.6180281934353475	True	Female	Premenstrual dysphoric disorder	Mental
CA_106.13	222	22403	8.663638296729306e-7	6.062299687616997	0.143	0.7056513452885719	0.425	0.987	2.0251653373277594	0.30646048540643295	True	Female	Malignant neoplasm of the cervix	Neoplasms
GI_550	1737	33420	9.755973783675741e-40	39.01072937539605	0.053	0.7055462651971253	0.601	0.81	2.024952543949288	0.30641484970255983	True	Both	Disorders of the gallbladder	Gastrointestinal
CV_440.21	74	35791	0.0005069596707610985	3.2950265879300877	0.243	0.8434549128919921	0.368	1.319	2.324383663414546	0.3663078144031801	True	Both	Embolism of cerebral or precerebral arteries	Cardiovascular
BI_180	756	34732	1.2550860226738918e-32	31.9013265069381	0.077	0.9141920724339945	0.764	1.065	2.494758853014561	0.3970285724577817	True	Both	Other disorders involving the immune mechanism	Blood/Immune
RE_471.2	870	34443	8.442938945112048e-41	40.073506351304395	0.071	0.9525421423949524	0.813	1.092	2.592291263605015	0.4136837962224294	True	Both	Deviated nasal septum	Respiratory
GU_594.4	2409	31633	3.0485637413886094e-130	129.51590472003065	0.045	1.1021681176518705	1.013	1.191	3.010686475330731	0.4786655316259014	True	Both	Frequency of urination and polyuria	Genitourinary
GU_594.31	576	35024	4.481343013751963e-43	42.348591812775574	0.087	1.1955023849266893	1.025	1.366	3.305217845093329	0.5192000888758385	True	Both	Urge incontinence	Genitourinary
GU_594	6535	26487	2.885922846817539e-294	293.53971528365463	0.032	1.1842864072047834	1.121	1.248	3.2683537154575673	0.5143290516420649	True	Both	Abnormality of urination	Genitourinary
CA_114.2	72	35826	0.17801016756269394	0.749555191004242	0.268	0.36087007178663255	-0.164	0.886	1.4345770567353198	0.15672388086096484	True	Both	Benign neuroendocrine tumors	Neoplasms
MS_701	423	35372	0.00006318987784260615	4.19935248420451	0.11	0.44016496156956764	0.225	0.656	1.5529633766587247	0.1911612139368201	True	Both	Osteomyelitis, periostitis, and other infections involving bone	Muscloskeletal
NS_333.5	328	35336	8.392929106736093e-38	37.07608644526332	0.111	1.4299625173892563	1.212	1.648	4.178542566303407	0.6210248306306367	True	Both	Parasomnias	Neurological
GI_542.7	735	34733	1.1654809686096274e-11	10.933494813773867	0.082	0.5582619439191054	0.397	0.72	1.7476323760298509	0.2424500817006501	True	Both	Chronic nonalcoholic liver disease	Gastrointestinal
MB_294	508	34947	1.3261381803611415e-34	33.877411221148634	0.092	1.1228875906699072	0.944	1.302	3.0737170376556393	0.48766388442557806	True	Both	Sexual dysfunction and disorders	Mental
SS_807.1	805	34327	6.973807582957619e-88	87.156530039583	0.072	1.4319637729678223	1.291	1.573	4.186913271090584	0.6218939648852861	True	Both	Chronic fatigue syndrome	Symptoms
NS_356.4	62	35713	0.0010073308409101326	2.996827869283481	0.263	0.8662936561426343	0.35	1.383	2.3780805153875093	0.37622655457053916	True	Both	Slurred speech*	Neurological
MS_705.1	609	35067	4.834175151100057e-9	8.315677618351577	0.091	0.5303950818699709	0.353	0.708	1.6996036585823606	0.23034765728475182	True	Both	Rheumatoid arthritis	Muscloskeletal
SO_397.1	1327	33663	2.078601629568438e-51	50.682228736574295	0.06	0.9008592443982372	0.784	1.018	2.4617174195758476	0.3912381988136873	True	Both	Tinnitus	Sense organs
GI_522.91	149	35412	0.000018072091125338563	4.742991592228689	0.173	0.7425415240153315	0.403	1.082	2.101269159861946	0.3224816864638894	True	Both	Acute gastritis	Gastrointestinal
GI_510	1892	32907	1.9122954221297452e-66	65.7184450146279	0.051	0.8792585112779467	0.779	0.979	2.409112714074109	0.3818571196144804	True	Both	Diseases of esophagus	Gastrointestinal
GU_626.13	2001	19326	7.997365826881542e-94	93.09705303741251	0.05	1.0301910658923872	0.932	1.128	2.8016010739737776	0.44740629522309305	True	Female	Irregular menstrual cycle	Genitourinary
EM_204.1	1002	34421	5.429976531324488e-34	33.265202047453194	0.069	0.8380150054913834	0.703	0.973	2.311773561512531	0.36394529263703107	True	Both	Impaired fasting glucose	Endocrine/Metab
NS_340	103	35730	0.00007494635573084365	4.125249479886597	0.206	0.8155947412923189	0.412	1.219	2.2605196970425245	0.35420829561256434	True	Both	Myopathies	Neurological
MS_745.11	206	35627	0.009638752187107958	2.0159791853222475	0.157	0.40755411044814915	0.099	0.716	1.5031367787383156	0.1769985012446196	True	Both	Fracture of femur	Muscloskeletal
MS_713.38	2372	31782	2.3324823156018908e-141	140.63218164029985	0.045	1.1370196044264136	1.049	1.225	3.117463231967789	0.49380134001820963	True	Both	Pain in ankle and joints of foot	Muscloskeletal
MS_742	761	34735	8.41632626090695e-30	29.074877437334212	0.077	0.8764680496372302	0.725	1.028	2.4023995482293152	0.3806452375219545	True	Both	Cartilage tear of knee	Muscloskeletal
CA_124	245	35503	0.0007898229464224686	3.102470253025539	0.142	0.47739738266126874	0.199	0.756	1.6118738475223542	0.2073310489648442	True	Both	Myeloproliferative disorder	Neoplasms
EM_247.52	439	35217	1.733800069267774e-12	11.761000984033885	0.103	0.725471157320499	0.524	0.927	2.065704142349118	0.3150681204042586	True	Both	Hypercalcemia	Endocrine/Metab
GI_540.11	250	35544	5.3718415248556e-23	22.269876807972036	0.128	1.2611639727295403	1.011	1.511	3.5295273709415023	0.5477165541316225	True	Both	Autoimmune hepatitis	Gastrointestinal
GU_617	258	22079	0.00020404669426987257	3.690270436773986	0.138	0.5131283077281256	0.242	0.784	1.6705088952916038	0.22284879255467865	True	Female	Noninflammatory disorders of cervix	Genitourinary
MS_708.1	545	35031	1.9923930503864467e-21	20.70062498178812	0.094	0.8954549749467172	0.711	1.08	2.4484495192730895	0.3888911544121739	True	Both	Osteoarthritis of more than one site	Muscloskeletal
MB_280.91	654	34920	1.6944495089830922e-34	33.770971367692184	0.081	0.9970299084538867	0.837	1.157	2.71022026030432	0.4330045875340274	True	Both	Psychoactive substance withdrawal	Mental
ID_092.2	1301	34129	2.0040429184354675e-9	8.698092981886575	0.064	0.38616389516845584	0.26	0.512	1.471325794243622	0.1677088487819262	True	Both	Sepsis	Infections
SO_376.4	50	35850	0.47890205601775393	0.3197532984444491	0.332	0.23484206558625118	-0.415	0.885	1.264709011882712	0.10199061320287048	True	Both	Vitreomacular adhesion	Sense organs
SO_374	1381	34034	3.591448211856042e-21	20.44473039164675	0.063	0.591321834272532	0.469	0.714	1.806374565812847	0.25680780965346983	True	Both	Disorders of the retina	Sense organs
SO_363	1468	33490	7.063539214346588e-48	47.150977639440924	0.058	0.8458836527537656	0.732	0.96	2.3300358477362058	0.3673626027231268	True	Both	Disorders of lacrimal system	Sense organs
NS_345.1	121	35590	0.00015903973566391358	3.7984943547764844	0.193	0.7273229620876025	0.35	1.105	2.0695329671512117	0.3158723489961738	True	Both	Toxic encephalopathy	Neurological
GU_610.1	765	21389	6.97501404733344e-10	9.15645491340587	0.083	0.5133654714030785	0.35	0.677	1.6709051263041972	0.22295179143001861	True	Female	Cystic mastopathy	Genitourinary
NS_341.1	50	35846	0.03658508593531927	1.4366959205078293	0.303	0.6344182556645361	0.04	1.229	1.8859246962642624	0.27552434765379447	True	Both	Cerebral palsy	Neurological
SO_387.5	59	35808	0.00042205124462088247	3.3746348146664604	0.267	0.942712446695367	0.419	1.467	2.566934657349594	0.4094148136213114	True	Both	Anisometropia	Sense organs
CV_416.2	998	34625	0.0011632102542238974	2.934341777966102	0.079	0.25796957796587827	0.102	0.414	1.2942994428034817	0.1120347642094916	True	Both	Atrial fibrillation and flutter	Cardiovascular
NS_349.13	199	35394	3.2129744884562613e-6	5.493092722804118	0.151	0.7047528290884932	0.408	1.001	2.02334651070929	0.3060702647788382	True	Both	Abnormal findings on diagnostic imaging of skull and head	Neurological
ID_052.3	724	34566	1.8007466030169835e-21	20.744547395816785	0.08	0.7613673346773725	0.605	0.918	2.1412019594992713	0.33065763215176924	True	Both	Varicella zoster virus	Infections
CV_424.3	462	35254	4.2477550127618215e-6	5.371840538930779	0.106	0.4852242481384005	0.278	0.692	1.6245392679070811	0.21073021345216153	True	Both	Diastolic heart failure	Cardiovascular
ID_005.1	97	35706	0.001663151895546996	2.7790680848842717	0.216	0.680453247338735	0.256	1.105	1.974772589840165	0.2955170905123612	True	Both	Mycobacterium tuberculosis	Infections
NS_343.1	86	35709	2.3084331368078475e-8	7.636682700162411	0.217	1.2146570618903096	0.789	1.641	3.3691384602077585	0.5275188593837781	True	Both	Peripheral autonomic neuropathy	Neurological
GU_626	5138	15839	1.0481395541237054e-143	142.97958088953655	0.037	0.9547812699314641	0.881	1.028	2.5981022376841794	0.414656236955814	True	Female	Disorders of menstruation and other abnormal bleeding from female genital tract	Genitourinary
MS_714.1	113	35676	3.146423773669996e-9	8.502182785154536	0.191	1.1284856178810936	0.755	1.502	3.090972041200322	0.49009507675294056	True	Both	Kyphosis	Muscloskeletal
BI_171	1287	33205	7.1713046549518255e-34	33.14440182719093	0.061	0.7385859043928416	0.619	0.858	2.0929737558888917	0.32076378268933387	True	Both	Elevated white blood cell count [Leukocytosis]	Blood/Immune
CV_416.212	146	35706	0.15745858728445528	0.8028336493586117	0.196	0.277192740639922	-0.107	0.662	1.3194206525098757	0.1203832776835574	True	Both	Persistent atrial fibrillation*	Cardiovascular
MB_287	1029	34397	1.1740593080051847e-86	85.93030996400083	0.064	1.2676727209191234	1.142	1.394	3.552575100395148	0.5505432675544563	True	Both	Psychotic disorder	Mental
ID_057	374	35462	1.3719164472556917e-9	8.862672337317855	0.112	0.6764704064190152	0.458	0.895	1.9669230269188904	0.2937873646786284	True	Both	Retrovirus	Infections
RE_463.1	1091	33890	1.3937999469313485e-44	43.8557995563518	0.065	0.9064821022626762	0.78	1.033	2.4755982952519417	0.3936801749567395	True	Both	Chronic rhinitis	Respiratory
CV_426	330	35219	3.011913092631444e-7	6.521157563658299	0.12	0.6164446472474628	0.381	0.852	1.8523306319253197	0.2677185086983697	True	Both	Complications and ill-defined descriptions of heart disease	Cardiovascular
CA_139	1960	32490	2.720995852071664e-41	40.56527212026499	0.052	0.7010125199592351	0.599	0.803	2.015792704874515	0.30444586916338895	True	Both	Benign sarcoma-related cancers	Neoplasms
MS_709.2	1233	34196	2.298641251326534e-64	63.638528803731454	0.062	1.0470375770908982	0.926	1.168	2.84919807385266	0.4547226420759277	True	Both	Acquired deformities of toe	Muscloskeletal
CV_433.3	88	35674	0.0000625391107847447	4.203848298085475	0.221	0.8839639082121424	0.451	1.317	2.420475257326533	0.383900647538166	True	Both	Cerebrovascular insufficiency	Cardiovascular
GE_961.82	70	22615	0.2353957594968058	0.6282013649578582	0.342	-0.405864965220658	-1.076	0.265	0.6664001485464716	-0.176264914793187	True	Female	Genetic susceptibility to malignant neoplasm of ovary	Genetic
SS_807	7663	24846	0.0	inf	0.031	1.3539858819734805	1.293	1.415	3.8728314562878876	0.5880285971159902	True	Both	Malaise and fatigue	Symptoms
MS_700.12	100	35756	0.00001269609724458752	4.896329759801883	0.207	0.9019714274747416	0.497	1.307	2.464456823105783	0.39172121378667935	True	Both	Cutaneous lupus erythematosus	Muscloskeletal
GU_614.54	96	22441	0.012319113483378453	1.909420544049002	0.223	0.5579109442626409	0.121	0.995	1.747019065308461	0.24229764448669763	True	Female	Abscess or ulceration of vulva	Genitourinary
GI_537.3	105	35722	0.14263978576544964	0.845759322110835	0.224	0.32804626292398775	-0.111	0.767	1.3882531954558823	0.1424686817968712	True	Both	Peritoneal abscess	Gastrointestinal
EM_202	4284	30780	7.318686539089811e-23	22.13556685336906	0.039	0.38446665865786245	0.308	0.461	1.4688307243474599	0.16697174833089073	True	Both	Diabetes mellitus	Endocrine/Metab
MS_723.1	276	35458	0.003968009940049574	2.4014272485886066	0.137	0.39531904142003593	0.126	0.664	1.4848578465149234	0.17168487828000464	True	Both	Adhesive capsulitis of shoulder	Muscloskeletal
ID_002.1	467	35042	2.406036768753525e-19	18.618697740111408	0.097	0.8721985306510921	0.682	1.062	2.3921643230379797	0.3787910089858936	True	Both	Staphylococcus aureus	Infections
EM_239.2	2928	32025	4.85740173941801e-67	66.31359597600047	0.044	0.768662554123978	0.682	0.856	2.156879614108077	0.33382590570170323	True	Both	Hyperglyceridemia	Endocrine/Metab
ID_092.8	403	35276	1.0200637169541309e-9	8.991372699750514	0.108	0.6567838164623709	0.446	0.868	1.9285796830161728	0.28523758729296583	True	Both	Bacteremia	Infections
GE_965.3	141	35684	0.000017611167455321285	4.754211853425216	0.178	0.7621543257959278	0.414	1.11	2.142887729680503	0.33099941805186467	True	Both	Lipoprotein deficiencies	Genetic
GI_506.51	134	35555	1.086061609550489e-13	12.964145537611927	0.174	1.2939159806297864	0.953	1.635	3.6470403681488412	0.5619405704339511	True	Both	Dry mouth*	Gastrointestinal
NS_351.3	1581	32623	5.148651104038425e-84	83.28830653694044	0.054	1.0465029396995966	0.941	1.152	2.8476751931579094	0.4544904520070663	True	Both	Paresthesia of skin*	Neurological
NS_344.2	173	35694	0.00355318080775171	2.449382692366869	0.169	0.49123683390492096	0.161	0.821	1.634336373039157	0.21334144627253138	True	Both	Benign intracranial hypertension	Neurological
GU_629	629	21831	7.945982122723429e-11	10.099852416377471	0.089	0.575532809398296	0.402	0.749	1.778077651056693	0.24995072327595594	True	Female	Female infertility	Genitourinary
BI_177.1	113	35547	1.1013551546668491e-7	6.958072611237012	0.192	1.019063789611477	0.643	1.395	2.7705996851762835	0.44257378053568075	True	Both	Lymphadenitis	Blood/Immune
MS_727.2	71	35767	0.001402666657488892	2.853045526415608	0.251	0.8001874451892698	0.309	1.291	2.2259581345334474	0.3475169919339606	True	Both	Hypertrophic osteoarthropathy [Hypertrophic pulmonary osteoarthropathy]	Muscloskeletal
CV_413.22	242	35501	0.00013689073844108185	3.863625933750557	0.142	0.5418156289949272	0.263	0.82	1.719125324127627	0.2353075378814364	True	Both	Aortic insufficiency	Cardiovascular
CA_136.4	2847	31955	1.4095891774948572e-57	56.8509074433335	0.048	0.7696824976798425	0.675	0.864	2.1590806318373796	0.334268861559868	True	Both	Benign neoplasm of colon, rectum, anus and anal canal	Neoplasms
GI_502.32	382	34878	2.1848750618445484e-16	15.660573392333303	0.107	0.8778007394393705	0.668	1.087	2.405603335961349	0.38122401734911276	True	Both	Periapical abscess	Gastrointestinal
PP_908.3	225	22290	1.8280004536632992e-6	5.73802370082131	0.143	0.6832759561749	0.403	0.964	1.9803546724695484	0.2967429773839272	True	Female	Gestational [pregnancy-induced] hypertension without significant proteinuria	Pregnancy
DE_686.2	545	35029	2.379163447890761e-7	6.623575721023402	0.096	0.49829141190322723	0.309	0.687	1.6459066903260868	0.2164052105693519	True	Both	Non-pressure chronic ulcer	Dermatological
MS_709.24	492	35222	1.496564320490941e-28	27.824904612980827	0.095	1.0498320289810827	0.864	1.235	2.857171155804156	0.455936257111779	True	Both	Hammer toe	Muscloskeletal
CA_107.2	316	12841	0.03414284263002862	1.4667003236682061	0.141	0.29924662719387507	0.022	0.576	1.3488422436321637	0.12996115891845955	True	Male	Malignant neoplasm of the prostate	Neoplasms
MS_719.3	80	35744	0.26149396441003947	0.5825383307112963	0.259	0.2904040429661231	-0.216	0.797	1.3369675712528095	0.1261208733825821	True	Both	Separation of muscle (nontraumatic)	Muscloskeletal
GI_502.14	285	35480	7.495217461241548e-20	19.125215762302403	0.121	1.102160987511484	0.865	1.339	3.0106650087900317	0.4786624350452763	True	Both	Deposits [accretions] on teeth	Gastrointestinal
RE_499.11	85	35361	0.000022524480560723654	4.647345215541465	0.223	0.9454902455611182	0.508	1.383	2.574074998153192	0.41062119634054417	True	Both	Acute cough*	Respiratory
RE_466	954	34206	7.550001017561592e-42	41.12205298983818	0.069	0.931628804363022	0.797	1.066	2.5386407610816386	0.4046012489169846	True	Both	Tonsillitis and adenoiditis	Respiratory
SO_373	161	35646	0.018997244231136575	1.721309393889934	0.178	0.416831244701611	0.069	0.765	1.5171464648265833	0.18102750945877374	True	Both	Disorders of choroid	Sense organs
CM_771	321	35133	2.374729822989352e-8	7.624385793643067	0.12	0.6707692159202083	0.435	0.906	1.9557411293975087	0.29131136910471733	True	Both	Congenital malformations of integument	Congenital
RE_460	9062	22895	0.0	inf	0.03	1.182340351089701	1.124	1.241	3.261999500558085	0.5134838902098106	True	Both	Respiratory infection	Respiratory
BI_177	1778	32720	2.1451374639924085e-38	37.66854487227157	0.053	0.6909454552468149	0.586	0.795	1.9956013934123606	0.30007379850982197	True	Both	Abnormality of the lymph nodes	Blood/Immune
MS_745.7	383	35311	3.0942080988315003e-10	9.509450481478588	0.11	0.6905251574279847	0.475	0.906	1.9947628227365124	0.29989126548634804	True	Both	Skull and face fracture	Muscloskeletal
MS_717	1391	33578	6.796031704383624e-82	81.16774460375727	0.057	1.0964464180968994	0.984	1.209	2.993509419702071	0.47618062908206915	True	Both	Other and unspecified dorsopathies	Muscloskeletal
GI_500.4	271	35386	1.0375958312127429e-22	21.983971781801518	0.123	1.206918190856244	0.966	1.448	3.343165761476795	0.5241579103975226	True	Both	Disturbances in tooth eruption	Gastrointestinal
GI_507.1	210	35299	3.671662451756159e-15	14.435137251783967	0.14	1.1044147305181111	0.829	1.38	3.017457925868265	0.47964122319668256	True	Both	Stomatitis	Gastrointestinal
RE_466.1	381	34980	9.972463225390511e-25	24.00119755652621	0.105	1.079708374522794	0.874	1.286	2.9438209326898077	0.46891138911997904	True	Both	Acute tonsillitis and adenoiditis	Respiratory
EM_256.7	1636	32570	4.868024390203427e-40	39.312647254496156	0.055	0.7254590897416584	0.618	0.833	2.065679214451929	0.3150628795213582	True	Both	Volume depletion	Endocrine/Metab
SO_374.51	127	35724	0.0005534932501426717	3.256887670979776	0.195	0.6736999851522744	0.291	1.056	1.961481362866484	0.2925841860099354	True	Both	Age-related macular degeneration	Sense organs
GU_624	263	21941	9.862912042175396e-12	11.00599483991382	0.129	0.8793854370442086	0.626	1.133	2.409418511957759	0.3819122427743792	True	Female	Symptoms involving female genital tract	Genitourinary
GI_523	1386	33133	7.017582976896498e-22	21.153812443503607	0.065	0.6220955810027043	0.495	0.749	1.862827660692731	0.2701726780458719	True	Both	Diverticular disease [Bowel diverticulosis]	Gastrointestinal
ID_054	844	34788	6.703864523811133e-35	34.17367477080316	0.073	0.8966041224211915	0.754	1.039	2.4512647661116334	0.38939022281923114	True	Both	Hepatovirus	Infections
GI_552.2	112	35713	0.04291539246630238	1.367386911446872	0.212	0.4285291641928841	0.014	0.843	1.5349981321421022	0.18610785134358213	True	Both	Obstruction of bile duct	Gastrointestinal
MS_717.3	215	35551	1.1409747103375374e-14	13.942723981596313	0.139	1.073827516158126	0.801	1.346	2.926559544371657	0.46635736478334916	True	Both	Occipital neuralgia*	Muscloskeletal
PP_938	1789	20106	2.6443295022296096e-12	11.577684429638733	0.058	0.4038160067604347	0.291	0.517	1.4975283865091116	0.17537506344026302	True	Female	Other conditions or status of the mother complicating pregnancy, childbirth, or the puerperium	Pregnancy
GI_513.2	253	35371	1.330274060891436e-10	9.876058877174614	0.132	0.8457827912198241	0.588	1.104	2.3298008485978503	0.36731879911549975	True	Both	Gastric ulcer	Gastrointestinal
MS_716.2	1905	32875	2.5437417184848112e-104	103.59452698733624	0.051	1.109578296725957	1.009	1.21	3.033079065333717	0.48188373150769215	True	Both	Degenerative disc disease	Muscloskeletal
CA_103	1942	32806	2.57795871702309e-12	11.588724041642283	0.056	0.3937558595007911	0.283	0.504	1.4825385567847609	0.17100599699826569	True	Both	Malignant neoplasm of the skin	Neoplasms
BI_164.6	826	34525	0.0004099437646527459	3.387275714929179	0.082	0.28897818497198596	0.129	0.449	1.335062603782729	0.12550163112375068	True	Both	Anemia secondary to chronic diseases and conditions	Blood/Immune
MS_709.21	684	34853	7.060523534503347e-36	35.15116309502241	0.081	1.0095383929925417	0.851	1.168	2.744333918821441	0.4384369533461373	True	Both	Hallux valgus (Bunion)	Muscloskeletal
CV_444.15	101	12995	0.01421488561705867	1.8472566305975353	0.219	0.5366326725960463	0.108	0.966	1.7102382231514324	0.2330566085174573	True	Male	Scrotal varices [Varicocele]	Cardiovascular
EM_204	5740	28203	3.2725257550710905e-124	123.48511692682725	0.034	0.8114521344394272	0.744	0.879	2.2511746225037528	0.35240918431565893	True	Both	Abnormal glucose	Endocrine/Metab
GI_542.1	414	35329	0.09789353861495326	1.0092459725122642	0.118	0.19474941501792836	-0.036	0.425	1.2150064859611929	0.08457859629617255	True	Both	Fibrosis and cirrhosis of liver	Gastrointestinal
GU_619	2284	19303	3.317368844836253e-73	72.47920623834743	0.048	0.8703645605475934	0.776	0.965	2.3877811856868396	0.3779945258899685	True	Female	Noninflammatory disorders of ovary, fallopian tube, and broad ligament	Genitourinary
CA_105	746	35014	0.0001297708290676737	3.886822920777015	0.088	0.3372526408452013	0.165	0.51	1.4010929923460334	0.14646696092637015	True	Both	Malignant neoplasm of the breast	Neoplasms
MB_288.4	651	34853	4.44139711705998e-88	87.35248039367224	0.08	1.587337177808854	1.431	1.744	4.890708486754469	0.6893717772422662	True	Both	Phobic disorders	Mental
CV_440.1	1354	33864	7.658304526859586e-32	31.115867368243595	0.06	0.7066535900421855	0.589	0.825	2.0271960661359554	0.30689575477244385	True	Both	Venous thromboembolism	Cardiovascular
GU_603.6	228	35492	3.222225894291687e-10	9.491844016615287	0.139	0.8748087306024098	0.602	1.147	2.398416506412135	0.37992460442141496	False	Both	Scrotal pain*	Genitourinary
GU_603.5	138	12899	0.14966092643258577	0.8248915707305534	0.199	0.28664811381325717	-0.103	0.677	1.3319554342833704	0.12448969407707286	True	Male	Orchitis and epididymitis	Genitourinary
DE_682.2	149	35671	0.000020084855510418688	4.697131288216779	0.173	0.7386195688216892	0.399	1.078	2.0930442158409672	0.3207784029650188	True	Both	Pilonidal cyst	Dermatological
NS_343	486	35167	9.632630287901807e-27	26.01625510814583	0.094	1.0026812868133357	0.819	1.186	2.7255801016900545	0.43545894997068346	True	Both	Disorders of autonomic nervous system	Neurological
CM_761	220	35491	0.000054961680926538365	4.2599399934529325	0.147	0.5916449757834457	0.304	0.879	1.806958374740689	0.2569481482285335	True	Both	Congenital malformations of the urinary system	Congenital
CA_136.2	203	35380	7.415592443367479e-7	6.1298541467789285	0.149	0.7398624758167077	0.447	1.033	2.095647292493702	0.32131819061447425	True	Both	Benign neoplasm of stomach	Neoplasms
MS_710.6	94	35720	1.3888975363226496e-8	7.857329792456095	0.208	1.1799270621463895	0.772	1.587	3.2541368444767786	0.5124358121384922	True	Both	Unequal limb length (acquired)	Muscloskeletal
CV_404.1	659	34932	0.023683619946083395	1.6255519167102506	0.095	0.21509283465309267	0.029	0.401	1.239977004458049	0.09341363118676671	True	Both	Myocardial infarction [Heart attack]	Cardiovascular
MB_286.12	449	35330	3.665002525365331e-82	81.43592572177269	0.098	1.876670683402734	1.685	2.068	6.531722450076601	0.815027722151412	True	Both	Bipolar II disorder*	Mental
EM_247.5	819	34490	8.713916614197588e-22	21.05978660026062	0.076	0.7295211909841373	0.58	0.879	2.0740872781970583	0.3168270276758991	True	Both	Disorders of calcium metabolism	Endocrine/Metab
CA_108.41	111	35768	0.020880275118528628	1.680263783367491	0.21	0.4861172855329493	0.074	0.899	1.6259906902129713	0.2111180546647473	True	Both	Malignant neoplasm of kidney, except pelvis	Neoplasms
SO_362	845	34680	1.700270567933854e-11	10.769481962850758	0.079	0.5293030521130235	0.375	0.683	1.6977486538566975	0.22987339478723545	True	Both	Other disorders of the eyelids	Sense organs
GU_608	430	12411	7.629457993386401e-17	16.117506313793804	0.103	0.8626134725122924	0.66	1.065	2.369344826731838	0.37462827112749103	True	Male	Other disorders of male genital organs	Genitourinary
MB_307	1343	34033	2.2134775977539e-310	309.6549248690866	0.119	4.487197575328813	4.254	4.721	88.87203937469428	1.9487651461749547	True	Both	Behavioral and emotional disorders with onset usually in childhood and adolescence	Mental
SS_829.2	174	35541	5.790229154871037e-8	7.237304248236874	0.158	0.8565055210093853	0.547	1.166	2.354917090248553	0.3719756214940458	True	Both	Abnormal level of blood mineral*	Symptoms
EM_252	668	34607	9.823387145604647e-18	17.00773873980881	0.084	0.7166780134565842	0.553	0.88	2.0476197345675975	0.311249306545579	True	Both	Other and unspecified disorders of metabolism	Endocrine/Metab
CV_416.43	208	35439	1.6890274693968799e-6	5.772363287249314	0.149	0.7126895546777152	0.421	1.004	2.039469152596402	0.3095171409066176	True	Both	Right bundle branch block	Cardiovascular
SS_809.21	1212	34225	1.4182724626306533e-94	93.84824032934317	0.06	1.2347512171919657	1.117	1.352	3.4375232176384194	0.5362456401497944	True	Both	Chronic pain syndrome	Symptoms
GI_557.1	242	35409	6.294126935380768e-9	8.201064502798786	0.135	0.7860906574022533	0.521	1.051	2.1947994100368957	0.34139483478549826	True	Both	Hematemesis	Gastrointestinal
SO_360	1100	33920	5.672983365671087e-24	23.246188489872253	0.067	0.6760786947296062	0.545	0.807	1.9661527110577919	0.2936172464534211	True	Both	Inflammation of eyelids	Sense organs
GI_522.6	148	35710	0.0033026820466074336	2.481133234377163	0.18	0.5298962540872647	0.176	0.883	1.6987560604781877	0.23013101913130252	True	Both	Eosinophilic gastroenteritis and colitis	Gastrointestinal
GU_581	1398	33618	2.7998180241874602e-27	26.552870194964747	0.06	0.644915475043628	0.528	0.762	1.9058259326098679	0.28008323210546193	True	Both	Renal tubulo-interstitial diseases	Genitourinary
GU_593	2039	32247	3.300765884733058e-73	72.48138527802482	0.049	0.8935943683251213	0.797	0.99	2.4438981533486897	0.38808310322342215	True	Both	Hematuria	Genitourinary
GU_612.21	109	22509	8.417012746006576e-7	6.074842015165062	0.197	0.9689160497659538	0.583	1.354	2.6350866080041735	0.4207948938408503	True	Female	Galactorrhea	Genitourinary
PP_932.1	69	22452	0.7135192006713633	0.14659433560690416	0.292	0.10738435778047854	-0.466	0.681	1.1133621016371207	0.04663643402678639	True	Female	Abnormality in fetal heart rate or rhythm	Pregnancy
CV_431	1111	34311	7.276787582665214e-18	17.138060302421245	0.069	0.5901696417870365	0.456	0.725	1.8042944731757984	0.2563074188149287	True	Both	Stroke and transient cerebral ischemic attacks	Cardiovascular
PP_903	254	22202	0.00006925543158592585	4.159546159948849	0.138	0.5497897589784199	0.279	0.821	1.7328886552855847	0.23877065853124654	True	Female	Preterm labor (including history of)	Pregnancy
MB_308.3	315	35316	1.3707206952589953e-27	26.863051030159678	0.114	1.2403278618906775	1.017	1.464	3.456746614474836	0.5386675461699799	True	Both	Hallucinations	Mental
ID_019.1	174	35646	3.695629504410029e-10	9.432311574317607	0.156	0.9759032291884177	0.671	1.281	2.6535629043581617	0.4238293873080942	True	Both	Treponema pallidum [syphilis]	Infections
RE_465	4791	27818	2.6857852955350023e-195	194.57092870823146	0.035	1.0393474204635489	0.971	1.108	2.8273713275180437	0.45138284948769813	True	Both	Pharyngitis	Respiratory
NS_344	302	35505	0.000235043875769019	3.6288510601718404	0.128	0.4718426391032797	0.22	0.723	1.6029451229971592	0.20491865448922192	True	Both	Disorders of the circulation of the cerebrospinal fluid	Neurological
MS_745	4232	30271	3.0870084087326474e-123	122.51046218753727	0.037	0.8627033503825018	0.791	0.934	2.369557787968764	0.37466730459056813	True	Both	Fractures	Muscloskeletal
GI_552	337	35266	2.0347514413417582e-6	5.69148863520864	0.119	0.5673835851485545	0.333	0.802	1.7636465784319693	0.246411560152501	True	Both	Other diseases of biliary tract	Gastrointestinal
GU_603.1	111	12959	0.00045100571617833336	3.3458179537118937	0.203	0.7120406038583945	0.314	1.11	2.038146066774093	0.30923530514676	True	Male	Hydrocele	Genitourinary
CM_758.1	64	35710	0.011139639536684906	1.9531288621031762	0.267	0.6768830530784876	0.154	1.2	1.9677348386195617	0.29396657484581307	True	Both	Congenital malformations of intestine	Congenital
GE_966	53	35821	0.012564584392421476	1.9008518722972831	0.29	0.7247934894924685	0.156	1.294	2.0643047553229557	0.31477381300598156	True	Both	Other inborn errors of metabolism	Genetic
MB_283	1777	32215	8.28923013512313e-132	131.08148580281446	0.05	1.2281565676829254	1.13	1.327	3.414928540712145	0.5333816202579321	True	Both	Other mental and behavioral problems	Mental
SO_392.2	81	35734	0.00006662592596579453	4.176356742107353	0.229	0.9131987646861381	0.464	1.362	2.492282020049165	0.39659718438405595	True	Both	Otorrhea	Sense organs
GU_596	924	34438	3.0009564525248655e-44	43.52274030666291	0.07	0.9772200990414454	0.84	1.114	2.657059603193349	0.42440129661864895	True	Both	Other disorders of bladder	Genitourinary
CV_418.1	1321	33127	5.704981247653169e-65	64.24374577877498	0.06	1.0155990498201901	0.899	1.133	2.761016888735722	0.44106906316309435	True	Both	Abnormal electrocardiogram [ECG] [EKG]	Cardiovascular
DE_682.12	77	35791	0.061633659294069124	1.2101820467096316	0.253	0.47217451239874547	-0.023	0.967	1.60347718596144	0.2050627852301337	True	Both	Pilar and trichodermal cyst	Dermatological
MB_280	4648	29874	7.768430719505748e-196	195.1096667030384	0.035	1.0303487169285166	0.963	1.098	2.8020427841030258	0.4474747621981504	True	Both	Psychoactive substance related disorders	Mental
BI_168.211	135	35744	0.0006789849472552481	3.168139853696593	0.185	0.629632314184576	0.266	0.993	1.8769203353916746	0.2734458396783359	True	Both	Activated protein C resistance*	Blood/Immune
NS_337.3	150	35699	0.21938842654141166	0.6587862866144332	0.192	0.23582068663080533	-0.141	0.612	1.2659472885399508	0.10241562292239469	True	Both	Toxic polyneuropathy	Neurological
GU_603	530	12332	2.5487115957831257e-17	16.59367930515304	0.094	0.7991768813267536	0.614	0.984	2.223709797918422	0.347078109624859	True	Male	Disorders of testis	Genitourinary
SO_377.2	91	35593	0.019588819556718956	1.7079917342681308	0.23	0.5374437556242987	0.086	0.989	1.7116259310455835	0.23340885740099268	True	Both	Conjunctival hemorrhage	Sense organs
CM_758	115	35627	0.0011808007658787724	2.92782337383335	0.2	0.6493591538867752	0.257	1.042	1.9143136553756257	0.282013097306391	True	Both	Congenital malformations of digestive system	Congenital
GU_616.2	50	22549	0.03503886379245131	1.4554499851714555	0.304	0.6405907452920492	0.045	1.236	1.8976015474379828	0.27820502583862844	True	Female	Hypertrophy of uterus	Genitourinary
PP_907.1	122	22491	0.2245316473084349	0.6487224373655052	0.25	-0.30402426553261674	-0.795	0.187	0.7378429620809001	-0.13203606088550446	True	Female	Placenta previa	Pregnancy
GI_550.4	96	35710	0.0005424922472854804	3.2656064639037536	0.215	0.7451379587547239	0.323	1.167	2.106732057064465	0.32360930374382946	True	Both	Cholesterolosis of gallbladder	Gastrointestinal
GE_961	319	35491	0.015159386998268532	1.8193183599606901	0.13	0.3148330033864799	0.061	0.569	1.3700305013981648	0.13673023609177598	True	Both	Genetic syndromes associated with neoplasms	Genetic
ID_020	177	35557	8.247458644229089e-11	10.083679853488363	0.154	1.0013993065464288	0.699	1.304	2.7220882005362377	0.43490219301485694	True	Both	Borrelia	Infections
NS_356.2	123	35623	7.937543482387247e-7	6.100313882599607	0.186	0.9206092526781752	0.555	1.286	2.510819647631555	0.3998155184272079	True	Both	Aphasia and dysphasia	Neurological
GI_500.41	82	35758	7.010523858079965e-8	7.154249528371005	0.223	1.2023478019198062	0.765	1.639	3.327921057317994	0.5221730157022759	True	Both	Impacted teeth*	Gastrointestinal
BI_164.2	420	35154	1.182768685221217e-16	15.927100182299165	0.103	0.8534823729952846	0.652	1.055	2.3478085777804467	0.37066268499354504	True	Both	Macrocytic anemia	Blood/Immune
GI_542	2002	32745	1.583632335161812e-46	45.80034563925187	0.05	0.7198858348458256	0.621	0.818	2.054198679347559	0.31264244567385774	True	Both	Chronic liver disease	Gastrointestinal
GI_520.1	1329	33876	6.193292639746928e-25	24.208078398623623	0.062	0.6399056399951605	0.518	0.762	1.8963019358026898	0.27790748838866697	True	Both	Hernia of the abdominal wall	Gastrointestinal
ID_052.4	136	35648	4.391808273829763e-13	12.35735662744577	0.173	1.249880939815107	0.912	1.588	3.4899274213213816	0.5428163951977514	True	Both	Infectious mononucleosis	Infections
NS_345.2	134	35594	0.027662433350651848	1.5581096194444053	0.194	0.42671182588074497	0.047	0.807	1.5322110545260414	0.18531859134286877	True	Both	Metabolic encephalopathy	Neurological
RE_482	61	35811	0.005720409960669231	2.2425728458089993	0.27	0.745834020179297	0.217	1.275	2.108198982457161	0.32391159937958725	True	Both	Suppurative and necrotic conditions of the lower respiratory tract	Respiratory
SO_386.9	74	35707	0.008245603740239724	2.0837775399642475	0.249	0.6572348226172654	0.17	1.145	1.9294496804957797	0.2854334567773409	True	Both	Visual distortions and subjective visual disturbances	Sense organs
SO_383.1	71	35760	3.818305535121956e-8	7.418129322954286	0.238	1.308842736216369	0.842	1.775	3.7018871724042492	0.5684231780179225	True	Both	Nystagmus	Sense organs
MS_711.1	343	35336	8.165892716586699e-25	24.08799633013191	0.111	1.1422587295932352	0.925	1.36	3.1338388715987695	0.4960766631681607	True	Both	Derangement of meniscus	Muscloskeletal
DE_676.1	194	35545	0.00006989021973639462	4.155583594092585	0.155	0.6172757367890425	0.313	0.922	1.8538707244298007	0.2680794463002452	True	Both	Hypertrophic scar [Keloid scar]	Dermatological
BI_168.4	238	35358	8.107175638350908e-6	5.0911304180842	0.141	0.6270254327391798	0.352	0.902	1.8720337986731463	0.2723136854516243	True	Both	Abnormal coagulation profile	Blood/Immune
EM_230.21	862	34294	4.36108772258791e-56	55.360405177474085	0.071	1.1149524786874867	0.976	1.253	3.049423263143537	0.4842177090783285	True	Both	Abnormal weight loss	Endocrine/Metab
GI_506.5	258	35372	2.577817481119901e-17	16.588747835527457	0.128	1.0814804656865877	0.831	1.332	2.9490422767348554	0.46968099853384415	True	Both	Disturbances of salivary secretion	Gastrointestinal
SO_381.8	66	35783	0.0011759803477891897	2.929599935843236	0.256	0.8314699819173077	0.329	1.334	2.296692356312799	0.36110282501488333	True	Both	Heterophoria	Sense organs
MS_719.92	159	35599	6.032515450716485e-10	9.219501557085596	0.163	1.0060229863965335	0.687	1.325	2.7347034067622626	0.4369102316598447	True	Both	Contracture of joint	Muscloskeletal
GU_593.2	500	34985	7.619030457969935e-13	12.118100290280273	0.097	0.6946933936622878	0.505	0.885	2.003094818212335	0.30170150748217506	True	Both	Microscopic hematuria	Genitourinary
NS_324.35	84	35755	1.2295418667504132e-15	14.910256678646197	0.223	1.7824216697905584	1.346	2.219	5.944233974562463	0.7740958956148196	True	Both	Myoclonus	Neurological
NS_324.34	690	34660	2.5319117800916374e-54	53.59655143060052	0.079	1.2200303792721823	1.066	1.374	3.3872906354824606	0.5298524614722402	True	Both	Tremor	Neurological
EM_208.22	238	35607	0.00016742169028143377	3.776188277768624	0.143	0.5371709349722983	0.257	0.817	1.71115902783641	0.23329037289727966	True	Both	Secondary hyperparathyroidism	Endocrine/Metab
SO_362.8	334	35492	0.005450887813928795	2.2635327562025447	0.126	0.3497216668955994	0.103	0.596	1.4186726300791006	0.15188219013476595	True	Both	Meibomian gland dysfunction of eyelid*	Sense organs
CV_416.413	53	35832	0.6295123953980879	0.2009957140072849	0.329	0.15871537866145352	-0.486	0.804	1.1720043217657417	0.06892921314585436	True	Both	Atrioventricular block, complete	Cardiovascular
MS_713.37	5778	28122	8.280098674260093e-237	236.08196448767993	0.033	1.0945097520412828	1.029	1.16	2.987717601840561	0.47533954570082554	True	Both	Pain in knee	Muscloskeletal
MS_714	1390	33582	4.539542961803695e-75	74.34298786942445	0.057	1.0501576802050558	0.938	1.162	2.8581017486042626	0.4560776856413755	True	Both	Deforming dorsopathies	Muscloskeletal
GI_510.8	270	35543	4.1196774609271935e-11	10.385136784554936	0.129	0.8480710065071934	0.596	1.1	2.3351380385071465	0.36831255838821086	True	Both	Barrett's esophagus	Gastrointestinal
CA_128	104	35783	0.07736562724454527	1.1114519490546637	0.222	0.3927421920316913	-0.043	0.829	1.4810365170910642	0.17056576680995078	False	Both	Estrogen receptor status	Neoplasms
MB_280.3	1301	33674	2.43353435424998e-92	91.61376251843387	0.058	1.1833930615396953	1.07	1.297	3.265435249627382	0.513941076549285	True	Both	Cannabis use disorders	Mental
MB_288.41	155	35697	1.6952134416191174e-23	22.770775612693047	0.162	1.6200563252783993	1.302	1.938	5.053374941298433	0.7035815224408685	True	Both	Agoraphobia	Mental
CM_766.13	98	35757	2.1177174060520668e-11	10.674131993794392	0.203	1.357527065130721	0.96	1.755	3.8865701731111026	0.5895665134205884	True	Both	Congenital pes cavus	Congenital
SS_834.3	384	35191	6.885661102686572e-13	12.162054356138325	0.109	0.7795945014909847	0.567	0.992	2.1805878610715403	0.33857359011965116	True	Both	High risk human papillomavirus (HPV) DNA test positive	Symptoms
GI_504.1	216	35381	1.1626221050273329e-12	11.934561424025313	0.14	0.9934948519614062	0.72	1.267	2.7006563929424536	0.4314693320061268	True	Both	Gingivitis	Gastrointestinal
NS_328.1	149	35631	2.579192513708291e-16	15.588516240444132	0.166	1.3564952681075668	1.032	1.681	3.882562089696061	0.5891184096669884	True	Both	Dementias	Neurological
MS_710.44	159	35663	0.0006839092248936866	3.1650015382564356	0.173	0.5864066939199316	0.248	0.925	1.7975177653318832	0.2546731913205555	True	Both	Foot drop (acquired)*	Muscloskeletal
BI_180.31	144	35715	4.941239629102833e-6	5.306164084164913	0.176	0.8035834324499627	0.459	1.148	2.2335303102299395	0.3489918504618933	True	Both	Monoclonal gammopathy	Blood/Immune
CA_122.2	201	35646	0.08352152254297256	1.0782015973640293	0.164	0.2838364381047833	-0.038	0.605	1.3282156675134504	0.12326859883198125	True	Both	Non-Hodgkin lymphoma	Neoplasms
EM_211.13	52	35823	0.024260185864948297	1.61510587618947	0.296	0.6668071296306516	0.087	1.247	1.948007644766281	0.2895906568923383	True	Both	Cushing's syndrome	Endocrine/Metab
GU_620	321	21899	5.524267983042351e-8	7.257725261893985	0.121	0.6588852794278548	0.421	0.897	1.9326367832258726	0.2861502410627995	True	Female	Noninflammatory disorders of vulva and perineum	Genitourinary
RE_494	789	34703	2.7104733506003817e-40	39.56695485834985	0.075	0.9957314623241564	0.849	1.143	2.706703468972756	0.4324406795448368	True	Both	Voice disturbance	Respiratory
MS_741.1	675	34575	2.1332948736401657e-31	30.670949110259095	0.081	0.9446420061084274	0.786	1.103	2.571892491960364	0.41025281062690794	True	Both	Sprains and strains of shoulder and upper arm	Muscloskeletal
GI_527.3	408	34866	1.7602324018167456e-27	26.75442998891119	0.101	1.1021180742559626	0.903	1.301	3.0105358141253222	0.4786437980552029	True	Both	Functional dyspepsia	Gastrointestinal
GU_615	599	21747	1.4577732183663564e-20	19.836310032720785	0.087	0.8109423576256581	0.64	0.982	2.2500273183368322	0.3521877910584367	True	Female	Endometriosis	Genitourinary
GU_616	344	21741	2.949875638958917e-10	9.530196292649753	0.116	0.7305607253330102	0.503	0.958	2.07624448421592	0.31727849170736355	True	Female	Disorders of uterus, except cervix	Genitourinary
MB_280.2	1493	33930	4.712342885251683e-79	78.3267631164054	0.055	1.0321141936857308	0.925	1.14	2.806994094937112	0.44824149901173693	True	Both	Opioid use disorders	Mental
EM_256.1	110	35615	0.03142079691167348	1.5027828043389035	0.212	0.4572070550388696	0.041	0.874	1.5796559261096212	0.1985625010906174	True	Both	Hyperosmolality and/or hypernatremia	Endocrine/Metab
EM_203	344	35364	3.5804029380210224e-20	19.446068095168464	0.111	1.0198142243606674	0.803	1.237	2.7726796197861296	0.4428996902062826	True	Both	Metabolic syndrome [Dysmetabolic syndrome X]	Endocrine/Metab
CA_138.2	2196	31834	3.461328649884624e-30	29.460757162897412	0.05	0.5684118231275679	0.471	0.666	1.7654609594733595	0.2468581182328699	True	Both	Melanocytic nevi*	Neoplasms
CV_413.12	175	35633	8.36580028993071e-6	5.077492507196975	0.161	0.7160731285377386	0.401	1.031	2.0463815347925656	0.3109866083631379	True	Both	Mitral valve prolapse*	Cardiovascular
GU_625.3	67	22612	0.9068673354605397	0.04245624071440978	0.309	-0.036195261300716104	-0.643	0.57	0.9644519549529059	-0.01571940225394733	True	Female	Vulvodynia	Genitourinary
PP_922.2	74	22606	0.81652188292871	0.08803217160357028	0.297	-0.0689776313186407	-0.652	0.514	0.9333475575988132	-0.029956604656442596	True	Female	Thyroid dysfunction complicating pregnancy, childbirth, or the puerperium	Pregnancy
NS_324.31	321	35226	4.14792225975075e-30	29.382169391742412	0.113	1.2874535616030376	1.066	1.509	3.623547656715252	0.5591339775108874	True	Both	Dystonia	Neurological
ID_086.2	99	35630	8.339382130658645e-8	7.078866125283828	0.204	1.0923140210788287	0.693	1.492	2.981164574770155	0.47438595186008764	True	Both	Scabies	Infections
MS_740.5	51	35806	0.002718848821729007	2.5656149401558612	0.29	0.8693777759747496	0.301	1.438	2.385426122210733	0.3775659707951552	True	Both	Dislocation of finger	Muscloskeletal
SO_374.71	254	35571	0.000060257616344422605	4.219988052034368	0.14	0.5635173600935001	0.288	0.839	1.7568410880979932	0.2447324799452948	True	Both	Puckering of macula	Sense organs
SO_371.3	1271	34211	6.062113210102532e-20	19.217375957433305	0.07	0.6378613518587576	0.501	0.775	1.8924293079845225	0.27701966533160693	True	Both	Nuclear cataract	Sense organs
BI_169.11	75	35813	0.2504710125138735	0.6012425286139866	0.266	0.30553861727515014	-0.216	0.827	1.3573559014883483	0.13269373549094726	True	Both	Immune thrombocytopenic purpura [ITP]	Blood/Immune
MS_714.6	507	34926	6.920365876489919e-30	29.1598709439912	0.093	1.0576177366020385	0.875	1.24	2.8795030771431773	0.4593175469692722	True	Both	Spondylolisthesis	Muscloskeletal
MB_309.8	115	35701	2.2755797146015086e-12	11.642907946356145	0.187	1.3154090429484129	0.948	1.683	3.726274880024285	0.5712748887981334	True	Both	Homicidal ideations	Mental
CA_104.1	67	35805	0.02208269954677886	1.655947836440773	0.264	0.6037026828784567	0.087	1.121	1.8288780344029092	0.2621847438843025	True	Both	Malignant neoplam of the bone and/or cartilage	Neoplasms
GI_540	1045	34450	2.0206304569868335e-36	35.69451310517159	0.066	0.8359097590105798	0.706	0.966	2.306911827727339	0.36303099570737185	True	Both	Hepatitis	Gastrointestinal
SO_391	2665	31288	1.7891378201501558e-114	113.74735620374493	0.043	0.978312896918869	0.894	1.063	2.6599648194058427	0.42487589270664966	True	Both	Disorders of the middle ear	Sense organs
SO_379	150	35518	0.0041880926889857365	2.3779837152764833	0.18	0.5152625386210599	0.163	0.868	1.6740779542260373	0.22377567725458747	True	Both	Infection of the eye	Sense organs
RE_499.12	310	35212	8.236768695348681e-18	17.084243129687575	0.117	1.0071236467079003	0.777	1.237	2.7377150433558426	0.43738824235952123	True	Both	Chronic cough*	Respiratory
ID_055	77	35762	4.745813433507821e-7	6.323689338683082	0.23	1.1579971423504756	0.707	1.609	3.1835506876942787	0.502911768982546	True	Both	Poxvirus	Infections
GU_622.1	257	22214	0.00021785080611815282	3.6618408286957838	0.138	0.5118591959624982	0.241	0.783	1.6683901775272005	0.2222976243179482	True	Female	Polyp of corpus uteri	Genitourinary
DE_680.2	154	35490	1.24578783472618e-6	5.904555914381036	0.169	0.8205449701097297	0.489	1.152	2.2717375292998843	0.35635815267212434	True	Both	Keratoderma	Dermatological
MS_733.2	58	35789	0.016627714320860364	1.7791674456729036	0.28	0.6708018334962494	0.122	1.22	1.9558049219728875	0.29132553473800504	True	Both	Anomalies of dental arch relationship	Muscloskeletal
CV_444.6	56	35826	0.9501232883785126	0.022220036828615425	0.337	-0.021074219118421354	-0.681	0.639	0.9791462904981039	-0.009152417073550415	True	Both	Chronic venous hypertension	Cardiovascular
MS_712.6	614	34890	2.6598265554057976e-44	43.57514668234867	0.083	1.1538478338136045	0.992	1.316	3.170368520999513	0.5011097471812688	True	Both	Instability of joint	Muscloskeletal
GI_506.3	102	35672	0.0044464462294768045	2.3519869552054433	0.214	0.6094959122938717	0.19	1.029	1.839503893731126	0.2647007114518168	True	Both	Sialoadenitis	Gastrointestinal
GU_626.11	1177	20661	7.996977880315514e-31	30.097074105241983	0.065	0.7474635799535425	0.621	0.874	2.111637219360512	0.32461930819747364	True	Female	Oligomenorrhea	Genitourinary
BI_168.1	266	35402	9.997570061792413e-9	8.000105543699245	0.13	0.7457725532232166	0.491	1.001	2.108069401865401	0.3238849046197421	True	Both	Hypo-coagulability	Blood/Immune
GI_520.14	377	35275	1.0917809792356187e-9	8.961864476145617	0.111	0.677102355689981	0.459	0.895	1.9681664153296177	0.29406181675985166	True	Both	Ventral hernia	Gastrointestinal
NS_325.1	224	35441	9.849473954901393e-13	12.006586963876424	0.138	0.9857674315383826	0.715	1.257	2.6798677104669846	0.4281133559570612	True	Both	Abnormality of gait	Neurological
MB_280.1	2070	33060	8.922547451207928e-92	91.04951113373454	0.048	0.9780762908408088	0.884	1.072	2.6593355300119286	0.42477313599256333	True	Both	Alcohol use disorders	Mental
GI_540.4	95	35751	0.00044536404211203116	3.3512848500382293	0.216	0.7584239056048747	0.335	1.182	2.134908749753433	0.3293793171477098	True	Both	Alcoholic hepatitis	Gastrointestinal
NS_336	2729	31799	5.737242004032792e-165	164.24129683064757	0.043	1.1818273686895453	1.097	1.266	3.260326581350723	0.5132611047841095	True	Both	Mononeuropathies	Neurological
GU_619.21	52	22554	0.9044571676118119	0.04361199520581956	0.352	-0.04228443678072425	-0.733	0.648	0.9585970815236231	-0.018363897564255428	True	Female	Follicular cyst of ovary	Genitourinary
EM_247.71	71	35812	0.001743432645789084	2.758594826106855	0.249	0.7792143985431651	0.291	1.267	2.1797591707013706	0.33840851350685786	True	Both	Hemochromatosis	Endocrine/Metab
MB_282	6374	27621	9.250544891721777e-151	150.03383268493684	0.032	0.8273936496559768	0.765	0.889	2.287349330742035	0.3593324964073831	True	Both	Nicotine dependence (current and history of)	Mental
DE_672.2	1444	33656	1.2969215104551772e-33	32.88708630657411	0.063	0.7558377401963537	0.633	0.878	2.129394655847235	0.3282561597815001	True	Both	Skin changes due to chronic exposure to nonionizing radiation	Dermatological
GI_542.4	167	35675	0.6445629029683954	0.19073469339355323	0.2	-0.09212635425424358	-0.484	0.299	0.9119899084598819	-0.040009967290482146	True	Both	Portal hypertension	Gastrointestinal
EM_239.21	689	34819	5.896694399885991e-27	26.229391379239708	0.081	0.8663146626457886	0.708	1.024	2.378130471068052	0.37623567757894316	True	Both	Pure hyperglyceridemia	Endocrine/Metab
MS_723.3	151	35600	1.0481364289791534e-8	7.979582184435748	0.168	0.9598762345051192	0.631	1.289	2.6113732555186306	0.416868951955645	True	Both	Medial epicondylitis (Golfer's elbow)	Muscloskeletal
MS_729	219	35497	8.997256686151154e-11	10.045889889191942	0.14	0.9073925104559836	0.633	1.182	2.4778531264759454	0.3940755602113724	True	Both	Other acquired musculoskeletal deformity	Muscloskeletal
RE_465.1	4753	27867	8.829672973334348e-193	192.054055381191	0.035	1.0358626196825984	0.967	1.104	2.8175356493509214	0.4498694197379993	True	Both	Acute Pharyngitis	Respiratory
CA_101	477	35152	0.005435260893299511	2.264779604880174	0.108	0.29885991467179757	0.088	0.51	1.3483207302906128	0.12979321180403836	True	Both	Malignant neoplasm of the digestive organs	Neoplasms
MB_306	191	35547	3.3670362140053153e-48	47.47275221255219	0.161	2.3489847689435948	2.033	2.665	10.474929850578135	1.0201511232269882	True	Both	Conduct disorders	Mental
NS_351.1	1438	32866	2.3614711795041778e-73	72.62681735038738	0.056	1.0206846461142864	0.91	1.131	2.775094071086036	0.443277709570808	True	Both	Anesthesia of skin*	Neurological
MS_723.2	564	34950	1.70597039425947e-27	26.768028509933625	0.09	0.9754415985470024	0.799	1.151	2.6523382211099924	0.4236289036678501	True	Both	Rotator cuff tear or rupture	Muscloskeletal
MB_301	256	35565	1.4523101678587189e-61	60.837940622062796	0.137	2.274226819269199	2.005	2.543	9.720400479995384	0.987684158204997	True	Both	Pervasive developmental disorders	Mental
ID_070	1715	32613	3.27750617668002e-94	93.48445648118005	0.052	1.0760814951731532	0.974	1.179	2.9331633878373347	0.46733625543190116	True	Both	Candidiasis	Infections
CV_417.2	2193	31842	2.087523125749738e-153	152.68036870466838	0.046	1.2071267166127417	1.117	1.297	3.34386297033678	0.5242484719829041	True	Both	Tachycardia	Cardiovascular
CV_431.2	312	35375	5.511767528714276e-9	8.258709108068082	0.123	0.7148856737619519	0.475	0.955	2.0439529914440566	0.310470903306504	True	Both	Transient cerebral ischemic attack [TIA]	Cardiovascular
CA_103.21	455	35292	0.006625702870539996	2.178768043941273	0.112	0.3041757507739313	0.085	0.524	1.3555072666073928	0.13210185008989714	True	Both	Basal cell carcinoma	Neoplasms
SO_367	2250	31727	4.3627263639462536e-92	91.36024202569183	0.047	0.9476988470397975	0.856	1.039	2.5797663866914036	0.4115803797754579	True	Both	Inflammation of the eye	Sense organs
NS_336.52	112	35696	4.3104940145543235e-14	13.365472953621154	0.19	1.431715163293564	1.06	1.803	4.185872493325182	0.6217859950756081	True	Both	Meralgia paresthetica	Neurological
CA_144.13	129	22416	0.00007321501559002891	4.135399840811354	0.187	0.7415159171830937	0.375	1.108	2.0991151886078465	0.32203627107604627	True	Female	Benign neoplasms of the cervix	Neoplasms
SO_380.1	227	35545	0.052664786015974456	1.278479676071587	0.154	0.29797010077235403	-0.003	0.599	1.3471215093847333	0.12940677053758926	True	Both	Optic neuropathy	Sense organs
SO_392.1	1160	33171	1.7046545051058235e-60	59.768363629416676	0.062	1.0188535002321526	0.897	1.141	2.7700171187440454	0.4424824530186374	True	Both	Otalgia [ear pain]	Sense organs
EM_239.11	2501	32336	1.0180783067164684e-39	38.992218816432526	0.049	0.6488148501504463	0.552	0.745	1.9132719708226142	0.28177670919722403	True	Both	Pure hypercholesterolemia	Endocrine/Metab
CA_144.21	929	21216	2.88939204879114e-11	10.53919352666571	0.076	0.5024363538717995	0.354	0.65	1.6527430363843418	0.21820533599411207	True	Female	Leiomyoma of uterus	Neoplasms
GU_602	1396	11436	1.440332657711838e-43	42.8415371921243	0.078	1.0821054947072966	0.929	1.235	2.9508860898994547	0.4699524451885673	True	Male	Disorders of prostate	Genitourinary
MB_280.4	289	35460	1.8575972813322582e-35	34.73104843321234	0.119	1.473588310677784	1.241	1.706	4.364869581799211	0.6399712719244963	True	Both	Sedative, hypnotic, or anxiolytic related disorders	Mental
PP_920.1	96	22554	0.33418362984449745	0.4760148280582177	0.24	0.23162996883154136	-0.238	0.702	1.2606531615490462	0.1005956173069606	True	Female	Polyhydramnios	Pregnancy
SO_369.1	140	35683	0.0007592049242148791	3.119640983730903	0.183	0.6158976505531593	0.257	0.974	1.8513176902560282	0.2674809510524143	True	Both	Corneal scars and opacities	Sense organs
RE_474.13	90	35756	0.06441488350955883	1.1910137742665992	0.237	0.4377730292148798	-0.026	0.902	1.5492532322885457	0.19012241091409335	True	Both	Centrilobular emphysema*	Respiratory
NS_350.3	92	35712	6.199609462913749e-9	8.207635667508772	0.21	1.2195137521671209	0.808	1.631	3.385541121289589	0.5296280931713104	True	Both	Abnormal reflex	Neurological
CA_110	300	35528	5.433333458131795e-8	7.264933640340376	0.124	0.6747525474610224	0.431	0.918	1.9635470311499272	0.29304130801248407	True	Both	Malignant neoplasm of the endocrine glands	Neoplasms
MS_718.2	4009	29563	2.891346673224378e-253	252.5388998331851	0.037	1.2531122594552704	1.181	1.325	3.5012227318918248	0.5442197394867399	True	Both	Cervicalgia	Muscloskeletal
GI_554.12	189	35635	0.0032577891167893253	2.487077031868796	0.162	0.4754997440730559	0.159	0.792	1.6088179938798794	0.20650691499733664	True	Both	Chronic pancreatitis	Gastrointestinal
SO_380.21	102	35767	0.0021093377496275894	2.675853874952126	0.212	0.6522724208690345	0.236	1.068	1.9198986935450908	0.28327831308109713	True	Both	Papilledema	Sense organs
BI_162.8	215	35567	0.12129499973091554	0.9161571021345122	0.16	0.24790126916201966	-0.066	0.561	1.2813334188265655	0.10766215325387787	True	Both	Pancytopenia	Blood/Immune
NS_336.5	682	34667	1.2880591559572335e-36	35.89006419092354	0.08	1.012867369716513	0.856	1.17	2.7534849659203426	0.43988270956774245	True	Both	Mononeuritis of lower limb	Neurological
MS_700.41	129	35679	1.3207393904020811e-12	11.87918286934694	0.177	1.2558499975339854	0.909	1.603	3.510821295868768	0.5454087240272223	True	Both	Myositis	Muscloskeletal
GI_554.2	202	35651	0.0011244252118065214	2.9490694252260186	0.156	0.5075103701670217	0.202	0.813	1.6611503929772224	0.22040895327221424	True	Both	Cyst and pseudocyst of pancreas	Gastrointestinal
DE_683.1	626	34816	2.5271469699573273e-31	30.597369500309835	0.083	0.9701110937577101	0.807	1.133	2.6382375347958975	0.4213138948521017	True	Both	Ingrowing nail	Dermatological
GE_960	67	35786	0.0015523221155580112	2.8090181551821582	0.255	0.8074948159318658	0.307	1.308	2.2422836113908207	0.35069054272469136	True	Both	Chromosomal anomalies	Genetic
CV_419.1	62	35813	0.6095575009174499	0.21498532014688232	0.305	0.15565750745628062	-0.442	0.753	1.1684259573749058	0.06760119655507692	True	Both	Presence of cardiac pacemaker	Cardiovascular
EM_209.2	114	35759	4.232801197697882e-6	5.373372128589611	0.194	0.8914150668840515	0.512	1.271	2.4385779618374053	0.38713664463316166	True	Both	Hypopituitarism	Endocrine/Metab
CA_108.5	78	35802	0.49505924316407857	0.3053428264407548	0.27	0.18440867266596916	-0.345	0.714	1.2025071544972818	0.08008766895393343	True	Both	Malignant neoplasm of the bladder	Neoplasms
SS_819	3211	29453	1.7736791395757003e-161	160.7511249417281	0.041	1.102812714604997	1.023	1.183	3.012627780271955	0.47894547652569597	True	Both	General symptoms and other findings	Symptoms
GU_627.1	422	22086	2.614765356485567e-9	8.582567277716683	0.111	0.6580751668043873	0.441	0.875	1.9310717637778003	0.2857984136207074	True	Female	Postmenopausal bleeding	Genitourinary
CV_444.5	551	35015	5.541794646731463e-15	14.256349571199712	0.093	0.7266499791883219	0.544	0.909	2.0681406754016387	0.31558007623660095	True	Both	Venous insufficiency (chronic) (peripheral)	Cardiovascular
ID_089.3	3874	29547	9.045574239156297e-187	186.043563857662	0.037	1.0868573832530453	1.014	1.16	2.964941740704328	0.4720161641626053	True	Both	Fungal infections	Infections
CA_144.2	1199	20854	1.7069873109906232e-14	13.767769707231626	0.067	0.5137460129804815	0.382	0.645	1.671541096175466	0.2231170585372195	True	Female	Benign neoplasms of the uterus	Neoplasms
CM_763	457	35234	3.8069030168714156e-10	9.419428186956077	0.101	0.6352625400821604	0.436	0.834	1.8875176254461523	0.2758910157175256	True	Both	Congenital anomalies of the heart	Congenital
MS_703.1	506	35176	2.8808742403365046e-7	6.540475699692508	0.101	0.5204772742950386	0.322	0.719	1.6828306298652858	0.2260404081823805	True	Both	Gout	Muscloskeletal
MB_287.5	123	35686	1.0868017479065619e-15	14.963849671776448	0.181	1.4520823580835858	1.097	1.807	4.272001095450697	0.630631355384763	True	Both	Drug-induced psychotic disorder	Mental
CV_430.3	69	35807	0.5049533083223535	0.2967487780703426	0.286	0.19079030003507222	-0.37	0.752	1.210205645389209	0.08285917450589768	True	Both	Nontraumatic subdural hemorrhage	Cardiovascular
BI_176	290	35328	3.1398890184787158e-12	11.503085702090505	0.123	0.8572513339666623	0.616	1.098	2.3566740730365963	0.37229952394592314	True	Both	Other diseases of blood and blood-forming organs	Blood/Immune
NS_334.23	103	35620	0.17746912922039604	0.750877181624335	0.227	0.306655333557737	-0.139	0.752	1.358872529588843	0.13317871921032629	True	Both	Facial weakness	Neurological
CV_430.2	78	35768	0.128136084520033	0.8923285509647625	0.256	0.3892442307730671	-0.112	0.891	1.475864958959816	0.16904662153741892	True	Both	Nontraumatic intracerebral hemorrhage	Cardiovascular
PP_940.1	155	22364	0.5412066723725804	0.2666368577567319	0.21	-0.1280543350397932	-0.539	0.283	0.8798055735750464	-0.055613291091572384	True	Female	Maternal care for breech presentation	Pregnancy
NS_334.2	305	35319	0.003655956402539064	2.436998991890505	0.13	0.37921218033606063	0.123	0.635	1.461133026551895	0.1646897573904519	True	Both	Facial nerve disorders and weakness	Neurological
MS_718.1	3442	31192	4.891142127349845e-184	183.3105897172182	0.04	1.1464665435673276	1.069	1.224	3.147053264952243	0.4979040935579844	True	Both	Radiculopathy	Muscloskeletal
MB_280.41	276	35488	2.332450073090331e-34	33.63218764370726	0.121	1.4830810066527904	1.245	1.721	4.4065012474592296	0.6440938974048268	True	Both	Sedative, hypnotic or anxiolytic-related abuse or dependance	Mental
ID_052.1	1134	33976	1.1927797343223126e-58	57.923439748283066	0.063	1.0116375132310698	0.889	1.134	2.750100656111696	0.4393485896825815	True	Both	Herpes simplex	Infections
RE_472.3	63	35793	0.04477580326468883	1.3489566142942813	0.275	0.5517635653719147	0.013	1.091	1.7363124198051945	0.23962787175628672	True	Both	Edema of larynx	Respiratory
EM_252.3	213	35499	0.14730459707099933	0.8317836995157224	0.161	0.23361717462212866	-0.082	0.55	1.2631608296126182	0.1014586498162189	True	Both	Disorders of bilirubin excretion	Endocrine/Metab
DE_669.3	249	35510	1.4815763655893081e-10	9.82927595856172	0.132	0.8485571297926231	0.589	1.108	2.336273479442136	0.3685236790485976	True	Both	Hidradenitis suppurativa	Dermatological
CA_108.4	134	35740	0.07719730680956767	1.1123978506765162	0.198	0.34921225104992165	-0.038	0.737	1.4179501198062243	0.151660953643994	True	Both	Malignant neoplasm of the kidney	Neoplasms
MS_707.2	50	35789	0.0001938373725974045	3.7125624855512265	0.287	1.0698493296342482	0.507	1.632	2.9149402717715978	0.4646296603280471	True	Both	Traumatic arthropathy	Muscloskeletal
RE_480.1	67	35754	0.009546137533527657	2.0201723129383624	0.261	0.675749419692033	0.165	1.187	1.9655054126254399	0.2934742441215745	True	Both	Acute pulmonary edema	Respiratory
ID_086	144	35498	1.0357842954930308e-9	8.984730678018282	0.17	1.0376099990407275	0.704	1.371	2.8224632569314725	0.45062829695102635	True	Both	Pediculosis, acariasis and other infestations	Infections
GI_554.3	53	35814	0.012812191338678619	1.8923765841580906	0.29	0.7226968932343698	0.154	1.292	2.0599812755768316	0.31386327282031035	True	Both	Exocrine pancreatic insufficiency*	Gastrointestinal
GU_621	558	21778	3.5705214750327186e-16	15.447268350501224	0.091	0.7438908115453768	0.565	0.923	2.1041062897581777	0.32306767459268904	True	Female	Dysplasia of female genital organs	Genitourinary
MB_284.1	1173	34009	1.6425441457126816e-103	102.78448294932875	0.06	1.3053277002622332	1.187	1.424	3.688897748415475	0.5668966172993497	True	Both	Suicidal ideations	Mental
SO_384	80	35725	1.477100523224637e-6	5.83058994802169	0.227	1.0908235765779843	0.647	1.535	2.9767246239956027	0.4737386600377878	True	Both	Anomalies of pupillary function	Sense organs
CV_416.11	435	35187	2.5073872297833103e-11	10.600778590345094	0.103	0.6892495543089745	0.487	0.892	1.9922199192707502	0.2993372780906633	True	Both	Supraventricular tachycardia	Cardiovascular
GI_532	790	34255	4.807704700445657e-19	18.31806221548649	0.078	0.6918540657838529	0.54	0.844	1.9974154418731134	0.3004684030522567	True	Both	Other disorders of the intestines	Gastrointestinal
CA_135.5	212	35574	2.2534524523173604e-7	6.647151601078271	0.145	0.7523110077667579	0.467	1.037	2.1218980776418874	0.32672451934817737	True	Both	Benign neoplasm of the paranasal sinus and nasal cavity	Neoplasms
GI_520.11	518	35162	5.478678589424757e-9	8.261324177012572	0.099	0.5777554443898879	0.384	0.772	1.782034063863714	0.2509160013880894	True	Both	Inguinal hernia	Gastrointestinal
CA_100	121	35723	0.0008712277677429887	3.059868291212136	0.196	0.6524144455207312	0.268	1.037	1.9201713858523912	0.2833399936036233	True	Both	Malignant neoplasm of the head and neck	Neoplasms
CV_424.2	463	35290	0.0012828211462623004	2.8918338896936	0.108	0.347785900940579	0.136	0.559	1.4159290682040315	0.15104149766224442	True	Both	Systolic heart failure	Cardiovascular
EM_208.1	83	35786	0.0020740949327612535	2.6831713695328916	0.233	0.7167512990373953	0.261	1.173	2.0477698010679135	0.31128113406892827	True	Both	Hypoparathyroidism	Endocrine/Metab
GE_972.1	543	34980	1.7227196985409154e-25	24.76378538028845	0.091	0.9465076781974245	0.769	1.124	2.5766952788181094	0.4110630617202003	True	Both	Hereditary neuropathy	Genetic
SO_381.3	98	35762	2.2749122138629675e-6	5.643035357587304	0.207	0.9779304945328321	0.572	1.383	2.658947836972775	0.42470981746052716	True	Both	Esotropia	Sense organs
BI_169	878	34528	6.13845006878964e-9	8.211941272433029	0.077	0.4475014786815745	0.297	0.598	1.5643986151661253	0.19434742283495351	True	Both	Platelet defects	Blood/Immune
RE_472.4	62	35815	0.0028791165207438262	2.540740758431382	0.266	0.7923812677765275	0.271	1.313	2.2086495552357843	0.3441268121588488	True	Both	Laryngeal spasm	Respiratory
GI_514.3	162	35475	2.023521375785215e-9	8.693892203510353	0.161	0.9672812187937472	0.651	1.283	2.6307822062463044	0.4200848957707764	True	Both	Ileus	Gastrointestinal
NS_329	2873	31325	0.0	inf	0.042	1.918315556700826	1.837	2.0	6.809478622792825	0.8331138608243334	True	Both	Symptoms and signs involving cognitive functions and awareness	Neurological
MB_301.2	64	35830	5.1763824636844533e-17	16.28597364274677	0.279	2.3345767184612285	1.789	2.88	10.325088584895925	1.013893786407513	True	Both	Asperger's syndrome*	Mental
SO_398	364	34901	1.7275771523878555e-16	15.76256254823272	0.109	0.9006691764903785	0.686	1.115	2.46124957055912	0.39115565337011743	True	Both	Other disorders of ear	Sense organs
CA_124.5	160	35649	0.003220470902932726	2.4920806203561816	0.174	0.5131353149243729	0.172	0.855	1.6705206009162779	0.22285183574134249	True	Both	Essential thrombocythemia	Neoplasms
MS_700	957	34591	2.0500954060137616e-36	35.68822592755831	0.069	0.8714983214755807	0.736	1.007	2.3904898939233856	0.3784869120047909	True	Both	Diffuse diseases of connective tissue	Muscloskeletal
MB_296	918	34644	2.76786586382949e-153	152.55785496046175	0.068	1.8027224980538414	1.669	1.937	6.066140058201565	0.7829124333076289	True	Both	Personality disorders	Mental
RE_476	143	35675	0.0001412195370770791	3.8501052164724503	0.179	0.6813315909932683	0.33	1.032	1.976507880792933	0.29589855031473977	True	Both	Bronchiectasis	Respiratory
SO_387.4	1428	33875	8.236907784115057e-30	29.08423579611103	0.063	0.7107997235015728	0.588	0.834	2.0356185398590703	0.3086963976550902	True	Both	Presbyopia	Sense organs
MS_728.1	484	35002	7.476355659590162e-37	36.12631004687006	0.093	1.178670475063453	0.997	1.361	3.250050306235209	0.511890083302342	True	Both	Chondromalacia	Muscloskeletal
RE_468.4	177	35462	1.595108358337666e-8	7.797209809265316	0.156	0.8825943823307205	0.576	1.189	2.4171626227034744	0.38330587000504085	True	Both	Personal history of pneumonia (recurrent)	Respiratory
SO_360.1	276	35181	8.48944471559461e-12	11.071120715508682	0.126	0.8590556415374521	0.613	1.106	2.3609300763233088	0.3730831247675734	True	Both	Hordeolum	Sense organs
MS_710.41	582	35078	1.9238518882393822e-44	43.71582836608009	0.085	1.1852442409962978	1.019	1.351	3.2714857548359744	0.5147450335723001	True	Both	Flat foot [pes planus]	Muscloskeletal
MB_293	531	35112	5.078922729973611e-64	63.29422839441719	0.088	1.4883936083232638	1.316	1.661	4.429973527578449	0.6464011309948634	True	Both	Eating disorders	Mental
MB_298	171	35658	1.3992551770507406e-42	41.85410307758871	0.17	2.320996673012514	1.988	2.654	10.185821181756955	1.007996047605141	True	Both	Impulse disorders	Mental
GE_962.4	65	35808	1.7358371981168805e-7	6.7604910091566435	0.249	1.3000931781418532	0.812	1.788	3.6696385817938575	0.5646232932270683	True	Both	Disturbances of sulphur-bearing amino-acid metabolism	Genetic
MB_289	555	35139	2.7847311730448384e-101	100.55521672354172	0.088	1.8814897276036877	1.709	2.054	6.563275074956171	0.817120606455934	True	Both	Obsessive-compulsive disorder	Mental
DE_660	6207	26663	1.0435240267764766e-205	204.98149754700455	0.032	0.9896156148105456	0.926	1.053	2.690200200468873	0.4297846007175139	True	Both	Infection of the skin	Dermatological
GU_614	2753	18017	1.3274127776850642e-109	108.876994006152	0.045	0.9919665595116227	0.905	1.079	2.6965321524931714	0.4308056030284514	True	Female	Inflammatory diseases of female pelvic organs	Genitourinary
EM_214	392	21987	3.1105140583670033e-8	7.507167831467296	0.111	0.6156536978606684	0.398	0.834	1.850866111405012	0.2673750037442201	True	Female	Disorders of ovarian function	Endocrine/Metab
GI_513	693	34693	3.453377081450415e-23	22.461755997540518	0.081	0.807452365952398	0.648	0.967	2.2421884285178257	0.35067210693285156	True	Both	Peptic ulcer	Gastrointestinal
RE_466.3	66	35791	0.7990490384045065	0.09742656679995959	0.301	0.07673786425575833	-0.514	0.668	1.0797589958634763	0.03332683099931661	True	Both	Peritonsillar abscess	Respiratory
CM_766.2	104	35723	1.379826286456376e-8	7.86017558575976	0.199	1.1274172808997667	0.738	1.517	3.0876716047635213	0.4896311038971371	True	Both	Congenital talipes valgus	Congenital
NS_352	255	35396	1.8426058605579176e-8	7.734567551862142	0.133	0.7475916910918451	0.487	1.008	2.1119077609376906	0.3246749461579087	True	Both	Disturbances of sensation of smell and taste	Neurological
CV_411	250	35479	0.000019367537689272324	4.712925590222368	0.138	0.5888383226790659	0.319	0.859	1.801893979733203	0.25572923427268474	True	Both	Other diseases of pericardium	Cardiovascular
MB_284.2	432	35129	6.352540315599082e-54	53.197052570073474	0.097	1.5058842409492785	1.315	1.697	4.5081381487478005	0.6539972162293386	True	Both	Suicide and self-inflicted harm	Mental
CV_416.213	149	35671	0.036608733754532365	1.4364152925041496	0.189	0.394068128092173	0.025	0.764	1.4830015793014895	0.17114161352437454	True	Both	Chronic atrial fibrillation*	Cardiovascular
NS_341	310	35399	0.00003371713642027883	4.472149316896662	0.126	0.5209349825252263	0.275	0.767	1.6836010515953201	0.2262391883410727	True	Both	Cerebral palsy and other paralytic syndromes	Neurological
BI_177.2	1356	33307	4.219881196316833e-31	30.37469977569954	0.06	0.6964372486095087	0.579	0.814	2.0065909725278344	0.3024588540629927	True	Both	Enlargement of lymph nodes [Lymphadenopathy]	Blood/Immune
GI_507.2	73	35691	0.0003955342849272002	3.4028158658721086	0.243	0.8602893792730655	0.384	1.336	2.3638446423849895	0.3736189302582661	True	Both	Cellulitis and abscess of mouth	Gastrointestinal
MS_724.51	244	35334	3.915218370728928e-10	9.407244010219635	0.135	0.8433439116560673	0.579	1.108	2.324125668274298	0.3662596071789335	True	Both	Calcaneal spur	Muscloskeletal
EM_214.1	327	22120	9.269481623511082e-7	6.032944552192448	0.122	0.5986038707340764	0.359	0.838	1.8195766619971219	0.2599703579057368	True	Female	Ovarian failure	Endocrine/Metab
EM_202.3	251	35494	0.0017108822771141985	2.76677987249199	0.142	0.4448092410280277	0.167	0.723	1.560192546717659	0.19317819887804594	True	Both	Secondary diabetes	Endocrine/Metab
MS_721.4	111	35692	1.2771639666201056e-9	8.893753342965985	0.192	1.1656040659454194	0.789	1.542	3.207860057071675	0.5062154139240898	True	Both	Calcium deposits in tendon and bursa	Muscloskeletal
EM_200.11	688	34866	7.050986168749081e-11	10.151750137236423	0.085	0.5558302973726424	0.389	0.723	1.7433879144048416	0.24139403102358215	True	Both	Secondary hypothyroidism	Endocrine/Metab
CM_767	77	35755	0.002996610826036947	2.5233696558128993	0.241	0.7164141523948213	0.243	1.189	2.047079518724445	0.3111347131424662	True	Both	Congenital anomalies of limbs	Congenital
EM_200.21	307	35500	0.02435279905640823	1.6134511147413415	0.133	0.2985077575398684	0.039	0.558	1.3478459931252587	0.12964027190487867	True	Both	Diffuse goiter	Endocrine/Metab
SS_832	832	34018	2.624799514325996e-34	33.580903862980726	0.074	0.8995547116129328	0.755	1.044	2.4585081222657688	0.39067164742356775	True	Both	Other abnormal findings in urine	Symptoms
SO_374.42	328	35463	0.0029513456102753226	2.5299799305045254	0.126	0.37556607345852194	0.128	0.623	1.4558152798025012	0.1631062732931074	True	Both	Diabetic retinopathy	Sense organs
EM_247.8	2878	31827	3.0186364689141826e-95	94.52018918543693	0.042	0.8773184081171134	0.794	0.96	2.4044433179025	0.3810145435174074	True	Both	Mineral deficiencies	Endocrine/Metab
SS_840.611	571	34879	4.710168266105796e-21	20.32696357785286	0.088	0.8327366677675965	0.659	1.006	2.299603387314669	0.36165293968996864	True	Both	Penicillin allergy	Symptoms
DE_660.1	2361	31830	5.796324929298514e-110	109.23684727691963	0.046	1.02118757128281	0.931	1.111	2.7764900867556883	0.443496127196308	True	Both	Fungal infection of the skin	Dermatological
RE_488.9	1181	33575	7.207382344386875e-74	73.14222243844382	0.061	1.1059381113765034	0.987	1.225	3.0220581665832174	0.48030281909731937	True	Both	Snoring*	Respiratory
MS_718	11490	21415	0.0	inf	0.03	1.3626106134459108	1.304	1.421	3.906378044845983	0.5917742704023641	True	Both	Back pain	Muscloskeletal
DE_681	1988	31913	8.311963926378198e-73	72.08029635026908	0.05	0.8980683820604932	0.801	0.996	2.45485668328179	0.3900261427006535	True	Both	Localized swelling, mass and lump of skin and subcutaneous tissue	Dermatological
PP_928.1	177	22304	0.756363344453911	0.12126952647842437	0.186	0.057692518572338564	-0.307	0.422	1.0593892031206444	0.02505554246306751	True	Female	Uterine size date discrepancy	Pregnancy
MS_726.1	1148	34355	2.0999619020140915e-20	19.677788584263766	0.072	0.6622271746945174	0.522	0.802	1.9391062570748652	0.2876016077362097	True	Both	Osteoporosis	Muscloskeletal
EM_247.88	2846	31875	4.0129990702209527e-94	93.39653094088862	0.043	0.8761800187579545	0.793	0.96	2.4017076826191803	0.3805201473004673	True	Both	Iron deficiency	Endocrine/Metab
DE_664.1	72	35790	0.025466414771761554	1.594032191841944	0.257	0.5733000333706655	0.07	1.076	1.7741120307206386	0.24898104096783014	True	Both	Lichen planus, nitidus, or striatus	Dermatological
EM_232	5531	28775	1.1836958158214646e-218	217.92675988754797	0.034	1.061817816800328	0.996	1.128	2.89162265478097	0.46114161862294045	True	Both	Vitamin deficiencies	Endocrine/Metab
PP_906	68	22606	0.857157516497758	0.0669393621376957	0.309	-0.05560170131530843	-0.661	0.55	0.9459158178955396	-0.024147512065671246	True	Female	Cervical shortening and incompetence	Pregnancy
CV_418	1740	32562	1.254421623699319e-66	65.90155646823398	0.054	0.9313888161445759	0.826	1.037	2.53803159030794	0.40449702335799165	True	Both	Abnormal results of cardiovascular function studies	Cardiovascular
NS_342.1	74	35813	0.8160737460031819	0.08827059365411727	0.297	-0.06913587086088835	-0.652	0.513	0.9331998767933205	-0.03002532721645962	True	Both	Paraplegia/Diplegia	Neurological
CA_139.3	248	35395	3.0471080617890166e-7	6.516112143806044	0.136	0.6960927998605347	0.43	0.963	2.005899923799912	0.30230926187201485	True	Both	Benign neoplasm of other connective and soft tissue	Neoplasms
CA_102	187	35636	0.052481635653674426	1.2799926381084736	0.169	0.32808935473931605	-0.004	0.66	1.3883130190951551	0.14248739633448343	True	Both	Malignant neoplasm of the thoracic and respiratory organs	Neoplasms
GU_594.32	781	34686	1.6068080097041408e-22	21.794036012040166	0.079	0.7682282861737794	0.614	0.922	2.1559431537713056	0.33363730552726456	True	Both	Stress incontinence	Genitourinary
GI_530.2	132	35687	0.06146626677134438	1.2113631634830186	0.198	0.36967381153483414	-0.018	0.757	1.4472624573417223	0.16054729645372112	True	Both	Anorectal abscess	Gastrointestinal
SO_374.1	271	35555	1.5316063645735248e-7	6.814852837614623	0.131	0.6855698152529519	0.43	0.942	1.9849025411034706	0.2977391877237888	True	Both	Retinal detachments and breaks	Sense organs
SO_390.4	1208	33557	4.864147315380958e-31	30.312993280509946	0.064	0.7372833087323265	0.613	0.862	2.090249232218491	0.320198072581821	True	Both	Impacted cerumen	Sense organs
NS_349	508	34738	8.974340800267163e-14	13.046997442172554	0.096	0.7133827610146137	0.526	0.901	2.0408834156683193	0.309818196593553	True	Both	Disorder of nervous system	Neurological
MS_714.5	81	35737	1.1714517112262962e-8	7.931275608885361	0.223	1.272803730245325	0.835	1.71	3.570850241231833	0.5527716365914197	True	Both	Spondylolysis	Muscloskeletal
CV_446	1171	33620	6.350532366509533e-48	47.197189866181056	0.063	0.9134212688798464	0.79	1.037	2.4928366249491996	0.3966938167275838	True	Both	Hypotension	Cardiovascular
GU_610	937	21150	3.58362760324701e-11	10.445677126872017	0.076	0.5045180998476818	0.355	0.654	1.6561872112542648	0.21910942678416204	True	Female	Benign mammary dysplasias	Genitourinary
NS_348.2	292	35365	2.6731479568716566e-20	19.57297700268207	0.12	1.1089006536210086	0.873	1.344	3.031024416456277	0.4815894348465133	True	Both	Myelopathies	Neurological
NS_324.11	94	35780	4.942562960858428e-7	6.306047789717025	0.212	1.0664954044177382	0.651	1.482	2.9051801565868414	0.4631730691138006	True	Both	Parkinson's disease (Primary)	Neurological
CA_108	214	35625	0.08030489436931597	1.0952579848233084	0.16	0.27957433090120104	-0.034	0.593	1.3225667167173303	0.12141758919218539	True	Both	Malignant neoplasm of the urinary tract	Neoplasms
MS_706.2	98	35768	0.0020186258169190992	2.694944176701619	0.216	0.6663334498924851	0.243	1.089	1.947085131520327	0.2893849403958632	True	Both	Ankylosing spondylitis	Muscloskeletal
GU_597	199	35465	0.00007045302176149919	4.152100375071289	0.154	0.6121183413390161	0.31	0.914	1.8443341929609838	0.26583961791530586	True	Both	Other disorders of urethra and urinary tract	Genitourinary
GI_545	508	34886	8.474887540037403e-27	26.07186605608243	0.092	0.9875246285305208	0.807	1.168	2.6845809057406638	0.4288764969143638	True	Both	Nonspecific abnormal results of function study of liver	Gastrointestinal
GI_525.1	309	35515	5.252640763833733e-6	5.279622300247646	0.124	0.5668842750624481	0.323	0.811	1.7627661917183048	0.2461947125373464	True	Both	Celiac disease	Gastrointestinal
ID_006	120	35649	3.0915779416555164e-6	5.509819800045194	0.189	0.8825718368589408	0.512	1.253	2.417108127246092	0.38329607863105497	True	Both	Neisseria	Infections
ID_088	1054	34081	4.853850173053668e-55	54.31391363344708	0.065	1.0094970853211633	0.883	1.136	2.7442205591190985	0.43841901365239744	True	Both	Sexually transmitted disease	Infections
BI_160	2785	31913	1.911780049561827e-92	91.7185620747986	0.043	0.8766400670125856	0.792	0.961	2.4028128382396687	0.38071994371886275	True	Both	Deficiency anemias	Blood/Immune
PP_900	432	21978	0.0002795721050964054	3.5535061634237253	0.11	0.3999461399263111	0.184	0.616	1.4917443500169083	0.17369440162850272	True	Female	Spontaneous abortion or history of recurrent pregnancy loss	Pregnancy
MB_286.2	8562	25353	0.0	inf	0.03	1.9501867311971417	1.892	2.009	7.030000178383216	0.8469553360398588	True	Both	Major depressive disorder	Mental
GI_523.4	426	35281	1.0929521585496312e-8	7.961398847869724	0.107	0.6087866235038424	0.4	0.818	1.8381996168492538	0.26439267124423127	True	Both	Diverticulitis	Gastrointestinal
MS_723	4000	30015	4.415604737029309e-180	179.3550098094206	0.038	1.0993820734521778	1.024	1.175	3.002310243433244	0.47745556800363625	True	Both	Enthesopathy/Enthesitis/Tendinopathy	Muscloskeletal
GI_542.11	378	35400	0.2718869425157696	0.5656116490859744	0.125	0.1371941987794044	-0.108	0.382	1.1470508827736876	0.059582683479033206	True	Both	Cirrhosis of liver	Gastrointestinal
PP_924	73	22555	0.31632583328375063	0.49986533924314447	0.272	0.27271890289256173	-0.261	0.806	1.3135309631708905	0.11844031463694835	True	Female	Cardiovascular disorders complicating pregnancy, childbirth, or the puerperium	Pregnancy
MS_730	2045	32806	1.8034002396199132e-123	122.74390787695576	0.048	1.131335980596605	1.038	1.225	3.0997950010055217	0.4913329735517099	True	Both	Other disorders and symptoms of the musculoskeletal system	Muscloskeletal
GU_626.2	913	21128	2.8137743709884568e-42	41.55071073041347	0.071	0.9676992734262699	0.829	1.107	2.6318822468573	0.42026645459081513	True	Female	Dysmenorrhea	Genitourinary
PP_940	191	22299	0.5571223928316704	0.2540493852709784	0.188	-0.11035077941504941	-0.479	0.258	0.895519950230616	-0.04792473457367893	True	Female	Malposition and malpresentation of fetus	Pregnancy
SO_375.6	174	35649	0.0780525343893581	1.1076129906996617	0.175	0.30896577308584244	-0.035	0.653	1.3620157521093958	0.13418213034815357	True	Both	Ocular hypertension	Sense organs
MS_700.2	327	35453	8.787423797601898e-18	17.05613842805172	0.115	0.985340871605478	0.76	1.21	2.678724830047041	0.42792810333199965	True	Both	Sicca syndrome [Sjogren syndrome]	Muscloskeletal
CA_123	52	35835	0.054400515812380534	1.2643969824082808	0.301	0.5795570070524775	-0.011	1.17	1.7852474035439199	0.251698410111255	True	Both	Multiple myeloma and malignant plasma cell neoplasms	Neoplasms
DE_679.3	437	35043	1.1756810828803454e-23	22.929710469696065	0.1	0.998375174471007	0.803	1.194	2.713868681017394	0.4335888291419546	True	Both	Flushing	Dermatological
EM_202.31	181	35599	0.0009715423593624318	3.0125382593603267	0.163	0.538950959968747	0.219	0.859	1.7142076461823283	0.2340634279308872	True	Both	Diabetes mellitus due to underlying condition*	Endocrine/Metab
NS_333.52	68	35803	1.1583638150943369e-10	9.936155017402372	0.244	1.5727874521947038	1.094	2.051	4.820065186757976	0.6830529116948344	True	Both	REM sleep behavior disorder	Neurological
DE_684.12	66	35772	0.00014045351820683616	3.8524673777249276	0.252	0.9611735539348129	0.466	1.456	2.614763239251623	0.4174323706252268	True	Both	Telogen effluvium	Dermatological
DE_664.42	195	35653	1.1487244029218117e-9	8.939784152901733	0.148	0.9024974516080693	0.612	1.193	2.465753527889386	0.3919496631651315	True	Both	Psoriatic arthropathy	Dermatological
CA_103.22	187	35635	0.030744227253075757	1.5122364183436026	0.17	0.36683196722653	0.034	0.7	1.4431554013356462	0.15931309915219646	True	Both	Squamous cell carcinoma of the skin	Neoplasms
MB_291	729	34635	4.034850240633723e-67	66.39417258011747	0.076	1.308813525671623	1.161	1.457	3.7017790398426675	0.5684104920395259	True	Both	Dissociative and somatoform disorders	Mental
SO_366.2	65	35752	0.06481464294967985	1.1883268670640215	0.273	0.5047976228228438	-0.031	1.041	1.656650218338524	0.21923082206984007	True	Both	Conjunctival degenerations and deposits	Sense organs
SO_397	1493	33370	2.448274827037067e-56	55.611139832782044	0.057	0.8945018838318595	0.784	1.005	2.4461170355024366	0.3884772322002401	True	Both	Other hearing abnormality	Sense organs
NS_335.1	136	35717	2.7224676826632926e-17	16.565037266879553	0.172	1.4558543873575847	1.118	1.793	4.2881456383431775	0.6322695268840383	True	Both	Nerve plexus lesions	Neurological
SS_800	6948	25839	1.7627475430821808e-217	216.75380988197023	0.032	0.9931888238661235	0.931	1.055	2.699830042660159	0.4313364256930381	True	Both	Chest pain	Symptoms
CV_444.13	121	35755	0.12314676473989127	0.909576993277327	0.209	0.3222417035541008	-0.087	0.732	1.3802183393219465	0.1399477936926495	True	Both	Esophageal varices	Cardiovascular
MS_724.52	132	35354	2.902307966392571e-6	5.537256506092428	0.182	0.8506023440104521	0.494	1.207	2.3410565487124075	0.36941190429771087	True	Both	Osteophyte*	Muscloskeletal
EM_200.1	3481	31743	5.9538198860598185e-68	67.2252043076929	0.041	0.7154793644093945	0.635	0.796	2.0451668275047945	0.3107287398786459	True	Both	Hypothyroidism	Endocrine/Metab
SS_840.8	5195	28077	4.856718536394608e-271	270.31365706466215	0.033	1.176704836636011	1.111	1.242	3.2436681570159425	0.511036417379887	True	Both	Allergies related to other diseases/symptoms	Symptoms
NS_324.3	1397	33436	6.960345822325084e-105	104.15736918208536	0.056	1.2277819161660228	1.117	1.338	3.413649372190429	0.5332189111715047	True	Both	Abnormal involuntary movements	Neurological
MB_293.2	83	35790	1.9011963921081226e-9	8.72097301853519	0.22	1.322852482618767	0.891	1.755	3.754114665633196	0.5745075335733478	True	Both	Bulimia nervosa	Mental
CV_406.1	331	35376	0.10012626833634354	0.9994519695045959	0.131	0.2151204937755885	-0.041	0.472	1.2400113016082195	0.09342564339104088	True	Both	Pulmonary hypertension	Cardiovascular
GI_520.2	940	33907	2.563709880089842e-34	33.59113112291492	0.071	0.8630381996043681	0.725	1.002	2.3703513654072115	0.37481272775989427	True	Both	Diaphragmatic hernia	Gastrointestinal
GU_586.5	57	35790	0.0053769736518553	2.269462091639282	0.278	0.7734621611322321	0.229	1.318	2.1672566715981576	0.33591034854069224	True	Both	Renal sclerosis, unspecified	Genitourinary
CA_148	411	35323	1.333072616988795e-10	9.8751461924477	0.107	0.6869705190781058	0.477	0.897	1.9876847497556183	0.2983475056658339	True	Both	Benign neoplasm of the eye, brain and other parts of central nervous system	Neoplasms
SS_810.1	148	35622	0.032835271827679306	1.4836593840429777	0.186	0.3962964837242034	0.032	0.76	1.4863099189326785	0.17210937607908336	True	Both	Septic shock	Symptoms
EM_200.3	537	35117	3.120921270054522e-7	6.505717186929717	0.097	0.49505166625065966	0.305	0.685	1.6405829996398817	0.21499820690967178	True	Both	Thyrotoxicosis [hyperthyroidism]	Endocrine/Metab
NS_341.2	222	35534	0.008184360547179883	2.087015246817691	0.152	0.40181978596477036	0.104	0.7	1.4945419709659835	0.17450811576404548	True	Both	Hemiplegia and hemiparesis	Neurological
GU_582.2	1715	33939	3.6846978705227706e-13	12.433598116636434	0.059	0.42524458229617773	0.311	0.54	1.529964576154593	0.18468137555048322	True	Both	Chronic kidney disease	Genitourinary
GI_540.2	127	35700	8.478473520537062e-15	14.071682331856788	0.178	1.3824834665329344	1.033	1.732	3.984785430625535	0.6004049408377323	True	Both	Acute hepatitis	Gastrointestinal
NS_334.1	193	35589	5.238704339041609e-10	9.28077611148641	0.149	0.9247820682364174	0.633	1.217	2.5213187250434204	0.4016277491981526	True	Both	Trigeminal nerve disorders [CN5]	Neurological
BI_164.3	489	34635	2.431759473480287e-7	6.6140793835547935	0.101	0.5192806757034719	0.322	0.716	1.6808181614023368	0.22552073201700987	True	Both	Acute posthemorrhagic anemia	Blood/Immune
DE_683	1237	33718	1.3634035183381186e-50	49.865375589615205	0.061	0.9162816130332024	0.796	1.036	2.49997720300156	0.39793604840973057	True	Both	Nail disorders	Dermatological
MB_302	296	35404	3.968230775943841e-70	69.40140307900663	0.127	2.2452519568576133	1.997	2.494	9.44279443357314	0.9751005353457395	True	Both	Developemental delay	Mental
SS_840.1	628	34791	4.670604262647432e-31	30.330626928650855	0.083	0.9639134583341777	0.801	1.127	2.6219372641373235	0.41862229598681344	True	Both	Food allergy	Symptoms
PP_916	642	21462	1.1234163402239964e-7	6.949459263549155	0.09	0.47751469536902974	0.301	0.654	1.6120629518999325	0.2073819972264819	True	Female	Maternal infections and carrier state in pregnancy	Pregnancy
GU_627.2	1099	20901	1.6647060709788996e-39	38.77866243664457	0.07	0.9230406964995637	0.785	1.061	2.516931992450625	0.4008714810618947	True	Female	Symptomatic menopause	Genitourinary
RE_460.1	8104	23865	0.0	inf	0.03	1.1480449095944487	1.089	1.207	3.152024389005824	0.49858956921398667	True	Both	Acute upper respiratory infection	Respiratory
GI_555	370	35211	0.005433423013485686	2.2649264821057877	0.12	0.3333274000916515	0.098	0.568	1.3956041446048424	0.14476225052696173	True	Both	Ascites	Gastrointestinal
MB_303	80	35752	2.191191659022081e-18	17.659319633933894	0.237	2.071918980834419	1.608	2.536	7.940045302397714	0.8998229803269977	True	Both	Symbolic dysfunctions	Mental
ID_006.2	118	35654	1.7165471177114534e-6	5.765344271072349	0.19	0.9099098619934992	0.537	1.283	2.484098611596236	0.39516883209312614	True	Both	Neisseria gonorrhea	Infections
CV_404.23	81	35768	0.029849041134315028	1.525069615514996	0.245	0.5326464979723965	0.052	1.013	1.703434484400336	0.2313254348745034	True	Both	Coronary atherosclerosis due to calcified coronary lesion	Cardiovascular
MB_286.11	1111	34441	1.6225174143544226e-187	186.78981063325335	0.062	1.824403684735753	1.702	1.947	6.199097300366614	0.7923284530446975	True	Both	Bipolar I disorder	Mental
SS_835	1208	33314	4.6581224307140526e-39	38.331789100969914	0.063	0.8220297422731745	0.699	0.945	2.275113047263472	0.35700298102959194	True	Both	Cytology and pathology findings	Symptoms
MS_709	1327	34053	1.2320152143416969e-70	69.90938392897041	0.06	1.0613578701528144	0.944	1.178	2.8902929684508547	0.46094186633195533	True	Both	Acquired deformities of fingers and toes	Muscloskeletal
MB_280.21	1318	34148	1.3757039572647276e-75	74.86147501345445	0.058	1.0655511607194836	0.952	1.179	2.9024382532478876	0.4627629892860768	True	Both	Opioid abuse or dependence	Mental
SS_800.2	318	35124	4.986671479131399e-12	11.302189242068385	0.118	0.8173048406445712	0.585	1.049	2.26438871757405	0.35495098232475386	True	Both	Precordial pain	Symptoms
RE_464	179	35261	1.6232874975261123e-7	6.789604556247854	0.157	0.8201190929251418	0.513	1.127	2.270770254101622	0.3561731965608893	True	Both	Nasopharyngitis	Respiratory
EM_200.7	100	35716	0.0013618392927940812	2.8658741393914364	0.213	0.6828453634116588	0.265	1.101	1.9795021296414907	0.29655597332290407	True	Both	Iodine-related thyroid disorders	Endocrine/Metab
RE_488	7208	25543	0.0	inf	0.031	1.231962433362513	1.17	1.294	3.4279500634090097	0.535034486721442	True	Both	Abnormalities of breathing	Respiratory
MB_301.1	203	35632	9.83137624947953e-52	51.00738568301036	0.158	2.3914713521377178	2.082	2.701	10.929563354667588	1.0386028118631192	True	Both	Autism	Mental
GE_965	206	35577	8.631153371031815e-6	5.063931166138128	0.149	0.6650190449344338	0.372	0.958	1.9445275543839617	0.28881410157559523	True	Both	Inborn error of lipid metabolism	Genetic
ID_059	1526	32324	1.2950340539274473e-39	38.88771881132148	0.057	0.7444798056260744	0.634	0.855	2.105345960951663	0.3233234714718096	True	Both	Coronavirus	Infections
RE_474.1	336	35367	4.2604570290630595e-8	7.370543810626438	0.12	0.6549661290251285	0.421	0.889	1.9250773120268232	0.2844481756691466	True	Both	Emphysema	Respiratory
DE_682	4056	29744	2.1941604233327156e-183	182.65873162269514	0.036	1.044886042677826	0.974	1.116	2.843074516032011	0.45378824255270545	True	Both	Other follicular disorders	Dermatological
CA_120.21	170	35701	0.43856168514630567	0.3579693130515312	0.185	0.143328355646091	-0.219	0.506	1.15410869756335	0.062246713957364086	True	Both	Mature B-cell	Neoplasms
RE_477	55	35769	0.0010494564348500434	2.9790355851872796	0.278	0.9110379543205724	0.366	1.456	2.4869024853965818	0.3956587563658514	True	Both	Inhalation lung injury	Respiratory
NS_329.1	963	34321	1.6036187709203948e-123	122.79489886882247	0.068	1.5971003769040781	1.465	1.73	4.938691299159591	0.6936118807350449	True	Both	Memory loss	Neurological
GI_522	3830	29633	8.287662516338691e-112	111.08156794223639	0.038	0.8498829854883154	0.776	0.924	2.3393730953091594	0.3690994908610369	True	Both	Gastrointestinal inflammation	Gastrointestinal
NS_326	384	35435	0.002849785922395345	2.5451877632246114	0.117	0.34959652167076566	0.12	0.579	1.4184951010825286	0.15182784025418408	True	Both	Demyelinating diseases of the central nervous system	Neurological
CA_139.1	95	35740	0.0408098862151425	1.3892346161114295	0.228	0.4661288550335653	0.019	0.913	1.5938123568622662	0.2024371895969582	True	Both	Benign neoplams of the bone and/or cartilage	Neoplasms
GI_540.3	846	34787	1.1637453706869224e-34	33.93414203360598	0.073	0.8927478501221594	0.75	1.035	2.441830224468903	0.38771546503904514	True	Both	Viral hepatitits	Gastrointestinal
MS_705.11	136	35723	0.00038421360231301495	3.415427263875907	0.184	0.6537912263493398	0.293	1.015	1.922816861706414	0.28393792192027817	True	Both	Rheumatoid arthritis without rheumatoid factor*	Muscloskeletal
MB_286.4	1391	33777	1.1010118245392646e-195	194.95820801680975	0.056	1.6681726193842865	1.559	1.778	5.302469308834847	0.7244781634606893	True	Both	Dysthymic disorder	Mental
DE_685	886	34082	4.285405423391418e-65	64.36800808510304	0.069	1.1816802728920313	1.046	1.318	3.25984703628248	0.513197221890938	True	Both	Disorders of sweat glands	Dermatological
DE_666.2	123	35719	1.1099684065329193e-8	7.9546893825319795	0.184	1.0490219143501185	0.689	1.409	2.854857456954852	0.4555844287978421	True	Both	Idiopathic urticaria	Dermatological
GI_529.2	1365	33481	2.0767308108396993e-55	54.68261979376025	0.058	0.9137878550425321	0.8	1.028	2.4937506318826532	0.3968530230751802	True	Both	Flatulence, eructation, and gas pain	Gastrointestinal
GU_594.1	937	34206	2.8340916276730217e-49	48.547586112892546	0.07	1.0261416185079548	0.89	1.162	2.790279077219151	0.4456476425692765	True	Both	Retention of urine	Genitourinary
CV_433	708	34735	8.710556975501379e-14	13.059954074194053	0.085	0.6325400289114271	0.466	0.799	1.8823858264856865	0.2747086441391562	True	Both	Other cerebrovascular disease	Cardiovascular
CV_444.1	1014	34382	2.7662456054558746e-18	17.55810926299791	0.071	0.6154035532995614	0.477	0.754	1.850403185215555	0.26726636734165327	True	Both	Varicose veins	Cardiovascular
CA_106	470	22079	8.177226146960042e-6	5.087393991361416	0.105	0.46679315211555283	0.262	0.672	1.5948714735052651	0.20272569015400985	True	Female	Gynecological malignant neoplasms	Neoplasms
DE_678	2191	31389	3.413607415925861e-98	97.46678642666029	0.048	1.0191015934826286	0.924	1.114	2.7707044265495973	0.4425901985483166	True	Both	Other skin and subcutaneous disorders	Dermatological
GI_526.1	365	35245	2.203903175183459e-9	8.656807489406111	0.113	0.6734385740568868	0.453	0.894	1.9609686768886558	0.2924706566137003	True	Both	Bacterial enteritis	Gastrointestinal
MS_741.7	816	34031	1.2122894314969947e-46	45.91639368091584	0.073	1.047852498950386	0.905	1.191	2.8515208939749512	0.45507655814268555	True	Both	Back sprain	Muscloskeletal
MS_726	1177	34296	5.579077950571962e-21	20.253437570608494	0.071	0.6630263463645873	0.525	0.801	1.9406565552554564	0.28794868358261444	True	Both	Osteoporosis and low bone density	Muscloskeletal
SO_363.2	1389	33616	2.121232603040977e-46	45.67341170645826	0.06	0.8516312970435389	0.735	0.968	2.3434666256641896	0.36985877292211805	True	Both	Dry eye syndrome [Tear film insufficiency]	Sense organs
GU_592	1418	33053	4.380033490510104e-59	58.358522568790846	0.058	0.9341152980509442	0.821	1.047	2.54496092958323	0.40568111940493645	True	Both	Cystitis and urethritis	Genitourinary
SO_387.2	1878	33133	3.548013980410894e-48	47.45001467756541	0.051	0.7485040517193836	0.648	0.849	2.113835461673171	0.32507117934395446	True	Both	Myopia	Sense organs
CA_136.41	2643	32153	1.08152903589771e-52	51.96596181652921	0.05	0.7587662383567645	0.661	0.856	2.1356397240518525	0.3295279903728303	True	Both	Benign neoplasm of the colon	Neoplasms
MS_745.4	920	34480	1.7170868951437026e-29	28.765207726314618	0.071	0.799910880337095	0.661	0.939	2.2253425978728494	0.34739688134477276	True	Both	Fracture of foot and toe	Muscloskeletal
SO_387.3	1632	33419	1.5345985624917263e-55	54.81400521295283	0.054	0.8545929831481562	0.748	0.961	2.3504175263181275	0.3711450168544829	True	Both	Astigmatism	Sense organs
MS_713.32	1087	33564	2.1964257173815825e-70	69.65828347989094	0.064	1.1279413845849937	1.003	1.253	3.089290288972476	0.48985871923557633	True	Both	Pain in elbow	Muscloskeletal
MS_745.5	862	34567	1.4877184781587254e-29	28.82747924281531	0.073	0.8209727014581536	0.678	0.964	2.272709430498044	0.3565439140364819	True	Both	Fracture of hand or wrist	Muscloskeletal
CA_106.21	93	22593	0.9230739990149782	0.034763481990688926	0.259	0.025000733904589865	-0.482	0.532	1.025315873008178	0.010857680778294904	True	Female	Malignant neoplasm of endometrium	Neoplasms
GI_530	965	34163	7.844806731665442e-35	34.10541775142761	0.069	0.8454281538653294	0.711	0.98	2.3289747606778795	0.367164782069366	True	Both	Disease of anus and rectum	Gastrointestinal
SO_367.52	188	35651	0.0002295503901518576	3.639121964755269	0.159	0.5841196284490774	0.273	0.895	1.7934114220454265	0.253679931406812	True	Both	Iridocyclitis	Sense organs
MS_723.52	257	35512	1.423995296778932e-12	11.846491445099675	0.129	0.9163670986002281	0.663	1.17	2.5001909241052145	0.3979731743197722	True	Both	Posterior tibial tendinitis	Muscloskeletal
CA_101.41	187	35627	0.9666615946861993	0.014725535516128482	0.184	-0.007710361091527389	-0.369	0.354	0.9923192874931862	-0.003348567275531902	True	Both	Colorectal cancer	Neoplasms
SO_387.21	72	35809	0.01241508409712852	1.9060503342813733	0.253	0.6332851209888927	0.137	1.13	1.8837888998962644	0.2750322335169093	True	Both	Progressive high (degenerative) myopia	Sense organs
EM_200.31	209	35666	0.2785881795098575	0.5550373146261596	0.165	0.17900017356357653	-0.145	0.503	1.1960209517535396	0.07773878763838564	True	Both	Graves' disease [Toxic diffuse goiter]	Endocrine/Metab
CV_416.1	682	34826	2.162856252793876e-12	11.664972343571968	0.085	0.5947267768267442	0.429	0.761	1.8125356505581989	0.25828655741596174	True	Both	Paroxysmal tachycardia	Cardiovascular
GI_527.2	149	35430	5.766425971026419e-10	9.239093279042311	0.167	1.036408111552241	0.709	1.364	2.819073011411201	0.4501063238469081	True	Both	Abdominal tenderness	Gastrointestinal
GU_625.2	121	22411	1.279796172311218e-6	5.8928591930781655	0.188	0.9107286155661845	0.542	1.279	2.486133309053624	0.39552441225178187	True	Female	Postcoital bleeding	Genitourinary
ID_061	629	34141	2.9732803542847335e-23	22.52676413870008	0.084	0.8393593326406077	0.674	1.005	2.3148834313470057	0.3645291264998119	True	Both	Influenza virus	Infections
GU_588.1	245	35572	0.03809182285232405	1.4191682440425621	0.148	0.30695324248084466	0.017	0.597	1.3592774101465444	0.13330809941174163	True	Both	Disorders resulting from impaired renal function	Genitourinary
RE_467.2	66	35784	3.7940074549915352e-6	5.420901820084545	0.249	1.148745259503789	0.662	1.636	3.1542326821996096	0.4988937273150146	True	Both	Chronic laryngitis and laryngotracheitis	Respiratory
NS_336.411	447	35122	2.1086214037469243e-31	30.676001389451336	0.097	1.128439879659828	0.939	1.318	3.09083066887026	0.4900752128958329	True	Both	Carpal tunnel syndrome, bilateral*	Neurological
EM_256.4	628	34828	7.603079024989994e-9	8.119010495513677	0.09	0.5178620246885439	0.342	0.694	1.678435357594904	0.2249046197094802	True	Both	Hyperkalemia [Hyperpotassemia]	Endocrine/Metab
DE_682.4	2111	32818	1.2136626174766878e-115	114.91590202473694	0.048	1.0876994766058723	0.994	1.181	2.967439549982385	0.47238188065898545	True	Both	Acne	Dermatological
CV_416.41	214	35437	0.0002526109965137734	3.597547747916462	0.151	0.5533473659433693	0.257	0.85	1.7390645712621338	0.24031570760490462	True	Both	Atrioventricular block	Cardiovascular
MB_290.1	2580	32695	0.0	inf	0.042	1.6378709482775102	1.555	1.72	5.14420556525154	0.7113183149065692	True	Both	Posttraumatic stress disorder	Mental
BI_180.6	55	35847	8.391716990877102e-6	5.076149171069614	0.271	1.2086760038861333	0.677	1.74	3.3490475898761733	0.5249213188966211	True	Both	Mast cell activation syndrome [MCAS]*	Blood/Immune
DE_660.2	189	35355	7.451289933909718e-16	15.12776853762948	0.147	1.1853988568284328	0.897	1.474	3.271991617434452	0.5148121823750113	True	Both	Bacterial infection of the skin	Dermatological
CA_142	3284	31626	2.8729048889293357e-47	46.541678751626186	0.045	0.6518099682350579	0.563	0.74	1.9190110366027577	0.2830774724540195	True	Both	Lump or mass in breast or nonspecific abnormal breast exam	Neoplasms
CV_438.12	275	35483	0.0001445077188095834	3.8401089546591405	0.136	0.5150101228483319	0.249	0.781	1.6736554438719966	0.2236660544773464	True	Both	Thoracic aneurysm	Cardiovascular
CV_416.7	134	35713	0.004564996781901112	2.3405595242858883	0.19	0.5398030560701991	0.167	0.913	1.715668938326973	0.2344334885657991	True	Both	Sinoatrial node dysfunction	Cardiovascular
CV_440.2	206	35571	0.0005421505323330306	3.265880111460224	0.154	0.5320339588806178	0.231	0.833	1.702391383690952	0.23105941252699388	True	Both	Arterial embolism and thrombosis	Cardiovascular
NS_323	50	35824	0.2860872022889106	0.5435015693167904	0.323	0.3443268080677428	-0.288	0.977	1.4110396993215315	0.1495392327151808	True	Both	Systemic atrophies primarily affecting the central nervous system	Neurological
CM_778	112	35684	0.00028698936512778735	3.542134196478178	0.2	0.7254293294932523	0.333	1.117	2.065617740240128	0.31504995480969533	True	Both	Other congenital malformations, NEC	Congenital
MS_701.11	157	35677	0.05255806697349771	1.2793606160164095	0.183	0.3541364126354063	-0.004	0.712	1.4249495543464998	0.15379948984856995	True	Both	Acute/subacute osteomyelitis	Muscloskeletal
RE_467	240	35167	2.6430563932848655e-13	12.577893570492522	0.133	0.9728252167595309	0.712	1.234	2.6454077620110596	0.42249262349499916	True	Both	Laryngitis and tracheitis	Respiratory
GI_537.1	160	35559	0.046926111001569404	1.3285854364234155	0.18	0.35804124939781484	0.005	0.711	1.4305246275423322	0.15549533890721698	True	Both	Peritonitis	Gastrointestinal
NS_331.6	4712	29739	5.733240192039031e-207	206.24159986323284	0.035	1.0691640760911436	1.001	1.137	2.912943482853905	0.46433205849557213	True	Both	Migraine	Neurological
SO_381.1	77	35784	0.01519414808085856	1.8183236453144926	0.246	0.5984221171091404	0.115	1.082	1.8192459773954277	0.2598914233093612	True	Both	Paralytic strabismus [Neurogenic strabismus]	Sense organs
GU_619.23	835	21608	1.9602543000930235e-31	30.70768758478476	0.075	0.8697212749638593	0.724	1.016	2.3862456544184925	0.3777151505106649	True	Female	Polycystic ovary syndrome	Genitourinary
GU_596.2	490	35201	1.2255168671309886e-26	25.911680707054494	0.094	1.0082668918410895	0.823	1.193	2.7408467125469054	0.437884747412328	True	Both	Overactive bladder	Genitourinary
EM_247.42	514	34898	7.542241427079828e-7	6.122499569945461	0.099	0.4884000964379319	0.295	0.682	1.6297067594198715	0.21210946684400986	True	Both	Hypomagnesemia*	Endocrine/Metab
MS_707.8	140	35652	2.008905853310657e-6	5.697040415837984	0.176	0.8375646813133288	0.492	1.183	2.3107327483528493	0.36374971933143435	True	Both	Polyarthritis	Muscloskeletal
GI_507.11	120	35544	3.241501065068886e-8	7.489253831363726	0.186	1.0296953157362505	0.665	1.395	2.8002125240192894	0.4471909936658802	True	Both	Recurrent oral aphthae [Recurrent aphthous stomatitis]	Gastrointestinal
MS_725	81	35753	0.00018732445583257866	3.72740552033003	0.231	0.8611059085382406	0.409	1.313	2.3657755789396444	0.3739735444124442	True	Both	Osteochondrosis	Muscloskeletal
SO_389	615	34236	4.101691986523579e-30	29.38703695576084	0.084	0.9600160562356587	0.795	1.125	2.611738407773817	0.41692967576166845	True	Both	Other disorders of eye	Sense organs
CV_431.11	546	35137	9.870344621410635e-7	6.005667683747369	0.097	0.4754219372763914	0.285	0.666	1.608692821775043	0.20647312393489073	True	Both	Cerebral infarction [Ischemic stroke]	Cardiovascular
MS_700.11	347	35485	3.6721549356458595e-6	5.435079003321415	0.118	0.5471781956953955	0.316	0.779	1.72836901113699	0.23763647100828791	True	Both	Systemic lupus erythematosus [SLE]	Muscloskeletal
GI_509.11	51	35775	7.136193100601447e-8	7.146533406755389	0.281	1.5146961006873592	0.964	2.066	4.548038770951425	0.6578241582888924	True	Both	Glossodynia	Gastrointestinal
GU_605.1	847	11925	1.592732469885757e-52	51.797857166201204	0.077	1.179917286663886	1.028	1.332	3.254105033874474	0.512431566700383	True	Male	Male erectile dysfunction*	Genitourinary
PP_904.11	262	22041	0.1665545715820207	0.7784434423147608	0.147	0.2037610238008284	-0.085	0.492	1.2260051323983703	0.0884922882636569	True	Female	Threatened abortion	Pregnancy
SO_369	430	35227	4.948003679964324e-13	12.30556998604623	0.103	0.7453079637006387	0.543	0.947	2.1070902423796585	0.32368313595373654	True	Both	Disorders of the cornea	Sense organs
MS_713.2	1158	33357	2.0709216587370275e-53	52.683836329798844	0.063	0.9708149292484445	0.847	1.094	2.6400950736300697	0.42161956672189527	True	Both	Effusion of joint	Muscloskeletal
SS_812	2497	31666	1.02418554046442e-76	75.9896213598635	0.046	0.8601674062214394	0.769	0.951	2.3635563346236337	0.3735659580350039	True	Both	Edema	Symptoms
BI_160.11	600	34955	3.7674105891873994e-23	22.423957045870214	0.086	0.8539249301314725	0.685	1.023	2.3488478471720273	0.3708548851157184	True	Both	Iron deficiency anemia secondary to blood loss	Blood/Immune
GU_580	251	35529	0.21225545514273447	0.6731411392091315	0.15	0.18755094936680813	-0.107	0.482	1.2062917076540292	0.08145234238572091	True	Both	Glomerular diseases	Genitourinary
CA_139.4	82	35762	0.00008729866333470836	4.058992405902729	0.228	0.8957186076213823	0.448	1.343	2.449095095662414	0.38900564862803033	True	Both	Benign neoplasm of peripheral nerves*	Neoplasms
GI_550.2	309	35197	1.1726453120626734e-8	7.930833328300142	0.122	0.6946968282866637	0.456	0.933	2.00310169810244	0.3017029991205889	True	Both	Cholecystitis	Gastrointestinal
GU_612.8	566	21462	9.358233053703179e-11	10.028806143512616	0.095	0.6126204532712622	0.427	0.798	1.845260487698678	0.2660576823567781	True	Female	Other specified disorders of breast	Genitourinary
CA_122	235	35609	0.05019303880894675	1.2993565102751805	0.151	0.29631157036884626	-0.0	0.593	1.3448891191594539	0.12868647993527702	True	Both	Lymphoma	Neoplasms
CV_449	272	35248	2.5538089533560585e-6	5.592811594780756	0.132	0.6198826465118382	0.362	0.878	1.8587099029563199	0.26921161280767536	True	Both	Other disorders of the circulatory system	Cardiovascular
RE_480.2	180	35455	0.00008677793401775618	4.061590693632582	0.161	0.6321335507059097	0.316	0.948	1.8816208331599353	0.274532112897486	True	Both	Chronic pulmonary edema	Respiratory
SO_381.4	99	35769	3.1644365713799984e-6	5.499703604990457	0.206	0.9607392253240861	0.557	1.365	2.613627819357061	0.4172437441062555	True	Both	Exotropia	Sense organs
PP_920.2	75	22547	0.9975618679893777	0.0010601602094534488	0.289	-0.0008843066514791994	-0.568	0.566	0.9991160842324188	-0.0003840494990477598	True	Female	Oligohydramnios	Pregnancy
DE_685.8	667	34490	5.925335044425507e-54	53.2272870877092	0.079	1.2251419478286856	1.07	1.38	3.4046493310719668	0.5320723874901998	True	Both	Hyperhidrosis	Dermatological
CM_771.1	270	35236	4.5708237832485356e-7	6.340005521532365	0.131	0.6608608724723571	0.404	0.918	1.9364586610068881	0.2870082302205133	True	Both	Congenital malformation of the skin	Congenital
NS_330.12	288	35535	4.2844398508349097e-13	12.36810594984191	0.122	0.8873203968911223	0.647	1.127	2.4286132049498486	0.3853583520500178	True	Both	Partial epilepsy	Neurological
MS_733	165	35585	9.450667368216654e-6	5.0245375222737865	0.165	0.7307425911899037	0.407	1.054	2.076622116536334	0.31735747504545897	True	Both	Dentofacial anomalies, including malocclusion	Muscloskeletal
MS_724	5650	27162	8.570537609075938e-280	279.0669919349809	0.034	1.212290651125744	1.146	1.279	3.3611751206705707	0.5264911402468108	True	Both	Other symptoms and disorders of the soft tissue	Muscloskeletal
SO_388	419	35066	6.018806742432715e-14	13.220489601191327	0.104	0.7785790901002555	0.575	0.982	2.178374791097303	0.3381326025557957	True	Both	Blindness and low vision	Sense organs
ID_052.5	70	35815	0.13769101229066738	0.861094407164708	0.269	0.3995414565424397	-0.128	0.927	1.4911407879994694	0.17351864986796947	True	Both	Cytomegalovirus [CMV]	Infections
CA_116	443	35312	0.21555745417754735	0.666436954242704	0.116	0.1431323640603527	-0.083	0.37	1.1538825241343689	0.062161595893178496	True	Both	Secondary malignant neoplasm	Neoplasms
GU_582.3	161	35709	0.6632324647206689	0.1783342235555457	0.203	-0.08836434133884771	-0.486	0.309	0.9154272879532156	-0.03837614584047698	True	Both	Renal dialysis	Genitourinary
SS_847.2	145	35740	0.14797808321021086	0.8298026024814247	0.232	-0.33550406002272176	-0.79	0.119	0.7149776038805333	-0.14570756192400544	True	Both	Kidney transplant	Symptoms
ID_009	94	35729	0.00199058812314883	2.7010185914784683	0.22	0.6796267518209269	0.249	1.11	1.9731411234386764	0.29515814806965934	True	Both	Pseudomonas	Infections
MS_734	914	34029	1.0649706386175577e-70	69.97266236561694	0.068	1.2145070512148963	1.081	1.348	3.3686330913780895	0.5274537105752195	True	Both	Diseases of the jaws	Muscloskeletal
SO_376	982	34414	4.901673444776748e-16	15.309655625327013	0.074	0.5974781909910196	0.453	0.742	1.8175295538180443	0.259481481404937	True	Both	Disorders of vitreous body	Sense organs
GI_528.2	3820	29420	6.581060058264604e-136	135.1817041458428	0.038	0.9356856940014134	0.862	1.01	2.548960665683844	0.40636313370062843	True	Both	Vomiting	Gastrointestinal
EM_244	275	35244	2.603805533958151e-13	12.584391454313756	0.126	0.9249998519207498	0.677	1.173	2.5218678869218145	0.4017223314505067	True	Both	Disorders of lipoprotein metabolism and other lipidemias	Endocrine/Metab
NS_333.14	105	35708	0.00012883296122492518	3.88997301083682	0.205	0.7849021922266719	0.383	1.187	2.1921925167784493	0.34087869091780904	True	Both	Idiopathic sleep related nonobstructive alveolar hypoventilation	Neurological
MB_283.1	108	35605	9.117985123779093e-14	13.040101120695795	0.193	1.438033987469076	1.06	1.816	4.2124060277160655	0.6245302255471497	True	Both	Symptoms and signs involving appearance and behavior*	Mental
DE_660.13	155	35539	5.433784740064646e-6	5.264897570197445	0.169	0.7691490951821942	0.438	1.101	2.1579292799300234	0.33403720779850593	True	Both	Pityriasis versicolor	Dermatological
DE_669	284	35455	4.909046281888467e-15	14.309002873405523	0.122	0.9590242752244732	0.719	1.199	2.6091494192818323	0.41649895074125415	True	Both	Neutrophilic and Eosinophilic dermatoses	Dermatological
DE_680.5	80	35720	0.0009468485143555369	3.023719497915413	0.235	0.7769143363290186	0.316	1.238	2.1747513503538127	0.33740960917921986	True	Both	Acanthosis nigricans	Dermatological
CA_120.1	307	35411	0.0004047623794523325	3.392799859694737	0.128	0.4528533323259879	0.202	0.704	1.5727934916337285	0.19667170334067602	True	Both	Myeloid	Neoplasms
GI_513.1	110	35704	3.7101900599686083e-8	7.430603842438487	0.194	1.0681138155275383	0.688	1.448	2.9098857391847166	0.46387593612823774	True	Both	Esophageal ulcer	Gastrointestinal
EM_256.5	1754	32867	3.1298282395203313e-26	25.504479495257165	0.054	0.5773229432105985	0.471	0.684	1.7812634986767466	0.25072816851250734	True	Both	Hypokalemia [Hypopotassemia]	Endocrine/Metab
CM_760.1	110	22520	0.004532174205442315	2.343693405294017	0.207	0.5877846983922447	0.182	0.994	1.7999964602857066	0.255271651058919	True	Female	Congenital malformations of female genitalia	Congenital
BI_164	5891	27841	8.411931689361589e-122	121.07510426273961	0.033	0.7808144138471075	0.716	0.846	2.1832496103672017	0.33910339132432077	True	Both	Anemia	Blood/Immune
EM_209.1	217	35563	2.0667013725290646e-17	16.68472227210626	0.137	1.166161061513231	0.897	1.435	3.2096473186077934	0.5064573140256348	True	Both	Pituitary hyperfunction	Endocrine/Metab
EM_239.1	4377	30187	8.903651259415238e-84	83.0504318589022	0.04	0.776880444109424	0.698	0.855	2.1746776444525184	0.3373948899752705	True	Both	Hypercholesterolemia	Endocrine/Metab
GU_594.6	801	34273	3.6111756093305183e-53	52.442351391576274	0.074	1.13146899906772	0.987	1.276	3.1002073584222942	0.4913907427397064	True	Both	Urinary urgency	Genitourinary
GI_512	1919	33007	7.271436869545992e-82	81.13837976206312	0.05	0.9627422571833829	0.864	1.061	2.6188682457659955	0.41811364978982446	True	Both	Aphagia and dysphagia	Gastrointestinal
SO_394	705	34635	5.266425771979266e-19	18.278484032630963	0.082	0.7329530801749526	0.572	0.894	2.0812175440507925	0.3183174782139736	True	Both	Disorders of vestibular function	Sense organs
SO_366.21	50	35786	0.4795083218896322	0.3192038512266143	0.332	0.23452748221577052	-0.416	0.885	1.2643112180320224	0.1018539913809722	True	Both	Pinguecula	Sense organs
CA_136.42	320	34994	4.345184954431985e-9	8.361991732913896	0.121	0.7109829651250618	0.474	0.948	2.035991584082689	0.30877597848102645	True	Both	Benign neoplasm of rectum and anus	Neoplasms
PP_932.4	230	22078	0.000057055788453312854	4.243700288742562	0.145	0.5826165705683315	0.299	0.866	1.7907178456817985	0.25302716166322287	True	Female	Decreased fetal movements, affecting management of mother	Pregnancy
RE_475	5475	29036	1.2236353837221646e-238	237.91234797306274	0.033	1.0728815580125795	1.009	1.137	2.923792450516059	0.4659465403806268	True	Both	Asthma	Respiratory
CA_103.2	593	35121	0.0003190011594892339	3.496207738388396	0.098	0.3539423697477216	0.161	0.547	1.4246730798449923	0.1537152180931959	True	Both	Keratinocyte carcinoma	Neoplasms
CA_105.1	628	21974	0.0007167779959603628	3.144615335348824	0.096	0.3237917151283938	0.136	0.511	1.3823593525919664	0.1406209551662511	True	Female	Malignant neoplasm of the breast, female	Neoplasms
SO_369.6	63	35840	0.000052729150509968844	4.277949225289146	0.256	1.0361226298146082	0.534	1.538	2.8182683324154336	0.44998234070357	True	Both	Corneal deformities	Sense organs
BI_179.9	392	35301	0.0010876211108962047	2.963522371278773	0.115	0.3765642071671766	0.151	0.602	1.4572691035413865	0.16353975725497774	True	Both	Immunodeficiency NOS	Blood/Immune
CV_413.1	816	34393	5.906536028535297e-11	10.228667142594194	0.08	0.5223171918858327	0.366	0.679	1.6859297497317944	0.22683947423921907	True	Both	Mitral valve disorders	Cardiovascular
CV_438.11	82	35760	0.02957101430586582	1.5291337786228323	0.247	0.5371920175338493	0.053	1.021	1.7111951038322235	0.23329952893742564	True	Both	Abdominal aortic aneurysm	Cardiovascular
GI_526	830	34022	1.5112974605847673e-27	26.820650047390775	0.074	0.8071381350125277	0.662	0.953	2.24148397422703	0.35053563816962263	True	Both	Intestinal infection	Gastrointestinal
CA_138.1	609	34571	0.00007760181047706655	4.11012814638321	0.094	0.3720173331153372	0.188	0.557	1.4506581254998485	0.1615650749443548	True	Both	Nevus, non-neoplastic	Neoplasms
CV_416.211	567	35192	0.0003437069427707392	3.463811695164003	0.101	0.3599499390221788	0.163	0.557	1.433257662484312	0.15632427227874426	True	Both	Paroxysmal atrial fibrillation*	Cardiovascular
GI_528.1	5032	27585	7.912839404756089e-201	200.10166764841833	0.034	1.0334836005094241	0.966	1.1	2.8108406449495917	0.44883622483874763	True	Both	Nausea	Gastrointestinal
EM_256.3	893	34277	5.102972848860511e-7	6.2921767423911525	0.077	0.3873171327847702	0.236	0.538	1.4730235612716343	0.16820969351501475	True	Both	Mixed disorder of acid-base balance	Endocrine/Metab
PP_941.5	243	22054	7.626636924950735e-8	7.117666928220393	0.137	0.7368608799948326	0.468	1.006	2.0893664373463667	0.32001461411213	True	Female	False labor	Pregnancy
GI_509	232	35424	6.012939619944169e-22	21.22091315718173	0.133	1.2764177452505379	1.017	1.536	3.583778695326905	0.5543411833656993	True	Both	Diseases of tongue	Gastrointestinal
ID_019	175	35643	5.047067258429848e-10	9.296960907715231	0.155	0.9664881474278618	0.662	1.271	2.628696635321253	0.41974046925281694	True	Both	Treponema	Infections
GU_629.1	115	22495	0.00009480911403725665	4.023149911756534	0.197	0.7672156117615312	0.382	1.152	2.1537609904022093	0.3331975066180606	True	Female	Female infertility associated with anovulation	Genitourinary
SS_800.1	862	33505	9.774743643928001e-48	47.00989462375178	0.071	1.03585525642477	0.896	1.176	2.817514903185874	0.44986622191575554	True	Both	Chest pain on breathing	Symptoms
ID_054.32	87	35789	2.6031357478712373e-14	13.584503183786959	0.217	1.6512402722109045	1.226	2.076	5.213441906102325	0.7171245385176193	True	Both	Acute hepatitis C	Infections
PP_904	800	21351	0.00009196364786236247	4.036383810183601	0.084	0.3273130284495531	0.163	0.491	1.3872356534477586	0.14215024211068303	True	Female	Bleeding in pregnancy	Pregnancy
NS_334.11	123	35718	2.5795915196136217e-6	5.588449059471966	0.187	0.8792988104599279	0.513	1.246	2.4092098013020413	0.38187462132683997	True	Both	Trigeminal neuralgia	Neurological
RE_460.2	1750	32174	1.3165797467289142e-80	79.88055283005173	0.052	0.995210181369433	0.893	1.098	2.7052928836918593	0.43221429010267914	True	Both	Acute lower respiratory infection	Respiratory
GU_594.2	2733	30727	1.0272948441050427e-150	149.98830489156302	0.043	1.1214768597411007	1.037	1.206	3.069383907123485	0.4870512117677471	True	Both	Dysuria	Genitourinary
GE_965.4	64	35814	0.10534056971830119	0.9774043371571466	0.278	0.4509153929365588	-0.095	0.997	1.5697484646666986	0.19583006695758398	True	Both	Familial hypercholesterolemia*	Genetic
CV_416.5	665	34741	1.5828325560050115e-16	15.800565025661555	0.085	0.6993014345168984	0.533	0.865	2.012346460572494	0.3037027541977172	True	Both	Premature depolarization [Premature beats]	Cardiovascular
DE_684	1369	33628	2.95173771171615e-63	62.52992223608178	0.058	0.9715204688274824	0.858	1.085	2.641958422452815	0.4219259786678358	True	Both	Diseases of hair and hair follicles	Dermatological
DE_679.6	89	35604	2.031444801866927e-8	7.692194973765966	0.214	1.1984519862455814	0.78	1.617	3.3149813120973852	0.5204810844524479	True	Both	Changes in skin texture	Dermatological
MS_722.1	1156	33991	1.2030707745248879e-52	51.91970882313272	0.063	0.963430462981936	0.84	1.087	2.6206711864043193	0.41841253377055	True	Both	Plantar fascial fibromatosis [Plantar fasciitis]	Muscloskeletal
DE_684.11	89	35774	7.154686051889892e-9	8.145409418357485	0.213	1.233191656714304	0.816	1.651	3.432166370536415	0.5355683316401514	True	Both	Alopecia Areata	Dermatological
PP_909.3	269	22249	0.008218253963154853	2.0852204421575546	0.139	0.3686040782285106	0.095	0.642	1.44571510026537	0.1600827171816767	True	Female	Abnormal glucose complicating pregnancy	Pregnancy
GU_580.5	158	35654	0.6271395781890231	0.20263579044342356	0.194	0.09426571560674184	-0.286	0.475	1.098851689171824	0.04093908012066923	True	Both	Morphologic lesions in glomerular diseases	Genitourinary
EM_252.51	240	35421	2.2647139804241329e-10	9.644986638934634	0.135	0.8552538845074286	0.591	1.12	2.3519714338893807	0.37143204266789726	True	Both	Disorders of intestinal carbohydrate absorption	Endocrine/Metab
GE_974	114	35737	4.6734309567267805e-7	6.330364169008083	0.193	0.9702447501349357	0.593	1.348	2.6385901756328822	0.42137194107920195	True	Both	Genetic diseases of the eye	Genetic
RE_479	1453	33452	1.2407164511104783e-24	23.9063274592655	0.06	0.6104213539048273	0.494	0.727	1.8412070351353087	0.2651026256367785	True	Both	Pulmonary insufficiency and acute respiratory distress syndrome	Respiratory
PP_945.3	87	22431	0.04381258545513384	1.358401117610079	0.238	0.4791766637463492	0.013	0.945	1.6147443771530212	0.20810378092184947	True	Female	Postpartum hemorrhage	Pregnancy
MS_723.51	403	35254	1.872628814825132e-13	12.727548298251424	0.106	0.7788276831443166	0.571	0.986	2.1789163872334547	0.33824056514307094	True	Both	Achilles tendinitis	Muscloskeletal
MB_291.1	194	35593	3.664938531219986e-18	17.43593330499989	0.145	1.2572636196591367	0.974	1.541	3.51578778006898	0.5460226523156718	True	Both	Conversion disorder	Mental
GU_598	111	35546	0.0023531406886069467	2.6283521066280127	0.205	0.6237915069664939	0.222	1.026	1.8659895589033553	0.27090920933366214	True	Both	Abnormal findings on radiological and other examination of genitourinary organs	Genitourinary
CA_148.3	63	35791	0.0013896682991193505	2.8570888494244207	0.262	0.8377998994698047	0.324	1.351	2.3112763385786645	0.36385187327883534	True	Both	Benign neoplasm of brain	Neoplasms
MS_718.4	6310	26924	0.0	inf	0.032	1.2254782547056415	1.162	1.289	3.405794530614077	0.5322184437110878	True	Both	Low back pain	Muscloskeletal
PP_903.2	148	22328	8.834448772021023e-7	6.053820543241309	0.172	0.8438395245653186	0.507	1.18	2.325277820445378	0.36647484913058137	True	Female	Threatened premature labor	Pregnancy
GI_522.7	93	35657	0.003467328943521252	2.460004955119064	0.222	0.6497323064629539	0.214	1.085	1.9150281197415622	0.28217515541113336	True	Both	Ulceration of the lower GI tract	Gastrointestinal
SS_844	92	35745	0.22857643370270575	0.6409685475210372	0.241	0.29042760088884256	-0.182	0.763	1.3369990678025268	0.1261311044584243	True	Both	Wheelchair dependence	Symptoms
DE_668.3	2228	31566	5.765573645886524e-115	114.23915747607977	0.047	1.061276428746271	0.97	1.153	2.890057588511149	0.46090649677849516	True	Both	Contact dermatitis	Dermatological
RE_499.1	6240	26067	9.868566621708895e-295	294.0057459226585	0.032	1.1921119779229057	1.128	1.256	3.294030786419471	0.5177276538226891	True	Both	Cough	Respiratory
RE_487.1	469	34953	2.833084955714386e-21	20.54774040209631	0.096	0.9118838926046503	0.723	1.101	2.4890071414968227	0.3960261426946572	True	Both	Epistaxis	Respiratory
EM_214.11	64	22605	0.05374722152179756	1.2696439818112528	0.274	0.5291109884985307	-0.009	1.067	1.6974226094253757	0.22978998261928682	True	Female	Premature menopause	Endocrine/Metab
CV_413	1524	33608	4.066238570669335e-26	25.390807144417675	0.059	0.6254277837406834	0.509	0.741	1.869045333644292	0.2716198353075591	True	Both	Heart valve disorders	Cardiovascular
EM_230.22	222	35518	7.207614895688433e-8	7.142208425850505	0.142	0.7628899557263549	0.485	1.041	2.144464681987545	0.331318898071372	True	Both	Underweight	Endocrine/Metab
MS_719.91	70	35782	1.0021085018214814e-7	6.99908525332782	0.24	1.2775271881831263	0.807	1.748	3.5877568996596847	0.5548230083093089	True	Both	Contracture of tendon	Muscloskeletal
CA_114.1	71	35822	0.7219899812799804	0.14146882889159224	0.307	-0.10938865049481546	-0.712	0.493	0.896381970494195	-0.04750688729274178	True	Both	Malignant neuroendocrine tumors	Neoplasms
PP_911.1	127	22389	0.0024432593483378995	2.6120304308677884	0.193	0.5861926200370798	0.207	0.965	1.7971330049094119	0.2545802202145133	True	Female	Hyperemesis gravidarum	Pregnancy
GU_582	2443	32760	1.1302423924564763e-21	20.94682840747464	0.05	0.47353026972499046	0.376	0.571	1.6056525862279856	0.20565158315572182	True	Both	Renal failure	Genitourinary
ID_092.1	173	35499	0.07384127736883672	1.131700799124089	0.175	0.3130183568344401	-0.03	0.656	1.3675466346243543	0.1359421451076204	True	Both	Systemic inflammatory response syndrome	Infections
MS_723.7	162	35548	1.6140042430898372e-10	9.792095327886514	0.161	1.0271961260237514	0.712	1.342	2.7932229993984805	0.4461056093645125	True	Both	Iliotibial band syndrome*	Muscloskeletal
SS_808	2062	32419	1.1841234848796332e-96	95.9266030053788	0.048	0.9990220902668139	0.905	1.093	2.715624893534451	0.4338697811023296	True	Both	Syncope and collapse	Symptoms
MS_713.4	1029	34410	2.4029089244316486e-60	59.619262689606565	0.066	1.0749555451272315	0.946	1.204	2.929862650967231	0.4668472615400586	True	Both	Stiffness of joint	Muscloskeletal
ID_004.3	83	35666	0.2274815182244252	0.6430538819044408	0.253	0.30528600767885394	-0.19	0.801	1.357013063665928	0.13258402853720003	True	Both	Group B Streptococcus	Infections
MS_719.1	1861	32320	1.0220890134853255e-114	113.9905112799527	0.05	1.138743155139569	1.041	1.237	3.1228409710161973	0.49454986858221345	True	Both	Cramp and spasm	Muscloskeletal
MS_721.1	1614	33120	1.0847327462821977e-84	83.96467724901532	0.055	1.0649791517013956	0.958	1.172	2.9007785071327135	0.46251456892592224	True	Both	Synovitis and tenosynovitis	Muscloskeletal
CA_135.6	50	35844	0.0797972954047885	1.098011828081367	0.309	0.5414671340377412	-0.064	1.147	1.7185263220020701	0.2351561884445594	True	Both	Benign neoplasm of vocal cord or larynx	Neoplasms
NS_325	1718	33291	4.951190720226915e-83	82.30529034429125	0.053	1.0255879366580967	0.921	1.13	2.788734577958117	0.44540718159715315	True	Both	Abnormality of gait and mobility	Neurological
DE_660.12	1885	32677	4.838097731114328e-84	83.31532536299875	0.051	0.9889212374178401	0.889	1.089	2.6883328346711433	0.4294830364475035	True	Both	Dermatophytosis	Dermatological
RE_488.7	174	35524	2.4336189805415137e-14	13.613747416081882	0.153	1.1683975573426282	0.868	1.469	3.2168337146265804	0.5074286118231417	True	Both	Apnea	Respiratory
MB_280.5	1285	34108	6.403310101978852e-66	65.19359546548536	0.059	1.0145881575549887	0.899	1.131	2.758227208389516	0.44063003823051866	True	Both	Stimulant use disorders	Mental
CV_420	92	35737	0.08558977597250203	1.0675781103685993	0.235	0.4036215771701127	-0.057	0.864	1.4972372509820249	0.1752906237420675	True	Both	Cardiac arrest	Cardiovascular
EM_230.5	100	35686	0.0000909372502341998	4.041258182153878	0.209	0.8172962239379121	0.408	1.227	2.264369206084771	0.3549472401365996	True	Both	Early satiety	Endocrine/Metab
SO_367.5	201	35629	0.0000689939768738981	4.161188821213552	0.153	0.6078637276973404	0.308	0.907	1.8365039327215917	0.2639918626880958	True	Both	Uveitis	Sense organs
GU_593.1	415	35181	1.569312100408953e-20	19.80429067654929	0.102	0.9507203374654255	0.75	1.151	2.587572913863625	0.41289259639443165	True	Both	Gross hematuria	Genitourinary
CA_130	2897	32349	1.2008135570243395e-14	13.920524417610535	0.047	0.36647051360258903	0.273	0.46	1.4426338618477708	0.159156121837855	True	Both	Cancer (solid tumor, excluding BCC)	Neoplasms
EM_208	544	35228	2.3014864736644886e-15	14.637991573205435	0.093	0.7334588597177665	0.552	0.915	2.0822704475547997	0.31853713547847723	True	Both	Disorders of parathyroid gland	Endocrine/Metab
SO_396.9	541	34809	2.0631879284896546e-23	22.685461211877133	0.09	0.9007481001648471	0.724	1.078	2.4614438290847103	0.39118992948643067	True	Both	Unilateral hearing loss	Sense organs
GI_502.13	85	35688	5.981551693155955e-11	10.223186139697294	0.218	1.425612964788402	0.999	1.853	4.160407244475717	0.6191358439373378	True	Both	Cracked tooth	Gastrointestinal
MB_308.32	96	35680	4.587911316323049e-13	12.338384985540555	0.205	1.4825401318963642	1.081	1.884	4.404118526605187	0.6438589984827101	True	Both	Auditory hallucinations*	Mental
DE_660.124	184	35316	6.531927823952755e-10	9.184958622746182	0.152	0.9391144024934275	0.641	1.237	2.557715308746931	0.407852202878765	True	Both	Dermatophytosis of the body	Dermatological
SS_847	276	35556	0.5370319605891634	0.26999986719714497	0.156	-0.09620730158785362	-0.402	0.209	0.9082757095544612	-0.041782300198406806	True	Both	Transplated organ	Symptoms
RE_487	692	34547	5.006413903830423e-28	27.300473248072034	0.08	0.8802389610208508	0.723	1.037	2.41147588631175	0.382282923527607	True	Both	Hemorrhage from respiratory passages	Respiratory
SO_374.54	104	35728	0.006270845366449099	2.2026739084139146	0.214	0.5861428473245145	0.166	1.006	1.7970435589509193	0.25455860420009685	True	Both	Drusen (degenerative) of macula	Sense organs
ID_071	66	35814	0.14113573502543025	0.8503630106294421	0.277	0.4071920769150655	-0.135	0.95	1.5025926913144898	0.1768412720789374	True	Both	Coccidioides	Infections
ID_052	1974	32559	5.349425448209132e-82	81.27169286060904	0.049	0.9435382940391239	0.847	1.04	2.569055429114293	0.4097734745655994	True	Both	Herpesvirus	Infections
MS_741.13	177	35587	5.1327909828271137e-8	7.289646420690153	0.157	0.8526885210087785	0.546	1.16	2.3459455048769446	0.3703179194563575	True	Both	Superior glenoid labrum lesion	Muscloskeletal
DE_672.21	1022	34319	5.48466474768289e-20	19.260849913701147	0.075	0.6876382664821247	0.54	0.835	1.9890124643269205	0.29863750467870454	True	Both	Actinic keratosis	Dermatological
CV_436.2	147	35617	0.5486500724035777	0.26070455915181373	0.202	0.12109065156409744	-0.275	0.517	1.1287272286184233	0.052589001784356854	True	Both	Atherosclerosis of the extremities	Cardiovascular
PP_901	422	22048	1.8634693165413706e-7	6.729677753844661	0.108	0.5608112242202139	0.35	0.772	1.7520932644312273	0.24355722006824618	True	Female	Abnormal products of conception	Pregnancy
GI_524	1789	33276	2.890823769613822e-96	95.53897838298072	0.051	1.057525282225544	0.958	1.157	2.879236866787912	0.45927739454373284	True	Both	Functional intestinal disorder	Gastrointestinal
MS_713	12561	20424	0.0	inf	0.03	1.3758866859196641	1.316	1.435	3.9585851889858454	0.5975399954190628	True	Both	Symptoms related to joints	Muscloskeletal
CA_148.2	127	35751	0.005525707202392391	2.257612131318574	0.195	0.5408485293073014	0.159	0.923	1.717463562237894	0.2348875318236502	True	Both	Benign neoplasm of meninges (Meningioma)	Neoplasms
EM_256.72	155	35368	0.000025878435320816265	4.587061985811613	0.171	0.7182962508693417	0.384	1.053	2.0509359519189894	0.311952098124349	True	Both	Hypovolemia	Endocrine/Metab
MS_722.4	89	35761	8.762049411026718e-7	6.057394302073646	0.217	1.0679913950656224	0.642	1.494	2.9095295314324066	0.46382276959715557	True	Both	Palmar fascial fibromatosis [Dupuytren]	Muscloskeletal
GI_554	808	34803	3.7961815978098505e-11	10.42065302041747	0.079	0.5207358991437014	0.366	0.675	1.6832659079667	0.2261527275270378	True	Both	Diseases of the pancreas	Gastrointestinal
EM_252.4	87	35767	0.021867594044630758	1.660198997054727	0.235	0.5393175303370036	0.078	1.0	1.7148361390968594	0.23422262741905026	True	Both	Hyperuricemia without signs of gout*	Endocrine/Metab
MS_706.1	318	35361	1.17369265197547e-19	18.930445614354422	0.115	1.0451868730245033	0.819	1.271	2.8439299277847545	0.4539188915122565	True	Both	Sacroiliitis	Muscloskeletal
CM_763.32	179	35643	8.265198514778375e-6	5.08274671101722	0.159	0.7090137313940255	0.397	1.021	2.031986185856226	0.3079207511380596	True	Both	Atrial septal defect	Congenital
GI_511	7355	26289	2.713335175233186e-284	283.5664965550172	0.031	1.1266599676105424	1.065	1.188	3.0853341552269873	0.48930220691455506	True	Both	Gastro-esophageal reflux disease [GERD]	Gastrointestinal
SO_381	367	35365	9.571367677557054e-12	11.019026000323812	0.111	0.7553442369060552	0.538	0.973	2.128344051837821	0.32804183402572235	True	Both	Strabismus	Sense organs
BI_175	188	35623	2.1423910245684032e-6	5.669101259781553	0.155	0.7334073088808593	0.43	1.037	2.0821631075373186	0.31851474723447093	True	Both	Polycythemias	Blood/Immune
MB_302.3	154	35643	1.1099038307340089e-40	39.95471464967363	0.184	2.46214969371239	2.101	2.823	11.730000364181384	1.0692980255990725	True	Both	Specific developmental disorders of scholastic skills	Mental
CM_751.3	59	35819	0.17323660010069186	0.7613603482162529	0.293	0.39939301026812446	-0.175	0.974	1.4909194501338086	0.17345418047017527	True	Both	Congenital malformations of posterior segment of eye	Congenital
PP_907	288	22117	0.8207597918995806	0.08578392731005949	0.147	0.03334840755408645	-0.255	0.322	1.0339106987942184	0.014483029381000424	True	Female	Placental disorders	Pregnancy
GI_513.3	95	35703	0.0051492372230416885	2.28825709996053	0.221	0.6195067482057753	0.185	1.054	1.8580113483533076	0.2690483622475955	True	Both	Duodenal ulcer	Gastrointestinal
SS_805	2154	31150	4.208964271540216e-111	110.37582476081381	0.047	1.0477145166397803	0.956	1.139	2.8511274616772333	0.4550166331865893	True	Both	Fever	Symptoms
CV_410.1	80	35766	0.0010120908147692633	2.994780516563784	0.235	0.771965791138631	0.312	1.232	2.164016078913847	0.3352604833095857	True	Both	Pericarditis	Cardiovascular
BI_176.1	94	35746	0.0001292220604087984	3.8886633385393283	0.215	0.8235750153325618	0.402	1.245	2.2786314358979327	0.35767408459231764	True	Both	Thrombocytosis*	Blood/Immune
NS_355.21	162	35485	3.490826610566731e-17	16.457071722066424	0.158	1.3301801511780988	1.021	1.639	3.781724608349015	0.5776898995938816	True	Both	Transient alteration of awareness	Neurological
NS_337	1944	33106	6.4060587901008766e-49	48.19340908001824	0.052	0.7621700088995864	0.661	0.864	2.14292133707443	0.3310062291372427	True	Both	Polyneuropathies	Neurological
GI_556.8	595	34574	3.965370800336888e-27	26.401716195733332	0.086	0.9278315447251761	0.759	1.096	2.52901916240005	0.4029521200099142	True	Both	Nonspecific abnormal findings in stool contents	Gastrointestinal
DE_668.2	939	34287	6.449013958687818e-43	42.1905066830449	0.069	0.9466726786321779	0.812	1.082	2.57712046973672	0.41113472049852534	True	Both	Seborrheic dermatitis	Dermatological
ID_002	566	34829	1.905175171100712e-21	20.720065086998897	0.089	0.8435862792524701	0.67	1.017	2.3246890292937263	0.36636486608864344	True	Both	Staphylococcus	Infections
ID_054.31	481	35293	2.1040133170869546e-32	31.676951515697446	0.093	1.1074774383294035	0.924	1.291	3.0267136844350437	0.48097134029880884	True	Both	Chronic hepatitis C	Infections
GU_612.1	267	22165	0.00007556960972925227	4.121652820641426	0.135	0.5351968688450205	0.27	0.8	1.7077844187078457	0.2324330468712908	True	Female	Inflammatory disease of breast	Genitourinary
MB_284	1377	33790	2.0613942907625324e-118	117.68583893111031	0.056	1.2982107761630426	1.188	1.408	3.6627373443553157	0.5638057764349469	True	Both	Suicide ideation and attempt or self harm	Mental
DE_686.1	178	35653	0.15916758277098075	0.79814537916909	0.176	0.2477075805611984	-0.097	0.593	1.281085263182723	0.10757803536333363	True	Both	Pressure ulcer	Dermatological
NS_324.1	111	35754	1.5985337681878637e-7	6.796278185052128	0.196	1.024787983697286	0.642	1.408	2.786504613527806	0.44505976644049094	True	Both	Parkinsonism	Neurological
GI_502.11	1073	34151	3.090839887812244e-56	55.509923491746996	0.064	1.0122653384481968	0.887	1.138	2.7518277807627136	0.4396212507099794	True	Both	Dental caries	Gastrointestinal
NS_343.7	118	35750	3.869050257434775e-11	10.41239562892832	0.186	1.2267622220049874	0.863	1.591	3.410170267970371	0.532776063624138	True	Both	Postural orthostatic tachycardia syndrome [POTS]*	Neurological
ID_050	50	35742	0.000014850501125414472	4.828258890970999	0.284	1.2303062887758915	0.674	1.787	3.4222775809903587	0.5343152322662383	True	Both	Enterovirus	Infections
CV_414.2	117	35732	0.02705623400038182	1.567732653661357	0.206	0.4559233643974475	0.052	0.86	1.577629437551087	0.19800500132857693	True	Both	Dilated cardiomyopathy*	Cardiovascular
CA_128.1	87	35804	0.1333953262612721	0.8748593864202	0.244	0.3665784966637661	-0.112	0.845	1.4427896502794353	0.15920301828546324	False	Both	Estrogen receptor postitive status [ER+]	Neoplasms
EM_247.51	297	35274	1.8725420940652028e-10	9.727568410736769	0.122	0.7801655023614233	0.54	1.02	2.181833334187557	0.33882157264684454	True	Both	Hypocalcemia	Endocrine/Metab
GE_972	708	34774	2.220297239130571e-34	33.65358888110206	0.079	0.9692703168938919	0.814	1.125	2.6360202979467213	0.4209487500996335	True	Both	Genetic neuromuscular disease	Genetic
SO_375.1	402	35386	0.00009842354410381152	4.006901000640931	0.115	0.4467745730513191	0.222	0.672	1.5632618582123665	0.19403173173086916	True	Both	Glaucoma	Sense organs
MS_705.3	80	35799	0.40470425014574607	0.39286223468638604	0.264	0.22008529406938043	-0.298	0.738	1.2461830180752747	0.09558182876238641	True	Both	Polymyalgia rheumatica	Muscloskeletal
CM_750.1	94	35745	0.000017000518952889785	4.7695378212725235	0.213	0.9145039931720094	0.498	1.331	2.495537141412998	0.3971640379130928	True	Both	Congenital malformations of brain	Congenital
EM_247	4224	30059	1.1137868785824967e-111	110.9531979027982	0.037	0.8272384010854328	0.755	0.899	2.2869942505916585	0.3592650728098724	True	Both	Disorders of mineral metabolism and mineral deficiencies	Endocrine/Metab
NS_331.31	107	35701	0.005312485420360314	2.274702248822244	0.21	0.5848468560095093	0.174	0.996	1.794716114605425	0.2539957623233955	True	Both	Persistent headache syndromes, non migraine	Neurological
PP_932	942	21028	2.4933744777982343e-8	7.603212490277674	0.076	0.4241630129869803	0.275	0.573	1.5283107079726221	0.1842116559677029	True	Female	Known or suspected fetal abnormality affecting management of mother	Pregnancy
GE_983.2	61	35830	0.03159353663546732	1.50040175569356	0.277	0.5951758354040904	0.052	1.138	1.8133497680183612	0.2584815810781545	True	Both	Hemoglobin C trait [Sickle-cell trait]	Genetic
CA_139.6	1060	33897	1.7286099025176144e-16	15.762303003428713	0.07	0.5771652774056326	0.44	0.714	1.7809826764719827	0.25065969512342584	True	Both	Hemangioma and lymphangioma	Neoplasms
GI_554.1	531	35198	1.9106057622615511e-7	6.718828916784642	0.097	0.5032515352714512	0.314	0.693	1.6540908710562445	0.21855936477773094	True	Both	Pancreatitis	Gastrointestinal
GU_614.52	1538	19704	2.9508262599689615e-87	86.53005636032655	0.055	1.0984028965121522	0.99	1.207	2.9993718892951495	0.4770303168617762	True	Female	Vaginitis and vulvovaginitis	Genitourinary
CV_438.6	145	35701	0.09610207146835714	1.0172672510663017	0.191	0.31845943291398476	-0.057	0.694	1.375007839991095	0.13830517442458243	True	Both	Cerebral aneurysm	Cardiovascular
DE_668.5	179	35551	3.0989908300271953e-9	8.508779708844447	0.155	0.9182137997235157	0.615	1.222	2.5048122953255474	0.39877518642734044	True	Both	Lichen simplex chronicus	Dermatological
CA_102.1	156	35701	0.07711946414286878	1.1128359967479082	0.185	0.3274712633863885	-0.036	0.691	1.3874551799616814	0.1422189626705949	True	Both	Malignant neoplasm of the of bronchus and lung	Neoplasms
MS_721	3150	30923	2.2270083972804846e-145	144.65227814538818	0.042	1.081939094271054	0.999	1.165	2.9503951020182253	0.46988017839732094	True	Both	Synoviopathy and bursopathy	Muscloskeletal
MS_745.2	124	35756	0.10623480506980719	0.9737331746541318	0.206	0.33232517009505286	-0.071	0.736	1.3942061289513754	0.14432698756984103	True	Both	Fracture of pelvis	Muscloskeletal
NS_334	565	34908	8.554344681891987e-12	11.067813254613712	0.092	0.6277241954339603	0.448	0.808	1.8733423631898172	0.27261715423412736	True	Both	Disorders of facial and cranial nerves	Neurological
GI_510.5	169	35572	1.2272254915401268e-13	12.911075632273654	0.156	1.1582126928146175	0.852	1.464	3.1842369774850146	0.5030053813596944	True	Both	Dyskinesia of esophagus	Gastrointestinal
BI_179	681	34944	1.5803470168066413e-7	6.80124753903503	0.087	0.45426309074192234	0.284	0.624	1.575012314129452	0.19728395364153303	True	Both	Immunodeficiencies	Blood/Immune
MB_288.3	4326	30363	0.0	inf	0.035	1.8731263903893542	1.805	1.941	6.508613089196284	0.8134884552534528	True	Both	Generalized anxiety disorder	Mental
PP_927	250	22265	2.834129134860707e-19	18.547580365351887	0.129	1.1589683487797218	0.906	1.412	3.186644074505427	0.5033335585755565	True	Female	Drugs and alcohol during pregnancy	Pregnancy
NS_329.4	870	34313	6.749810833937276e-246	245.17070839826948	0.08	2.687608475745722	2.53	2.845	14.696486854696436	1.1672135305327767	True	Both	Specified cognitive deficit	Neurological
CA_106.2	127	22539	0.05720374898294555	1.2425755077585126	0.202	0.3847400780083452	-0.012	0.781	1.4692323859986116	0.16709049284605096	True	Female	Malignant neoplasm of the uterus	Neoplasms
CA_148.1	199	35621	4.927975098208106e-8	7.3073314953927655	0.149	0.8152336097109784	0.522	1.108	2.2597034993759273	0.35405145815954714	True	Both	Benign neoplasm of eye	Neoplasms
GU_623	644	21784	4.376926459276935e-23	22.358830750302246	0.085	0.8438549539285153	0.677	1.011	2.325313698278188	0.36648155001787697	True	Female	Pelvic organ prolapse and fistulas	Genitourinary
SO_376.2	432	35070	0.0005743654408520005	3.2408116991606066	0.111	0.3811642673385282	0.164	0.598	1.4639880710829336	0.1655375380038187	True	Both	Vitreous opacities	Sense organs
EM_252.5	283	35357	1.4560584422843317e-12	11.836821193256345	0.124	0.8777965805174176	0.635	1.121	2.4055933312656297	0.38122221115225796	True	Both	Disorders of carbohydrate metabolism	Endocrine/Metab
GU_614.55	772	34294	3.48986262986891e-45	44.457191667672355	0.076	1.0651340123736737	0.917	1.213	2.901227758427239	0.4625818240613564	True	Both	Candidiasis of vulva and vagina	Genitourinary
CV_425	515	34770	1.0650806150693596e-14	13.972617519591644	0.095	0.7365755455501755	0.55	0.923	2.0887703541798555	0.3198906949373186	True	Both	Cardiomegaly	Cardiovascular
NS_330.1	626	35048	1.0222466377763949e-31	30.990444309188945	0.083	0.9725653276361257	0.81	1.135	2.6447203386375393	0.4223797550827976	True	Both	Epilepsy	Neurological
MS_710.3	96	35690	0.001224817672603998	2.911928555932407	0.217	0.7017384461607581	0.276	1.127	2.017256552874348	0.30476113490697937	True	Both	Deformities of the knee	Muscloskeletal
MS_741.3	585	34613	6.679602712187361e-41	40.175249367619635	0.085	1.1351958460248661	0.969	1.301	3.111782913545635	0.4930092918080929	True	Both	Sprains and strains of wrist and hand	Muscloskeletal
SS_800.11	415	34418	2.2740425384388407e-20	19.643201415621693	0.102	0.9453105611192151	0.745	1.146	2.5736125184751777	0.41054316037894173	True	Both	Pleurodynia*	Symptoms
CM_760	149	35638	0.00004569230181167541	4.340156963219654	0.174	0.7095927329571636	0.368	1.051	2.0331630497042377	0.3081722083219439	True	Both	Congenital anomalies of genital organs	Congenital
PP_929	175	22362	0.036562552420458014	1.4369634939166684	0.173	0.3610013605755692	0.023	0.699	1.4347654129839962	0.1567808988575358	True	Female	Excessive fetal growth	Pregnancy
SO_374.8	55	35823	0.020126051739555267	1.6962414151712577	0.288	0.6697985489983745	0.105	1.235	1.9538436772215448	0.2908898138167989	True	Both	Retinal edema	Sense organs
EM_202.2	3830	31292	6.562865160016215e-24	23.182906518623234	0.041	0.41430616617005	0.334	0.495	1.513320383469894	0.1799308817861444	True	Both	Type 2 diabetes	Endocrine/Metab
PP_908.12	61	22581	0.0022384791531385433	2.6500469458278015	0.267	0.8173016941014716	0.293	1.341	2.264381592588565	0.3549496157984486	True	Female	Severe pre-eclampsia	Pregnancy
EM_200.4	677	35014	5.3780991074114513e-8	7.269371198876325	0.087	0.47238073943503456	0.302	0.643	1.6038079004092163	0.20515234849401331	True	Both	Thyroiditis	Endocrine/Metab
BI_168	1234	33654	1.9060611329983115e-40	39.719863174370275	0.062	0.8233090996557685	0.702	0.945	2.278025592632674	0.3575585988812347	True	Both	Coagulation defects, purpura and other hemorrhagic conditions	Blood/Immune
EM_202.4	237	35499	1.9345059553483728e-6	5.713429928971449	0.14	0.6641868535496956	0.391	0.938	1.9429100084530633	0.28845268544931607	True	Both	Other specified diabetes*	Endocrine/Metab
GU_625	1730	19635	5.5042504391565435e-77	76.25930181425849	0.053	0.9897074692432826	0.885	1.094	2.6904473186315117	0.4298244925907899	True	Female	Pain and other symptoms associated with female genital organs	Genitourinary
CV_416.71	113	35750	0.04729373044170615	1.3251964282905428	0.212	0.42120865838719135	0.005	0.837	1.5238021993484798	0.18292859606742906	True	Both	Sick sinus syndrome*	Cardiovascular
CV_404.2	1722	33535	1.8065963254877422e-7	6.743138877432513	0.063	0.3307640698757754	0.207	0.455	1.3920313314378603	0.14364901035891087	True	Both	Coronary atherosclerosis [Atherosclerotic heart disease]	Cardiovascular
GU_621.1	532	21821	5.760638831887142e-15	14.23952935237899	0.094	0.7302015853256151	0.547	0.913	2.075498955639087	0.31712251918392115	True	Female	Dysplasia of cervix	Genitourinary
EM_200.9	355	35205	3.893251347183937e-11	10.409687557450262	0.113	0.7466848641578493	0.525	0.968	2.109993494183464	0.3242811162244331	True	Both	Abnormal thyroid function studies	Endocrine/Metab
NS_354	3949	29253	6.236340153187868e-159	158.20507020480076	0.038	1.010545264127373	0.937	1.084	2.7470985009840723	0.4388742319239823	True	Both	Dizziness and giddiness	Neurological
MS_740	625	34813	2.8221345142385076e-28	27.549422289873217	0.084	0.922567997087649	0.759	1.087	2.515742521331262	0.4006661903157013	True	Both	Dislocation	Muscloskeletal
NS_350.4	229	35618	1.1418414400874451e-17	16.942394199484248	0.134	1.1467688816138462	0.884	1.409	3.148004882736541	0.49803539730325685	True	Both	Abnormal posture	Neurological
MS_719.9	296	35361	1.1681131421593245e-23	22.932515089898526	0.118	1.1836895188852528	0.952	1.415	3.266403455402342	0.5140698263385802	True	Both	Contractures	Muscloskeletal
DE_682.1	1085	33910	9.808244358550978e-24	23.00840872285744	0.067	0.6751500120444877	0.543	0.807	1.9643276266720382	0.29321392468783497	True	Both	Cutaneous cyst	Dermatological
MS_717.2	917	34325	2.124883876421087e-49	48.67266479888781	0.07	1.0288410466798583	0.892	1.165	2.7978214105812227	0.44681998932862843	True	Both	Sacrococcygeal disorders	Muscloskeletal
SS_848	710	34292	2.0831079062958764e-15	14.68128823274305	0.083	0.6562472865023531	0.494	0.818	1.92754521977103	0.2850045752919543	True	Both	Nonspecific abnormal findings of other body structures	Symptoms
NS_331.3	475	34993	1.1158054337593127e-27	26.952411527989334	0.095	1.0311085832009088	0.846	1.216	2.8041727710586026	0.4478047679272347	True	Both	Headache syndromes, non migraine	Neurological
MS_724.5	443	34671	4.183731216021412e-20	19.378436224510846	0.1	0.9223881566718196	0.726	1.119	2.5152901298304635	0.4005880866154834	True	Both	Exostosis	Muscloskeletal
EM_236.1	8727	25597	2.765922519825645e-212	211.55815998969433	0.029	0.9090835533347602	0.852	0.966	2.4820468272246523	0.39480997080228686	True	Both	Obesity	Endocrine/Metab
NS_333.11	4290	30683	1.497972418791617e-236	235.82449618294956	0.036	1.1980457136634048	1.127	1.27	3.313634799623923	0.5203046425118599	True	Both	Obstructive sleep apnea	Neurological
GU_582.1	1451	33760	2.004586032094218e-12	11.697975300120866	0.062	0.43331508275423897	0.313	0.554	1.5423621158515177	0.1881863493656169	True	Both	Acute kidney failure	Genitourinary
SO_390	2064	32083	7.988664686986749e-73	72.09752580736155	0.049	0.8814349158772887	0.786	0.977	2.4143616278735274	0.3828023201223635	True	Both	Disorders of external ear	Sense organs
MS_741.5	892	34055	2.5959639513552624e-41	40.58570134262521	0.071	0.9495520749697854	0.811	1.088	2.5845517145941437	0.4123852264391607	True	Both	Sprains and strains of knee and leg	Muscloskeletal
SO_386.3	134	35461	1.1744492088126172e-9	8.93016576033327	0.176	1.068778157546199	0.724	1.413	2.91181954083248	0.4641644562010385	True	Both	Visual discomfort	Sense organs
CA_109	180	35644	0.02482856539664689	1.6050483734103722	0.169	0.3795824948780081	0.048	0.711	1.46167420555639	0.16485058295258828	True	Both	Malignant neoplasm of the eye, brain and other parts of central nervous system	Neoplasms
MB_309.3	78	35682	4.677175444837094e-8	7.330016339029801	0.228	1.2431401475940695	0.797	1.689	3.466481656001864	0.5398889063324984	True	Both	Emotional lability	Mental
RE_471.3	504	35089	2.9058959284035922e-27	26.53671994355809	0.092	0.995680341810985	0.815	1.176	2.706565104439082	0.43241847818805446	True	Both	Hypertrophy of nasal turbinates	Respiratory
BI_164.1	2502	32297	2.3817857157398972e-82	81.6230973136584	0.045	0.863386430261218	0.775	0.951	2.37117693815668	0.3749639624125937	True	Both	Microcytic anemia	Blood/Immune
CV_430	209	35582	0.0009365147607624802	3.028485373155616	0.153	0.5073790620594835	0.207	0.808	1.6609322847827845	0.22035192688568123	True	Both	Nontraumatic Intracranial hemorrhage	Cardiovascular
CM_755	56	35789	0.00004419527741319593	4.354624135695415	0.27	1.1043057984512783	0.574	1.634	3.0171292458420416	0.47959391460115475	True	Both	Congenital deformities of skull, face, and jaw	Congenital
DE_667	303	34994	3.6612087484021834e-19	18.43637550856872	0.118	1.055502892976398	0.824	1.287	2.8734198132587085	0.4583990820525683	True	Both	Erythematous conditions	Dermatological
EM_211.1	91	35750	0.002261607497433391	2.645582764790666	0.223	0.682350133325416	0.244	1.12	1.978522063330303	0.29634089762917637	True	Both	Adrenal hyperfunction	Endocrine/Metab
RE_488.8	105	35732	0.22033468867744443	0.6569171237514587	0.227	0.2776830644755467	-0.166	0.722	1.320067754536826	0.1205962226197148	True	Both	Obesity hypoventilation syndrome [OHS]	Respiratory
SO_396.2	1529	33625	3.2331241887004746e-72	71.49037761322592	0.058	1.0512439475735822	0.937	1.166	2.861208098127309	0.4565494455653981	True	Both	Sensorineural hearing loss	Sense organs
GE_982	171	35653	0.0025765792142360766	2.588956501067537	0.169	0.5084693071721538	0.178	0.839	1.6627440955682073	0.22082541432203592	True	Both	Genetic susceptibility of disease, NOS	Genetic
EM_204.3	652	34780	1.096123739358159e-19	18.96014041639265	0.084	0.7599892947430095	0.596	0.924	2.138253329822887	0.33005915701243305	True	Both	Hypoglycemia	Endocrine/Metab
GU_581.1	361	35131	6.031983822362494e-8	7.219539831904218	0.114	0.6202185346813349	0.396	0.845	1.8593343264856166	0.2693574871862244	True	Both	Acute pyelonephritis	Genitourinary
MS_732	214	35164	8.869887296676845e-16	15.052081898403031	0.139	1.1203632536586232	0.847	1.393	3.0659677250286728	0.48656757879111323	True	Both	Nonspecific abnormal findings on radiological and other examination of musculoskeletal system	Muscloskeletal
MS_708.11	254	35459	6.343968555554838e-11	10.197638978304397	0.134	0.8759274293528071	0.613	1.139	2.4011011133140046	0.38041044911562455	True	Both	Generalized osteoarthritis	Muscloskeletal
EM_256.2	985	34194	1.724264266017727e-9	8.763396172108836	0.073	0.44059912733457923	0.297	0.584	1.5536377665791012	0.191349769732796	True	Both	Hyposmolality and/or hyponatremia	Endocrine/Metab
CV_411.2	144	35648	0.03279706563740216	1.48416501099844	0.188	0.40154053790919786	0.033	0.77	1.4941246812929962	0.1743868398744281	True	Both	Pericardial effusion (noninflammatory)*	Cardiovascular
RE_463.21	1803	32549	7.690638912147212e-89	88.11403757899002	0.051	1.0135555213384217	0.914	1.113	2.7553804331751746	0.44018157001985014	True	Both	Seasonal allergic rhinitis	Respiratory
DE_676	1094	33499	2.6805584701786665e-35	34.571774715206445	0.066	0.8140462902504666	0.685	0.943	2.257022101589022	0.35353581186959054	True	Both	Hypertrophic conditions of skin	Dermatological
CA_120	630	34991	0.00024077484762939587	3.618388883304163	0.092	0.33963364336241575	0.158	0.521	1.404432972960876	0.14750101718099415	True	Both	Hemo onc - by cell of origin	Neoplasms
GU_586	1137	33867	6.861638177193015e-27	26.16357218657006	0.066	0.7128747868017214	0.583	0.843	2.039846962789595	0.30959758619594474	True	Both	Other disorders of the kidney and ureters	Genitourinary
GI_556	1186	33489	4.842796203377425e-37	36.31490380673519	0.063	0.8059810140642806	0.682	0.93	2.2388918061804928	0.35003310692690426	True	Both	Other digestive system symptoms and diseases	Gastrointestinal
SO_377	250	35358	0.003397968057409455	2.468780708032016	0.143	0.4200551749330818	0.139	0.701	1.522045532062294	0.18242764456834254	True	Both	Hemorrhage of the eye	Sense organs
GI_554.11	464	35266	9.03899128464875e-7	6.043880032351397	0.103	0.5065839999566408	0.304	0.709	1.659612265286039	0.22000663580164628	True	Both	Acute pancreatitis	Gastrointestinal
CA_125	62	35810	0.0029040385899364936	2.5369976168682515	0.266	0.7914178941260767	0.27	1.312	2.206522825033592	0.34370842429844706	True	Both	Other malignant neoplasms of lymphoid, hematopoietic and related tissue	Neoplasms
CV_416.12	250	35494	0.010865120831671049	1.9639654395011945	0.145	0.3682231893532761	0.085	0.652	1.4451645483231315	0.159917299244944	True	Both	Ventricular tachycardia	Cardiovascular
RE_464.1	172	35295	1.846987425373257e-7	6.733536061305615	0.159	0.8311773167529937	0.519	1.144	2.2960202928165434	0.3609757221489764	True	Both	Acute nasopharyngitis	Respiratory
CV_400.2	318	35232	0.0005172233106041993	3.2863219102443897	0.127	0.43967995710178376	0.191	0.688	1.5522103651044854	0.19095057917276315	True	Both	Rheumatic heart disease	Cardiovascular
DE_679.4	1161	33361	9.526100473100868e-60	59.02108484223623	0.062	1.0173870213496277	0.895	1.14	2.7659579242241583	0.44184556933212915	True	Both	Pruritus	Dermatological
BI_174	346	35247	8.220721316037277e-10	9.08509007420802	0.115	0.7061196002417304	0.481	0.931	2.0261138530841976	0.3066638459487136	True	Both	Diseases of spleen	Blood/Immune
SO_380.2	190	35587	0.0988106296219722	1.0051963333693266	0.169	0.2785455129248485	-0.052	0.609	1.321206736010503	0.12097077922217263	True	Both	Disorders of optic disc	Sense organs
MS_715.1	2779	31654	4.540680445677103e-158	157.34287906087428	0.044	1.1849594231054825	1.098	1.272	3.2705541098443285	0.5146213387339718	True	Both	Spondylosis	Muscloskeletal
EM_236	9771	24297	2.8451416543178004e-251	250.5458961060151	0.029	0.9738531662655234	0.917	1.03	2.648128505767188	0.4229390562931269	True	Both	Overweight and obesity	Endocrine/Metab
SO_371	2083	33291	1.348915821623738e-37	36.870015151399244	0.058	0.7407573637899546	0.627	0.854	2.097523501425117	0.32170683552317697	True	Both	Cataract	Sense organs
SS_814	176	35509	0.09323457383801562	1.0304230099346112	0.175	0.29320425644699355	-0.049	0.636	1.3407166124774603	0.12733699064547527	True	Both	Jaundice	Symptoms
CA_107	359	12788	0.020235060905833387	1.6938954840805416	0.13	0.3028005381983493	0.047	0.558	1.3536444371548897	0.13150460285687793	True	Male	Malignant neoplasm of male genitalia	Neoplasms
MB_305	87	35783	1.4101436309731156e-17	16.8507366497828	0.221	1.889635189214839	1.456	2.324	6.616954304379377	0.8206581354862118	True	Both	Stereotyped movement disorders	Mental
PP_900.1	345	22093	0.0026193858984872374	2.5818005148478895	0.124	0.3717478832286986	0.13	0.614	1.450267298488893	0.16144805434543824	True	Female	Spontaneous abortion	Pregnancy
GI_556.3	522	34900	4.2870413662196106e-8	7.36784232590522	0.098	0.5346676736790466	0.343	0.726	1.706880906537162	0.23220322033085844	True	Both	Abdominal or pelvic swelling, mass, or lump	Gastrointestinal
MS_714.7	80	35752	1.1578442130016278e-7	6.936349870647588	0.226	1.1953282498145068	0.753	1.637	3.3046423407222996	0.519124462957512	True	Both	Fusion of spine*	Muscloskeletal
CV_402	1179	33456	9.564764721481728e-61	60.01932570848236	0.062	1.013201562797323	0.892	1.134	2.754405315322703	0.44002784777862847	True	Both	Elevated blood pressure reading without diagnosis of hypertension	Cardiovascular
PP_901.3	279	22263	1.628818251631477e-6	5.7881273728536335	0.13	0.6232881391073711	0.369	0.878	1.8650505160957562	0.2706905994500777	True	Female	Missed abortion	Pregnancy
SO_391.2	867	34196	5.914321835969575e-40	39.22809504643441	0.072	0.9470396212995527	0.807	1.087	2.578066298717923	0.41129408167414105	True	Both	Eustachian tube disorders	Sense organs
GE_961.81	191	35663	0.2137721906023735	0.6700487923614441	0.171	0.21306880458524685	-0.123	0.549	1.2374697919103208	0.09253460609709495	True	Both	Genetic susceptibility to malignant neoplasm of breast	Genetic
GE_971.14	75	35825	0.0002687411069548047	3.5706658982925537	0.239	0.8715495405176621	0.403	1.34	2.390612335661505	0.37850915615213526	True	Both	Von Willebrand's disease	Genetic
MB_300	127	35717	4.831068617038429e-27	26.31595679406191	0.186	2.004147693634719	1.639	2.369	7.419767286148676	0.8703902842646875	True	Both	Intellectual disabilities	Mental
SO_374.5	310	35459	0.00005522977554101728	4.257826721786203	0.129	0.5197034451551732	0.267	0.772	1.6815289102056972	0.225704338457001	True	Both	Macular degeneration	Sense organs
MS_718.3	1213	33605	5.579590585905548e-99	98.25339766715656	0.06	1.2589193047574128	1.142	1.376	3.521613639068241	0.5467417072176226	True	Both	Mid back pain	Muscloskeletal
MS_705	867	34686	1.8782743282396802e-13	12.726240977277598	0.076	0.5612752747966739	0.412	0.711	1.752906513000238	0.2437587546729268	True	Both	Rheumatoid arthritis and other inflammatory polyarthropathies	Muscloskeletal
EM_239.3	2414	32750	3.041370033600616e-48	47.51693073744405	0.049	0.7108534419689004	0.615	0.806	2.0357278931042133	0.3087197272890269	True	Both	Mixed hyperlipidemia	Endocrine/Metab
RE_471	2156	32006	4.0062455554863695e-91	90.3972624349415	0.047	0.9573054175334699	0.865	1.05	2.604668514857265	0.4157524603308745	True	Both	Other disorders of nose and nasal sinuses	Respiratory
PP_935	98	22533	0.01840082159548083	1.735162785337328	0.222	0.5234517458361116	0.088	0.959	1.6878436134747845	0.22733220475924676	True	Female	Rhesus isoimmunization affecting management of mother	Pregnancy
GU_614.53	82	22547	0.20027024590898101	0.6983835689161477	0.254	0.32475142419094405	-0.172	0.822	1.3836866521992062	0.14103775151634923	True	Female	Cyst or abscess of Bartholin's gland	Genitourinary
SO_391.1	1869	32380	2.7207724815873373e-85	84.56530777359048	0.05	0.9790673723426097	0.881	1.077	2.6619724547506283	0.42520355721991177	True	Both	Otitis media	Sense organs
CV_418.2	143	35517	0.015497645157059361	1.809734287183864	0.187	0.45336034180261026	0.086	0.82	1.573591115022979	0.19689189475864577	True	Both	Abnormal findings on diagnostic imaging of heart and coronary circulation*	Cardiovascular
CM_763.3	229	35560	8.373959141922064e-7	6.077069162441812	0.141	0.6948423238564081	0.418	0.971	2.0033931617280802	0.30176618704367025	True	Both	Congenital malformations of cardiac chambers and connections	Congenital
SO_374.14	52	35825	0.11244905280293165	0.9490441984248148	0.307	0.48656808121475353	-0.114	1.087	1.6267238450338712	0.21131383274182075	True	Both	Round hole of retina without detachment	Sense organs
NS_350.5	251	35390	7.190625912656064e-27	26.143233304529286	0.128	1.3762949274677467	1.125	1.628	3.9602015778477107	0.5977172924706786	True	Both	Repeated falls*	Neurological
MS_721.2	527	34943	2.056263223357758e-26	25.68692129184864	0.091	0.9673287186383563	0.789	1.146	2.630907170960181	0.42010552469118145	True	Both	Ganglion cyst	Muscloskeletal
DE_680.1	435	35019	5.087446856101071e-14	13.293500114419814	0.103	0.7751566458664767	0.573	0.977	2.170932168100279	0.33664625391044395	True	Both	Corns and callosities	Dermatological
RE_463.23	273	35465	5.67394737542816e-12	11.246114696504064	0.126	0.868691351134939	0.621	1.116	2.38378926831977	0.37726786027498416	True	Both	Allergic rhinitis, due to animal hair and dander	Respiratory
NS_321	87	35775	0.0003589575285076142	3.444956933666648	0.224	0.8004586232608286	0.361	1.24	2.2265618474208897	0.3476347630740518	True	Both	Encephalitis, myelitis and encephalomyelitis	Neurological
SO_375.11	216	35646	0.0012755163150654414	2.89431398197965	0.153	0.4944675403598118	0.194	0.795	1.639624972465186	0.21474452425853974	True	Both	Open angle glaucoma	Sense organs
CM_763.23	105	35775	0.051891657923092624	1.2849024535034135	0.219	0.42514910114052595	-0.003	0.854	1.5298185003426101	0.1846399086114579	True	Both	Congenital malformation of aortic and mitral valves	Congenital
SS_840.9	190	35525	2.0363940837996225e-13	12.691138173359759	0.148	1.0846940987542428	0.795	1.374	2.958534660863715	0.4710766616419886	True	Both	Anaphylactic reaction	Symptoms
GU_581.33	61	35802	0.9525092668893234	0.02113079041421168	0.322	-0.01920105120509441	-0.651	0.613	0.9809821147786979	-0.008338910585114299	True	Both	Stricture or kinking of ureter	Genitourinary
PP_910	604	21868	1.1973551073935301e-7	6.921777028950279	0.093	0.4897399958640127	0.308	0.671	1.6318918661562134	0.21269137777106206	True	Female	Obesity or excessive weight gain in pregnancy	Pregnancy
GI_522.61	139	35726	0.0028421931449430318	2.5463464123576154	0.185	0.5527755977379372	0.19	0.916	1.7380705136454437	0.2400673918283577	True	Both	Eosinophilic esophagitis	Gastrointestinal
ID_055.1	75	35769	7.785944430980345e-7	6.108688700207469	0.233	1.1514514437547576	0.695	1.608	3.162780177340019	0.5000690082022238	True	Both	Molluscum contagiosum	Infections
CV_416.4	614	34769	7.257944298345278e-12	11.139186369149256	0.091	0.621367906515659	0.444	0.799	1.8614726216037616	0.26985665303152634	True	Both	Heart block	Cardiovascular
EM_256	4365	29384	8.966034888109468e-76	75.0473995755657	0.037	0.6806311020403533	0.608	0.753	1.9751238436650411	0.29559433182785455	True	Both	Disorders of fluid, electrolyte and acid-base balance	Endocrine/Metab
CM_761.13	127	35689	0.03281329339955495	1.4839501782249647	0.199	0.4254873998762945	0.035	0.816	1.5303361235579345	0.18478682988563705	True	Both	Cystic kidney disease	Congenital
SO_374.61	138	35700	0.0002507081856364609	3.6008314860708617	0.182	0.6673199253834412	0.31	1.025	1.9490068309802469	0.28981336125811824	True	Both	Lattice degeneration of retina	Sense organs
MS_741.2	64	35723	0.0006437792302536945	3.191263038727937	0.259	0.8824088456654237	0.376	1.389	2.4167141920124315	0.38322529245511167	True	Both	Sprains and strains of elbow and forearm	Muscloskeletal
MS_704	151	35637	0.026641470172203505	1.5744418129079647	0.184	0.4069575410628624	0.047	0.767	1.5022403207804953	0.17673941445251715	True	Both	Systemic vasculitis	Muscloskeletal
SO_360.42	112	35785	0.0006904894154534967	3.1608429743559827	0.202	0.6846024135605476	0.289	1.08	1.982983271527949	0.29731905050699375	True	Both	Squamous blepharitis	Sense organs
SO_383	82	35736	7.307395173042562e-8	7.136237406021256	0.222	1.197124501435588	0.761	1.633	3.3105836443245513	0.5199045651246573	True	Both	Irregular eye movements	Sense organs
SS_840.6	2001	32820	1.14916074311944e-79	78.93961921851181	0.049	0.9252935201543834	0.829	1.021	2.5226085881645135	0.401849869943884	True	Both	Drug and medical agent allergy	Symptoms
MS_745.9	278	35421	4.596610009732878e-15	14.33756234154135	0.125	0.9764553891336429	0.732	1.221	2.6550285000904776	0.4240691873254336	True	Both	Pathological fracture	Muscloskeletal
CV_440	1844	33317	2.3236599800651483e-40	39.63382742171418	0.053	0.6986258248808488	0.596	0.802	2.0109873590753913	0.30340934066086017	True	Both	Embolism and thrombosis	Cardiovascular
CA_104.3	91	35746	0.040670354875827236	1.3907220380714114	0.233	0.4759587177480756	0.02	0.932	1.6095565684671491	0.20670624473173657	True	Both	Malignant neoplasm of connective and soft tissue	Neoplasms
CV_431.12	135	35678	0.0027940487820399674	2.5537660156929074	0.188	0.5618934163132298	0.194	0.93	1.7539903922514342	0.2440272101226023	True	Both	Hemorrhagic stroke	Cardiovascular
SO_380.11	105	35754	0.007747244536354025	2.1108527356154263	0.212	0.5657344129944059	0.149	0.982	1.7607404186426332	0.24569533378624578	True	Both	Optic neuritis	Sense organs
DE_679	4619	27830	1.1633089642058826e-242	241.93430492531502	0.035	1.1750166416397625	1.106	1.244	3.2381968322947263	0.5103032436086395	True	Both	Skin symptoms	Dermatological
DE_668.6	89	35672	3.582345495901349e-10	9.445832531349167	0.213	1.3350387743643295	0.918	1.752	3.8001432917031384	0.5797999728333088	True	Both	Prurigo	Dermatological
MS_712	1407	33659	7.668105154990975e-95	94.11531194014462	0.056	1.1549998218038986	1.045	1.265	3.1740228519290516	0.5016100492086724	True	Both	Joint derangements and related disorders	Muscloskeletal
PP_916.4	165	22245	0.11714625875978388	0.9312715766865342	0.181	0.2837958518013912	-0.071	0.639	1.3281617612433343	0.12325097242437726	True	Female	Streptococcus B carrier	Pregnancy
CA_153	166	35533	0.0038083031499392917	2.419268488043444	0.172	0.4977236126410636	0.161	0.835	1.6449724109883894	0.2161586184829655	True	Both	Benign neoplasm of other or unspecified sites	Neoplasms
MS_728	892	33985	3.22052196288864e-49	48.49207373475405	0.07	1.0354071951907136	0.898	1.173	2.816252766759698	0.44967163139425004	True	Both	Chondropathies	Muscloskeletal
SO_394.23	57	35819	0.00006573258646877975	4.182219278612397	0.269	1.0724426156076452	0.546	1.599	2.922509355649275	0.4657559101162905	True	Both	Central origin vertigo	Sense organs
SO_369.62	56	35848	0.000502189705188779	3.299132194501496	0.274	0.953228055535188	0.416	1.49	2.594069960191984	0.4139816845142986	True	Both	Keratoconus	Sense organs
NS_349.1	438	34892	1.5119700915818285e-11	10.82045679956857	0.103	0.6949005666186049	0.493	0.897	2.003509848277626	0.3017914815539032	True	Both	Abnormal findings on diagnostic test of central nervous system	Neurological
RE_472	552	35076	1.2811723128675305e-23	22.89239245534913	0.09	0.8968694478787613	0.721	1.072	2.4519152353465343	0.3895054522013621	True	Both	Diseases of vocal cords and larynx, not elsewhere classified	Respiratory
GI_517	140	35658	0.019878484298200168	1.7016167329177245	0.19	0.441352218835361	0.07	0.813	1.5548082386573734	0.19167683321595375	True	Both	Vascular disorders of intestine	Gastrointestinal
NS_345	565	34971	5.721661320080663e-14	13.242477852782633	0.091	0.6832833656447889	0.505	0.862	1.9803693459022245	0.29674619527581375	True	Both	Encephalopathy	Neurological
MS_703	561	35052	3.360401528418808e-10	9.473608826432201	0.095	0.5992193753309855	0.412	0.786	1.8206969645373228	0.26023766815576055	True	Both	Chrystal arthropathies	Muscloskeletal
MB_302.1	93	35743	9.385370743425532e-21	20.027548567086992	0.219	2.0436350989017535	1.615	2.472	7.718616197195835	0.8875394464768378	True	Both	Speech and language developmental delay	Mental
GU_618	2279	18425	1.121464812765987e-105	104.95021434835057	0.048	1.045961533399736	0.952	1.14	2.8461338611494567	0.45425532223856924	True	Female	Noninflammatory disorders of vagina	Genitourinary
GU_623.1	465	22066	1.6195630683265314e-17	16.79060213521609	0.1	0.8509263823751597	0.655	1.047	2.3418152637678946	0.3695526323714283	True	Female	Uterine/Uterovaginal prolapse	Genitourinary
SS_807.3	113	35697	3.0566378447340897e-9	8.514756014120074	0.19	1.1285045284766284	0.755	1.502	3.0910304938750883	0.49010328952023086	True	Both	Post COVID-19 condition*	Symptoms
CA_112	726	34496	4.239376700887068e-9	8.372697991346888	0.084	0.4953222094383917	0.33	0.661	1.6410269082398596	0.21511570232322033	True	Both	Malignant neoplasm of other and ill-defined sites	Neoplasms
CV_416.21	957	34668	0.001536277748852311	2.8135302596370755	0.081	0.2565932669536581	0.098	0.415	1.2925193095167626	0.11143703993150175	True	Both	Atrial fibrillation	Cardiovascular
SO_371.2	117	35723	0.026812361966416183	1.571664926270849	0.206	0.4571910100630172	0.053	0.862	1.579630580771765	0.19855553284614247	True	Both	Subcapsular cataract	Sense organs
SO_387.1	577	34942	7.175962913729507e-16	15.144119814446162	0.09	0.7280169376970046	0.551	0.905	2.070969671014328	0.3161737387739126	True	Both	Hypermetropia	Sense organs
ID_025	75	35727	0.00009165710992779868	4.037833840765652	0.238	0.9297443940951382	0.464	1.396	2.5338614248943663	0.4037828599360008	True	Both	Enterococcus	Infections
NS_334.21	159	35656	0.01545258409963707	1.8109988841115507	0.178	0.4306422516376154	0.082	0.779	1.5382451468276026	0.18702555356060796	True	Both	Bell's palsy	Neurological
PP_916.1	268	22091	0.000014504037873807252	4.838511074855458	0.134	0.5824777705689022	0.319	0.846	1.7904693112945254	0.2529668815893826	True	Female	Infections of genitourinary tract in pregnancy	Pregnancy
EM_232.21	61	35806	0.002195995781231706	2.658368498552342	0.267	0.8178280888641354	0.294	1.341	2.2655738649750155	0.35517822613917627	True	Both	Thiamine deficiency [Vitamin B1]	Endocrine/Metab
EM_256.71	1397	32961	7.073607466484634e-35	34.15035904402221	0.059	0.7246000358086474	0.609	0.84	2.0639054465886275	0.31468979713859424	True	Both	Dehydration	Endocrine/Metab
GI_550.22	80	35629	0.024993586957845332	1.6021714115722274	0.244	0.5477734019864083	0.069	1.027	1.729398053461463	0.2378949658160689	True	Both	Chronic cholecystitis	Gastrointestinal
RE_499	6810	25382	0.0	inf	0.032	1.2040712090444536	1.142	1.266	3.3336613652014027	0.522921481906583	True	Both	Other symptoms and disorders of the respiratory system	Respiratory
ID_089.2	8317	23439	2.266985512537506e-290	289.64455125527934	0.03	1.0934019168761837	1.035	1.152	2.9844095359520484	0.4748584190017646	True	Both	Viral infections	Infections
GU_585.1	94	35555	5.21600949855819e-7	6.282661626408105	0.21	1.0529191868378753	0.642	1.464	2.866005323404756	0.4572769927337483	True	Both	Renal colic	Genitourinary
NS_328	210	35481	1.1633595025039613e-24	23.934286058420735	0.14	1.43390895133112	1.16	1.708	4.19506549038433	0.6227387451147839	True	Both	Dementias and cerebral degeneration	Neurological
SO_387	3749	31276	1.3711139927218062e-99	98.86292643700331	0.039	0.8165456980274117	0.741	0.892	2.2626703759124402	0.3546212908751439	True	Both	Disorders of refraction and accommodation	Sense organs
CA_139.53	334	35297	5.273259107811786e-16	15.277920888572156	0.114	0.9229752892943066	0.7	1.146	2.516767372346906	0.40084307507357486	True	Both	Lipoma of skin subcutaneous tissue	Neoplasms
EM_215.1	440	12643	6.241931679171312e-43	42.20468098919861	0.1	1.3718239029903003	1.176	1.568	3.9425349430655516	0.5957755512116694	True	Male	Testicular hypofunction	Endocrine/Metab
GI_518	317	35454	0.012733656359450514	1.8950468745293587	0.129	0.32251757865300845	0.069	0.576	1.3805991597198382	0.14006760472579954	True	Both	Appendicitis	Gastrointestinal
SS_840.64	219	35447	4.2389080923109364e-12	11.37274599967026	0.139	0.9639062477547982	0.691	1.237	2.6219183585187125	0.41861916447197756	True	Both	Allergy to analgesic agent	Symptoms
GU_592.1	1320	33283	1.6927029572378876e-52	51.77141924705994	0.06	0.9127216653982217	0.795	1.03	2.4910932376782733	0.39638998279599386	True	Both	Cystitis	Genitourinary
NS_331	8438	24307	0.0	inf	0.03	1.1729203781021322	1.114	1.232	3.2314158282164747	0.5093928479216318	True	Both	Headache	Neurological
MS_719	2905	30794	2.667935918519434e-165	164.57382460600272	0.042	1.139011138841359	1.058	1.22	3.123677953643554	0.49466625242514084	True	Both	Disorders of muscle	Muscloskeletal
CV_413.21	169	35681	1.483130365071462e-6	5.82882067342015	0.164	0.7911253051500018	0.469	1.113	2.205877315218663	0.343581354520672	True	Both	Aortic stenosis	Cardiovascular
EM_237	1014	34005	5.0795995347522356e-85	84.294170525256	0.065	1.2706485166546948	1.143	1.398	3.5631625835097553	0.5518356392216861	True	Both	Abnormal weight gain	Endocrine/Metab
MS_716.3	1190	33858	4.924422796001138e-55	54.30764466693333	0.062	0.9684806138643597	0.847	1.09	2.633939446467023	0.4206057864315654	True	Both	Spinal disc displacement (herniation)	Muscloskeletal
MS_719.11	1324	33261	9.979203292699577e-95	94.00090412999478	0.058	1.191828853401945	1.079	1.305	3.2930982975424987	0.5176046944055444	True	Both	Spasm of muscle	Muscloskeletal
EM_256.6	272	35380	0.07409568404972924	1.1302070882146777	0.142	0.25410099592077334	-0.025	0.533	1.2893020119363223	0.11035466037451254	True	Both	Fluid overload	Endocrine/Metab
BI_170.1	328	35380	0.18608521785647947	0.7302881247646734	0.132	0.17498384716745172	-0.084	0.434	1.191226974767103	0.07599451924702623	True	Both	Neutropenia	Blood/Immune
MB_300.1	54	35823	5.20839553184048e-13	12.283296042340577	0.289	2.0867951495017825	1.52	2.653	8.059045695944222	0.9062836182910956	True	Both	Mild intellectual disabilities	Mental
MS_721.12	276	35434	8.559836963821658e-20	19.06753450709702	0.123	1.118189806774035	0.878	1.359	3.05931124340345	0.4856236628024268	True	Both	Radial styloid tenosynovitis [de Quervain]	Muscloskeletal
BI_170.12	105	35741	0.6231837138854129	0.20538390492168826	0.236	0.11616650886968673	-0.347	0.58	1.1231828764750953	0.050450473784070124	True	Both	Drug induced neutropenia	Blood/Immune
MB_282.2	2522	31997	4.2577256651983145e-64	63.37082232456251	0.046	0.7722247128197061	0.683	0.862	2.1645764621394257	0.33537293156692166	True	Both	Personal history of nicotine dependence	Mental
MS_712.3	91	35680	0.000052670339936072735	4.27843387868288	0.217	0.8782303691623745	0.453	1.304	2.406637076703209	0.381410603167075	True	Both	Articular cartilage disorder	Muscloskeletal
NS_343.3	134	35717	1.0927170972263736e-6	5.961492261670301	0.179	0.8733499472467073	0.522	1.225	2.394920287065845	0.3792910628597411	True	Both	Complex regional pain syndrome	Neurological
MB_297	105	35765	0.8099476608128758	0.09154304452205522	0.24	0.05778644631413597	-0.413	0.529	1.059488713829513	0.02509633476302776	True	Both	Gender identity disorder	Mental
GE_972.5	112	35762	1.7745770475527105e-13	12.750905139962162	0.19	1.3962611481360965	1.025	1.768	4.0400664834457025	0.6063885119314056	True	Both	Familial dysautonomia [Riley-Day]*	Genetic
GE_978.22	223	35632	6.934426135723092e-21	20.15898947350937	0.135	1.2682732957989218	1.003	1.533	3.554709328576809	0.5508040939107224	True	Both	Ehler's Danlos syndrome	Genetic
SO_397.11	55	35816	0.020140453673652598	1.6959307509748132	0.288	0.6688266596236354	0.105	1.233	1.951945679782923	0.29046772762432926	True	Both	Pulsatile tinnitus*	Sense organs
DE_672	1616	33325	4.2370024246428956e-38	37.37294128747205	0.059	0.7594361322921683	0.644	0.875	2.1370708554508058	0.32981892161243664	True	Both	Skin changes due to solar radiation	Dermatological
GI_529.7	410	35212	1.801289724888452e-29	28.744416428323902	0.101	1.1429217531360798	0.944	1.342	3.1359173695205067	0.4963646106341901	True	Both	Fecal incontinence and encopresis	Gastrointestinal
GU_581.3	827	34552	2.41382915770015e-12	11.617293470980053	0.078	0.5479161884536227	0.395	0.701	1.7296450057302255	0.23795697719087053	True	Both	Obstructive and reflux uropathy	Genitourinary
CV_443	214	35488	0.000013643712181816456	4.865067450739819	0.148	0.6454503950246264	0.355	0.936	1.9068456696960818	0.28031554490146937	True	Both	Other disorders of arteries and arterioles	Cardiovascular
GI_514.1	193	35523	3.836586317471745e-9	8.416055026375027	0.15	0.8837407452611944	0.59	1.178	2.419935157192823	0.3838037291000041	True	Both	Esophageal obstruction (Stricture and stenosis of esophagus)	Gastrointestinal
NS_347	455	34984	1.9265910607615254e-14	13.715210459139104	0.1	0.7641073918089325	0.568	0.96	2.1470770205241503	0.3318476238441054	True	Both	Other disorders of the brain and CNS	Neurological
RE_469.2	204	35508	8.38483058670546e-12	11.07650570777492	0.144	0.9863536137910716	0.703	1.269	2.6814390618625703	0.4283679316747936	True	Both	Chronic bronchitis	Respiratory
SO_363.5	63	35775	0.28121050205081655	0.55096846424414	0.29	0.31259165026184565	-0.256	0.881	1.3669632179697433	0.13575682879775072	True	Both	Epiphora	Sense organs
MB_286	11840	22142	0.0	inf	0.031	2.1928652816033876	2.131	2.254	8.960851729844059	0.9523492913575716	True	Both	Mood [affective] disorders	Mental
CV_438.1	391	35318	1.9970085362776614e-6	5.699620078719502	0.115	0.5454789751558735	0.321	0.77	1.7254346248042065	0.23689850890443687	True	Both	Aortic aneurysm and ectasia	Cardiovascular
ID_084.4	150	35595	8.49728068228198e-12	11.070720035889229	0.166	1.1319270246401487	0.807	1.457	3.101627657914197	0.4915896607183827	True	Both	Trichomoniasis	Infections
