phecode	cases	controls	p_value	neg_log_p_value	standard_error	beta	conf_int_1	conf_int_2	odds_ratio	log10_odds_ratio	converged	phecode_sex_restriction	phecode_string	phecode_category
GU_620	75	3279	0.8019755074149353	0.09583889500382663	0.251	0.06286222366450273	-0.428	0.554	1.0648801138440651	0.02730071685766155	True	Female	Noninflammatory disorders of vulva and perineum	Genitourinary
GI_515	140	5730	0.00001222426486463738	4.912777248754947	0.173	0.7562318354160623	0.417	1.095	2.130234005482954	0.32842731316076396	True	Both	Heartburn	Gastrointestinal
MS_713.2	341	5339	7.474538836641053e-9	8.12641559723502	0.115	0.6664839007348293	0.44	0.892	1.9473780941561654	0.289450280366491	True	Both	Effusion of joint	Muscloskeletal
RE_478	104	5842	0.14502685499330786	0.8385515708994595	0.208	0.3033659451725715	-0.105	0.711	1.3544100135710013	0.13175015598581225	True	Both	Aspiration pneumonia	Respiratory
MS_718.5	722	5083	6.875844501768531e-15	14.162673953507309	0.084	0.6522920507587949	0.488	0.816	1.9199363813146983	0.2832868382339005	True	Both	Sciatica	Muscloskeletal
NS_337	659	5145	0.0058373699687771915	2.2337827805108867	0.092	0.25357518378629385	0.073	0.434	1.2886242594942818	0.11012630306599035	True	Both	Polyneuropathies	Neurological
PP_910	155	3260	0.008078929036524891	2.0926462065960223	0.171	0.45309229925519184	0.118	0.788	1.5731693821756116	0.19677548535938666	True	Female	Obesity or excessive weight gain in pregnancy	Pregnancy
GI_516.4	133	5892	0.19698937222222646	0.7055572038371252	0.183	0.23659910158694664	-0.123	0.596	1.2669331044801948	0.10275368424247783	True	Both	Gastroparesis	Gastrointestinal
NS_331.1	194	5684	1.1066236126059649e-8	7.956000067254826	0.147	0.8423533849261795	0.553	1.131	2.3218246994499485	0.36582942688596565	True	Both	Tension headache	Neurological
SS_840.61	399	5440	0.0005903343032992718	3.2289019799488274	0.108	0.3721092791783665	0.16	0.584	1.4507915139354666	0.16160500661216118	True	Both	Allergy to other anti-infective agents	Symptoms
MS_719.1	534	5044	9.037159402826976e-14	13.043968057305733	0.095	0.7069284401130311	0.521	0.893	2.027753317695158	0.3070151206415628	True	Both	Cramp and spasm	Muscloskeletal
NS_333.5	94	5893	6.168803370788769e-6	5.209799072573718	0.209	0.9454504712139999	0.536	1.355	2.573972618036772	0.4106039225610695	True	Both	Parasomnias	Neurological
SS_809.1	412	5090	5.753046094192846e-14	13.24010214633372	0.104	0.7838148339313739	0.579	0.988	2.189810113558128	0.3404064572103094	True	Both	Acute pain	Symptoms
MB_308	318	5535	8.112837182142994e-10	9.090827239861714	0.117	0.7206154026922301	0.491	0.951	2.0556979034804996	0.3129592929637253	True	Both	Symptoms related to mental disorders	Mental
MS_719.9	78	5936	0.000035951663971988524	4.444281004109224	0.23	0.9496458605819851	0.499	1.4	2.5847941197258377	0.4124259570130209	True	Both	Contractures	Muscloskeletal
GU_625.1	78	3285	0.0020136650857082	2.696012759961132	0.23	0.71104126527007	0.26	1.162	2.0361102861474167	0.30880129791229766	True	Female	Dyspareunia	Genitourinary
MS_706.1	100	5901	0.00448754665214353	2.3479910235026074	0.206	0.5864370555270101	0.182	0.991	1.7975723416884997	0.25468637719897136	True	Both	Sacroiliitis	Muscloskeletal
DE_660.21	51	5923	0.0001172648344777904	3.9308322051218267	0.285	1.0973634948253366	0.539	1.656	2.996255956727339	0.4765789104447113	True	Both	Impetigo	Dermatological
NS_325.1	59	5936	0.0006923458330242708	3.159676917311484	0.266	0.9015044073089239	0.381	1.422	2.4633061407884433	0.3915183895057272	True	Both	Abnormality of gait	Neurological
MB_280.9	1628	4080	3.467511623750419e-36	35.45998207441554	0.062	0.7849875429301993	0.662	0.907	2.1923796299370304	0.34091575825737763	True	Both	Psychoactive substance dependance	Mental
MB_282.1	4639	222	0.64184286002887	0.19257128560054307	0.149	-0.06940737755523951	-0.362	0.223	0.9329465411723181	-0.03014324107561615	True	Both	Current tobacco use and nicotine dependence	Mental
SO_367	485	5172	7.28910548958119e-17	16.137325764518085	0.097	0.8132738128201752	0.622	1.004	2.2552792761891842	0.35320032918422023	True	Both	Inflammation of the eye	Sense organs
CV_413.6	65	5996	0.054621982247287676	1.2626325432398988	0.259	0.49850558275085566	-0.01	1.007	1.6462592333079382	0.21649822378666145	True	Both	Heart valve replaced	Cardiovascular
GI_554.11	223	5769	0.7438573158972611	0.1285103613106178	0.148	0.04822096502202694	-0.241	0.337	1.0494025109564833	0.020942099021115993	True	Both	Acute pancreatitis	Gastrointestinal
BI_168.21	87	5950	0.5391323446736435	0.26830461235258607	0.23	0.14130332268774218	-0.31	0.592	1.151773954177272	0.06136725331788103	True	Both	Primary thrombophilia	Blood/Immune
DE_679.3	83	5887	7.795556501880936e-6	5.1081528763610615	0.224	1.0011669226872426	0.562	1.44	2.7214557046689136	0.43480126998712904	True	Both	Flushing	Dermatological
EM_211.2	67	5980	0.4175642997388357	0.37927663905079884	0.26	0.21064960296876395	-0.299	0.72	1.234479721239574	0.091483960184445	True	Both	Adrenocortical insufficiency	Endocrine/Metab
PP_927	202	3118	0.00004785144546817544	4.32010493877803	0.151	0.6132662886587106	0.318	0.909	1.8464526071357168	0.2663381651017648	True	Female	Drugs and alcohol during pregnancy	Pregnancy
PP_908	143	3250	0.05720774260382162	1.2425451889944454	0.178	0.3377332283727602	-0.01	0.686	1.4017665019903094	0.14667567743766052	True	Female	Edema, proteinuria and hypertensive disorders in pregnancy, childbirth and the puerperium	Pregnancy
GU_596	225	5696	0.00009915884496936871	4.003668540661287	0.141	0.5493688883219345	0.273	0.826	1.7321594867532015	0.23858787672753998	True	Both	Other disorders of bladder	Genitourinary
CV_406	160	5818	0.3403979803960121	0.46801302527801825	0.185	-0.17608383084362486	-0.538	0.186	0.8385476842307097	-0.07647223608777191	True	Both	Pulmonary heart disease	Cardiovascular
GU_623	125	3288	0.00009628897258047872	4.016423447264603	0.186	0.723631148156769	0.36	1.087	2.061906722512679	0.31426901457779927	True	Female	Pelvic organ prolapse and fistulas	Genitourinary
NS_335	58	5960	3.2711496801842423e-7	6.485299583117207	0.274	1.3972897833468	0.861	1.934	4.044224376194982	0.6068352425273056	True	Both	Nerve root and plexus disorders	Neurological
GU_618	551	2474	7.698441562208842e-14	13.113597182546318	0.097	0.727965808709135	0.537	0.919	2.070863787138031	0.3161515337366155	True	Female	Noninflammatory disorders of vagina	Genitourinary
BI_169.1	271	5636	0.35678998533423534	0.4475873442486027	0.134	0.12384515815479252	-0.14	0.387	1.1318406011428097	0.05378526879706192	True	Both	Thrombocytopenia	Blood/Immune
SO_367.1	336	5347	1.8897119866793476e-11	10.723604382137541	0.114	0.7683842150156384	0.544	0.993	2.156279353701339	0.33370502456285356	True	Both	Conjunctivitis	Sense organs
GI_537.1	50	5966	0.9537838533097123	0.020550034049194636	0.311	0.018038469143231026	-0.592	0.628	1.0182021450005516	0.007834007610887301	True	Both	Peritonitis	Gastrointestinal
PP_901	97	3319	0.1320550557182414	0.8792449672059915	0.213	0.3202991998460862	-0.097	0.737	1.3775398623978514	0.13910417505118208	True	Female	Abnormal products of conception	Pregnancy
MB_288.2	477	5302	2.1301578678442603e-25	24.671588209428396	0.097	1.0105434389609511	0.82	1.201	2.7470934870767056	0.4388734392642766	True	Both	Panic disorder [episodic paroxysmal anxiety]	Mental
EM_200.12	620	5293	3.376266541495462e-7	6.471563275040671	0.092	0.46762768271775346	0.288	0.647	1.5962029980782064	0.20308812218952496	True	Both	Hypothyroidism (not specified as secondary)	Endocrine/Metab
MS_741.4	54	5951	0.00015111221718893775	3.8207004222046606	0.276	1.0463478981074685	0.505	1.588	2.847233719286389	0.4544231182991395	True	Both	Sprains and strains of hip and thigh	Muscloskeletal
DE_686	254	5675	0.8984130287792077	0.04652395856551322	0.144	-0.018341786360320172	-0.3	0.263	0.98182540047427	-0.007965736604535376	True	Both	Chronic ulcer of skin	Dermatological
GI_502	1022	4612	1.0723908682314245e-22	21.969646892836852	0.072	0.7014408001870893	0.561	0.842	2.0166562139321944	0.3046318689030543	True	Both	Diseases of teeth and supporting structures	Gastrointestinal
GU_625	424	2718	1.3522852050489517e-13	12.868931703426682	0.106	0.7874262114320743	0.579	0.996	2.197732641542196	0.3419748585309331	True	Female	Pain and other symptoms associated with female genital organs	Genitourinary
GU_592	379	5342	1.678233566323761e-8	7.7751475968407044	0.11	0.6196379698377507	0.404	0.835	1.858255175632024	0.2691053510782687	True	Both	Cystitis and urethritis	Genitourinary
MS_713	2998	2412	1.2358621319587184e-60	59.90802997477242	0.066	1.0878550758302774	0.958	1.218	2.9679013171992104	0.4724494565435331	True	Both	Symptoms related to joints	Muscloskeletal
NS_331.61	220	5729	4.1133638553413e-11	10.385802872455878	0.139	0.9186297969670472	0.646	1.191	2.5058545070995493	0.39895585173469317	True	Both	Migraine with aura	Neurological
SO_396.1	50	5975	0.0034490541466099655	2.4622999876014884	0.285	0.8340107359628417	0.275	1.393	2.3025351060603545	0.36220626047673204	True	Both	Conductive hearing loss	Sense organs
ID_054.32	62	5990	5.143555619492468e-6	5.288736559589837	0.26	1.18391162750696	0.675	1.693	3.2671290323472264	0.5141662868873709	True	Both	Acute hepatitis C	Infections
MS_723	872	4783	3.4628447629665255e-31	30.46056697714767	0.081	0.9354185415446042	0.778	1.093	2.5482797955318133	0.40624711086280935	True	Both	Enthesopathy/Enthesitis/Tendinopathy	Muscloskeletal
GU_621	153	3195	0.0001679060705958952	3.7749336017854835	0.167	0.6289770992280619	0.301	0.957	1.875690951914943	0.27316128343826135	True	Female	Dysplasia of female genital organs	Genitourinary
MS_707	402	5394	1.0836626232051886e-6	5.965105905699959	0.113	0.5502313087425713	0.329	0.771	1.733653980814846	0.2389624211573032	True	Both	Other arthropathies	Muscloskeletal
SS_823	134	5763	0.0019579137331149753	2.708206447393706	0.178	0.5509849959354032	0.202	0.9	1.73496110613692	0.23928974334623124	True	Both	Abnormal serum enzyme levels	Symptoms
MB_280.11	1149	4551	1.8525500723654705e-18	17.73223004469377	0.07	0.6169870373949267	0.479	0.755	1.8533355903250517	0.2679540657464519	True	Both	Alcohol abuse and dependence	Mental
ID_002.1	247	5638	0.0031728641583936325	2.498548521193927	0.135	0.3980661451940328	0.134	0.662	1.4889425130415777	0.17287793029026713	True	Both	Staphylococcus aureus	Infections
MB_296.3	52	5995	0.00019018644962963773	3.7208204288324245	0.283	1.0560477158255426	0.501	1.611	2.874985744567	0.4586356956095665	True	Both	Antisocial personality disorder	Mental
MS_745.11	67	5977	0.22210930569293075	0.6534332454748146	0.258	0.3147897683520727	-0.191	0.82	1.3699712693627568	0.13671145935490808	True	Both	Fracture of femur	Muscloskeletal
EM_200.23	125	5905	0.00967882142623036	2.0141775227790903	0.191	0.49325201963883875	0.12	0.867	1.6376331851111672	0.2142166303167821	True	Both	Multinodular goiter	Endocrine/Metab
MS_712	295	5581	8.992042051400011e-20	19.04614167078655	0.121	1.104083711581387	0.866	1.342	3.0164592554525633	0.47949746349905786	True	Both	Joint derangements and related disorders	Muscloskeletal
GI_522.8	54	5936	0.12893726291041194	0.889621553261887	0.282	0.4281204954648006	-0.125	0.981	1.534370954570488	0.185930368770049	True	Both	Duodenitis	Gastrointestinal
DE_660.6	1581	3883	4.7088987423123976e-11	10.327080648297517	0.064	0.4184458722817145	0.294	0.543	1.5195980700338245	0.18172873330714145	True	Both	Cellulitis and abscess	Dermatological
CA_132	118	5916	0.3302245247092913	0.48119067622646555	0.215	-0.20901947982216051	-0.63	0.212	0.8113794299624656	-0.09077600669705242	True	Both	Sequelae of cancer	Neoplasms
MB_284	850	4898	1.1901426030158242e-27	26.924400998277726	0.077	0.838745749042901	0.688	0.99	2.3134634925130664	0.36426265052914164	True	Both	Suicide ideation and attempt or self harm	Mental
RE_488.1	1584	3704	2.257868837145021e-19	18.646301290470685	0.066	0.5948256467390048	0.465	0.724	1.812714864658234	0.2583294960732828	True	Both	Dyspnea [Shortness of breath]	Respiratory
PP_911	116	3229	0.33372576262357134	0.4766102658253286	0.201	0.1942932452214348	-0.2	0.588	1.21445236309642	0.0843804842707445	True	Female	Excessive vomiting in pregnancy	Pregnancy
DE_682	801	4811	1.2913560724810325e-28	27.888953990892517	0.079	0.8726112303059234	0.718	1.027	2.3931517721743405	0.37897024216867015	True	Both	Other follicular disorders	Dermatological
MS_709	330	5616	3.305941471539681e-15	14.480704839455544	0.119	0.9372282811082244	0.704	1.17	2.5528956938240257	0.40703307076897155	True	Both	Acquired deformities of fingers and toes	Muscloskeletal
DE_660.122	304	5630	2.5117166573011276e-6	5.600029354230669	0.126	0.5919811088041326	0.345	0.838	1.807565855208849	0.2570941289446034	True	Both	Dermatophytosis of nail	Dermatological
MS_717	349	5508	9.535213123539135e-18	17.020669595502863	0.114	0.9749361507594901	0.752	1.198	2.6509979413736464	0.42340939048284343	True	Both	Other and unspecified dorsopathies	Muscloskeletal
NS_324.34	198	5690	8.319838832710398e-7	6.0798850865389005	0.149	0.7322854380434112	0.441	1.024	2.0798284992774847	0.31802752492035913	True	Both	Tremor	Neurological
SS_835	297	5463	1.103488281875458e-7	6.9572322743227595	0.124	0.6570163924244458	0.414	0.9	1.9290282764553917	0.28533859374991827	True	Both	Cytology and pathology findings	Symptoms
GI_523.2	329	5415	0.015293208633751979	1.8155013866779348	0.13	0.3158857931082262	0.061	0.571	1.3714736149427778	0.13718745685853487	True	Both	Diverticula of colon	Gastrointestinal
CV_417	1300	4022	8.010020230594925e-23	22.096366387033783	0.067	0.6609814300843145	0.529	0.793	1.9366921299116573	0.28706058772613785	True	Both	Abnormalities of heart beat	Cardiovascular
SO_377	56	5925	0.0013294498561554856	2.8763280386300165	0.271	0.8698471460982506	0.339	1.401	2.3865460327700356	0.3777698156497619	True	Both	Hemorrhage of the eye	Sense organs
RE_481.4	62	5948	0.0897312896813945	1.0470560902175032	0.336	-0.5701378085831524	-1.229	0.088	0.5654475098098515	-0.2476077041920756	True	Both	Pulmonary fibrosis	Respiratory
MS_714.31	80	5938	0.0037439346245258334	2.4266717433889453	0.227	0.657088273396075	0.213	1.101	1.929166941865846	0.2853698112592507	True	Both	Idiopathic scoliosis	Muscloskeletal
CV_411.2	51	5994	0.9518550613678293	0.02142917644778335	0.31	-0.018696593134055597	-0.626	0.588	0.9814771039641906	-0.008119827228510568	True	Both	Pericardial effusion (noninflammatory)*	Cardiovascular
CV_446	411	5285	0.0011544690485688648	2.937617706069402	0.109	0.3545613110694724	0.141	0.568	1.4255551418282404	0.15398402089385424	True	Both	Hypotension	Cardiovascular
EM_252.3	53	5966	0.18543865755802613	0.7317997253475403	0.33	-0.4376038468453532	-1.085	0.21	0.645581481346486	-0.1900489359445726	True	Both	Disorders of bilirubin excretion	Endocrine/Metab
DE_682.1	259	5604	6.682198217701374e-6	5.175080645792003	0.132	0.5933023576683016	0.335	0.852	1.8099556779695993	0.25766794003553284	True	Both	Cutaneous cyst	Dermatological
NS_324.341	62	5993	0.003237018423546853	2.489854828795769	0.262	0.7713426215597572	0.258	1.285	2.162667950025358	0.3349898442001908	True	Both	Essential tremor*	Neurological
DE_685.82	146	5729	1.2051854715755274e-10	9.918946112355973	0.17	1.094058118438249	0.761	1.427	2.986368552836056	0.47514340371918584	True	Both	Generalized hyperhidrosis	Dermatological
GI_502.32	233	5516	0.00032282095599940093	3.491038280704933	0.137	0.49205833696218243	0.224	0.76	1.6356795369973132	0.21369822051716672	True	Both	Periapical abscess	Gastrointestinal
GI_516	335	5463	0.002336679120259401	2.6314009221258177	0.118	0.35998273040473366	0.128	0.592	1.4333046617552034	0.15633851339524177	True	Both	Other diseases of stomach and duodenum	Gastrointestinal
MS_719.11	366	5316	1.4964468459213314e-11	10.824938704773029	0.111	0.7460733236522411	0.529	0.963	2.108703542164358	0.3240155275573872	True	Both	Spasm of muscle	Muscloskeletal
BI_162.8	75	5957	0.5366219006795836	0.27033160682210927	0.263	-0.1628180963989033	-0.679	0.354	0.8497457461681027	-0.07071100082003541	True	Both	Pancytopenia	Blood/Immune
CA_130	640	5288	0.09095301386297153	1.041182905370467	0.095	0.16138246891411143	-0.026	0.349	1.175134335227181	0.07008751572532165	True	Both	Cancer (solid tumor, excluding BCC)	Neoplasms
MS_703	141	5862	0.06032093952112894	1.2195319027870835	0.184	0.34644392353489495	-0.015	0.708	1.4140301977920184	0.15045868428011697	True	Both	Chrystal arthropathies	Muscloskeletal
GI_546	319	5447	0.13176028198798775	0.8802154843779499	0.123	0.18531996696700076	-0.056	0.426	1.2036034918812581	0.08048343904026133	True	Both	Other disorders of liver	Gastrointestinal
CV_400.2	102	5870	0.3123761903226774	0.5053220759648596	0.214	0.21570301948093318	-0.203	0.634	1.2407338504975427	0.09367863109043889	True	Both	Rheumatic heart disease	Cardiovascular
GU_626.11	280	2979	1.668283862507824e-8	7.777730051161119	0.127	0.7172161169313929	0.468	0.966	2.0487218623646597	0.31148300191538136	True	Female	Oligomenorrhea	Genitourinary
MB_280.2	1067	4719	7.936332582860919e-19	18.100380140768852	0.07	0.6240805936541006	0.486	0.762	1.8665290696229735	0.27103475808688143	True	Both	Opioid use disorders	Mental
DE_685.8	164	5708	3.168120228634137e-12	11.499198345503757	0.161	1.1207895634900897	0.806	1.436	3.0672750558570048	0.48675272279850035	True	Both	Hyperhidrosis	Dermatological
MS_702.1	78	5958	0.13326089408773242	0.8752972772447853	0.237	0.3563439830650976	-0.109	0.822	1.4280987055541052	0.1547582255045977	True	Both	Pyogenic arthritis [Septic arthritis]	Muscloskeletal
CA_139.53	73	5949	0.04692772966044657	1.328570456224128	0.242	0.4816641128709034	0.007	0.957	1.6187659713221951	0.2091840663506584	True	Both	Lipoma of skin subcutaneous tissue	Neoplasms
CV_446.2	124	5841	2.3429432714671815e-9	8.630238226634376	0.184	1.0996791614373758	0.739	1.461	3.0032023262413854	0.4775845916762475	True	Both	Orthostatic hypotension	Cardiovascular
SO_362	152	5819	0.0812471657925502	1.090191779913699	0.18	0.31333206993839513	-0.039	0.666	1.3679757192251174	0.1360783889775688	True	Both	Other disorders of the eyelids	Sense organs
GU_582	841	4994	0.7338356192210557	0.1344012121007549	0.085	0.028899109191136457	-0.138	0.195	1.0293207402341875	0.012550723653630125	True	Both	Renal failure	Genitourinary
GU_591	1161	4362	1.1219843536233028e-10	9.950013199392194	0.074	0.4800358554565474	0.334	0.626	1.6161323483172347	0.20847692314048555	True	Both	Urinary tract infection [UTI]	Genitourinary
GI_530	266	5609	0.000016388558317782417	4.785459249124451	0.128	0.5531403575651661	0.302	0.805	1.7387046075846802	0.24022580500854326	True	Both	Disease of anus and rectum	Gastrointestinal
NS_333.64	279	5692	0.00007479385983197183	4.126134053880832	0.129	0.5106004583053363	0.258	0.763	1.6662914331453091	0.221750961499279	True	Both	Restless legs syndrome	Neurological
CV_433.2	120	5872	0.8474688366594694	0.0718762628188816	0.215	0.04136377195182855	-0.38	0.463	1.0422311710619518	0.01796405790938367	True	Both	Occlusion and stenosis of precerebral arteries	Cardiovascular
SS_829	675	4815	1.3503812392423225e-13	12.86954360430116	0.086	0.6343921689321873	0.466	0.802	1.8858754992931777	0.2755130183298845	True	Both	Abnormal findings on examination of blood	Symptoms
SO_394.2	112	5869	0.0014253515444509846	2.8460780093494	0.198	0.6319458736864965	0.244	1.02	1.8812677293060778	0.2744506058035748	True	Both	Vertigo	Sense organs
GI_528.2	1425	3903	2.325084016549972e-11	10.633561349326806	0.067	0.44660298475505894	0.316	0.578	1.5629936437853937	0.1939572118806442	True	Both	Vomiting	Gastrointestinal
GU_599	255	5509	9.450846697539089e-11	10.024529281480493	0.13	0.8401631850236674	0.586	1.094	2.3167450040243733	0.3648782351540395	True	Both	Other symptoms/disorders or the urinary system	Genitourinary
MS_721.2	121	5877	0.00004335718839700941	4.3629388884451	0.186	0.761948908670136	0.397	1.127	2.142447589049937	0.33091020652764486	True	Both	Ganglion cyst	Muscloskeletal
GU_627	292	3014	3.0509426542008226e-8	7.515565955319966	0.137	0.7589307833229393	0.49	1.028	2.135991161730866	0.329599451343665	True	Female	Menopausal and postmenopausal disorders	Genitourinary
RE_481	101	5889	0.7822654666552767	0.10664584139156653	0.229	-0.0632739811668508	-0.512	0.385	0.9386862560986018	-0.027479540868813563	True	Both	Interstitial pulmonary diseases	Respiratory
NS_324.3	382	5337	2.1679050552516264e-15	14.663959741913736	0.109	0.8649628140221546	0.651	1.079	2.3749177706954714	0.3756485771813304	True	Both	Abnormal involuntary movements	Neurological
GI_522.91	58	5895	0.01651636595739504	1.7820855029154936	0.267	0.6390097896887615	0.117	1.161	1.8946038938417449	0.2775184255439866	True	Both	Acute gastritis	Gastrointestinal
MB_283.4	488	5197	0.00009348967172441569	4.02923636517939	0.099	0.3857746018418553	0.192	0.579	1.4707531284053945	0.16753978083834184	True	Both	Patient's noncompliance with medical treatment and regimen	Mental
RE_469.2	105	5863	0.024195430636939585	1.616266643793745	0.206	0.46423993542381753	0.061	0.868	1.5908046150326984	0.20161684223368592	True	Both	Chronic bronchitis	Respiratory
CV_416.12	79	5938	0.8900587649514937	0.05058131869032355	0.254	-0.035143973791981566	-0.533	0.463	0.9654664043915028	-0.015262833890010109	True	Both	Ventricular tachycardia	Cardiovascular
RE_484	76	5923	0.9614472546131787	0.017074536343624422	0.253	0.012205851652866927	-0.483	0.507	1.0122806470642656	0.005300934019769767	True	Both	Pneumothorax and air leak	Respiratory
GI_556.8	149	5730	2.6054067086442938e-6	5.584124472927601	0.169	0.793527165155998	0.463	1.124	2.211181891595	0.34462446906758026	True	Both	Nonspecific abnormal findings in stool contents	Gastrointestinal
EM_200.9	82	5878	0.012180183777359108	1.9143461589206447	0.226	0.567031610803135	0.124	1.01	1.7630259293146653	0.24625869963651384	True	Both	Abnormal thyroid function studies	Endocrine/Metab
ID_097.1	260	5659	0.002269419631776532	2.6440851925615787	0.131	0.3999547882841564	0.143	0.657	1.491757251211648	0.17369815756259246	True	Both	Methicillin resistant Staphylococcus aureus	Infections
CV_431.2	93	5906	0.27130048180530064	0.5665494349697064	0.227	0.24957684502626729	-0.195	0.694	1.2834821898889377	0.10838984660573096	True	Both	Transient cerebral ischemic attack [TIA]	Cardiovascular
NS_336	784	4937	1.0045875617857241e-26	25.998012203322862	0.082	0.8807088302838079	0.719	1.042	2.412609230950144	0.3824869851557253	True	Both	Mononeuropathies	Neurological
ID_059	385	5261	0.000015718166705900224	4.803598109437919	0.109	0.47033579392241776	0.257	0.684	1.6005315517591634	0.20426423994209106	True	Both	Coronavirus	Infections
ID_088	389	5413	1.5054807809827855e-11	10.822324784333487	0.107	0.719616492766575	0.511	0.929	2.053645471708462	0.31252547189509483	True	Both	Sexually transmitted disease	Infections
DE_662	100	5907	0.007619625294856462	2.1180663851403736	0.207	0.5530834080092921	0.147	0.959	1.7386055919489571	0.24020107213068032	True	Both	Rosacea	Dermatological
MS_713.38	681	4938	5.571313452786674e-25	24.25404240661217	0.084	0.8709723510962635	0.706	1.036	2.3892328976475072	0.3782584859714089	True	Both	Pain in ankle and joints of foot	Muscloskeletal
GU_594.3	492	5346	1.2403984712299013e-15	14.906438777694971	0.1	0.8023078344114235	0.606	0.999	2.23068303971961	0.34843786527262915	True	Both	Urinary incontinence and enuresis	Genitourinary
ID_006.2	57	5956	0.004304165317611383	2.3661110563129593	0.268	0.7645831886851135	0.24	1.289	2.1480988361324966	0.33205425980193765	True	Both	Neisseria gonorrhea	Infections
GU_626.111	254	3017	1.8140945873990144e-8	7.741340072449848	0.133	0.7462965689663369	0.486	1.006	2.109174352900153	0.3241124817654097	True	Female	Amenorrhea	Genitourinary
MB_280.41	210	5753	1.1042717082293381e-13	12.95692405444535	0.143	1.058548648846691	0.779	1.338	2.882184889888695	0.4597218370202609	True	Both	Sedative, hypnotic or anxiolytic-related abuse or dependance	Mental
CA_136	686	5136	7.307719298279525e-6	5.136218142976528	0.098	0.4416469336002641	0.249	0.635	1.555266531131361	0.19180482621208658	True	Both	Benign neoplasm of the digestive organs	Neoplasms
GU_603	185	2337	0.0003678090575599388	3.4343775801554015	0.157	0.5607568867365263	0.252	0.869	1.7519980626785874	0.24353362159892017	True	Male	Disorders of testis	Genitourinary
GU_622	50	3352	0.5148773058994546	0.2882962500252489	0.302	0.19699295574049178	-0.396	0.79	1.2177354626310841	0.08555295365190707	True	Female	Polyp of female genital organs	Genitourinary
BI_164.6	252	5642	0.6888288166206717	0.1618886928006769	0.142	-0.057056377100281795	-0.336	0.222	0.9445408173930591	-0.024779269732043467	True	Both	Anemia secondary to chronic diseases and conditions	Blood/Immune
CV_418	488	5169	1.0020883509570202e-6	5.999093986411328	0.101	0.4954325261380129	0.297	0.694	1.641207950898197	0.2151636122571276	True	Both	Abnormal results of cardiovascular function studies	Cardiovascular
RE_462.2	541	5090	1.455225288599387e-13	12.837069766800715	0.094	0.6944699668379433	0.51	0.879	2.0026473230913093	0.301604474445253	True	Both	Chronic sinusitis	Respiratory
CV_400	106	5860	0.34422355090744217	0.4631594196585167	0.21	0.1986141411964378	-0.213	0.61	1.2197112387693263	0.08625702554956624	True	Both	Rheumatic fever and chronic rheumatic heart diseases	Cardiovascular
DE_676.2	112	5813	0.000058140305322923495	4.235522691868778	0.193	0.7769675320172819	0.398	1.156	2.174867040825786	0.33743271177309364	True	Both	Scar conditions and fibrosis of skin	Dermatological
NS_355.2	271	5503	8.313705740181309e-9	8.080205351212665	0.126	0.7280491119151946	0.48	0.976	2.071036303916313	0.31618771185933203	True	Both	Alteration of consciousness	Neurological
MS_726.1	222	5766	0.06365737547499206	1.1961512708395043	0.156	0.28899939039305017	-0.016	0.594	1.33509091464756	0.1255108405211053	True	Both	Osteoporosis	Muscloskeletal
GI_507.1	57	5902	0.026967833830473586	1.5691539365005345	0.27	0.5962905223735425	0.068	1.125	1.815372212362597	0.25896568347803706	True	Both	Stomatitis	Gastrointestinal
GI_557	751	4908	7.580642284513231e-7	6.12029399637287	0.082	0.4067546604275853	0.246	0.568	1.5019355762243063	0.17665130451213126	True	Both	Gastrointestinal hemorrhage	Gastrointestinal
NS_329.4	236	5683	1.9615325795928257e-47	46.707404474167184	0.166	2.4073061799670543	2.081	2.733	11.104008618957078	1.0454797902112882	True	Both	Specified cognitive deficit	Neurological
SS_840.611	227	5701	0.004842410608337298	2.3149383876794083	0.14	0.3947541297070026	0.12	0.669	1.4840192698084405	0.17143954024027178	True	Both	Penicillin allergy	Symptoms
SS_810	127	5854	0.19470869934171198	0.7106146443109874	0.209	-0.2715503849351483	-0.682	0.139	0.7621968792602186	-0.11793283373603884	True	Both	Shock	Symptoms
EM_200.22	212	5784	0.00010985432433818978	3.959182842710249	0.146	0.562773085850757	0.278	0.848	1.7555340030027515	0.24440924574864878	True	Both	Uninodular goiter [single thyroid nodule]	Endocrine/Metab
NS_348.2	99	5896	0.0024396341771951973	2.6126752911762354	0.209	0.6338756612656862	0.224	1.044	1.884901681653514	0.27528870190046234	True	Both	Myelopathies	Neurological
EM_200.2	355	5608	0.014139104774360886	1.8495780872762586	0.118	0.288976414212501	0.058	0.52	1.3350602397100533	0.12550086209267758	True	Both	Goiter	Endocrine/Metab
SS_832	237	5551	0.000038586418222048084	4.413565532871837	0.136	0.5595774576661793	0.293	0.826	1.749932923314366	0.24302140206187214	True	Both	Other abnormal findings in urine	Symptoms
NS_351	1091	4414	1.0973330021254113e-26	25.959661559262475	0.072	0.7707691481776883	0.629	0.912	2.1614280730739592	0.3347407878748399	True	Both	Disturbances of skin sensation	Neurological
SO_390.4	217	5613	1.3353655129852956e-7	6.874399844003079	0.142	0.7472185846729601	0.47	1.025	2.1111199415753616	0.3245129080990243	True	Both	Impacted cerumen	Sense organs
EM_214	61	3353	0.014586009122500241	1.836063519152955	0.262	0.6402736326324592	0.126	1.154	1.8969998893661704	0.27806730556042686	True	Female	Disorders of ovarian function	Endocrine/Metab
SO_387.1	147	5834	0.00003999243645971006	4.398022136532289	0.174	0.7128173377832662	0.373	1.053	2.039729778949864	0.3095726364042388	True	Both	Hypermetropia	Sense organs
GI_511	1991	3578	6.856991881673726e-32	31.163866364716686	0.063	0.7373959012968202	0.614	0.86	2.0904845919896093	0.32024697091128396	True	Both	Gastro-esophageal reflux disease [GERD]	Gastrointestinal
CV_402	280	5452	6.72452631789732e-10	9.172338302369223	0.125	0.7734069873051334	0.528	1.019	2.167137099051948	0.33588638685203775	True	Both	Elevated blood pressure reading without diagnosis of hypertension	Cardiovascular
GI_554.1	250	5747	0.8563067667074464	0.06737062408274502	0.14	0.02542660322234272	-0.25	0.301	1.0257526165707378	0.01104263347300687	True	Both	Pancreatitis	Gastrointestinal
SS_807.21	225	5658	1.2971171943761181e-6	5.887020783691151	0.139	0.6717135457000492	0.4	0.944	1.957588866286832	0.29172148631719913	True	Both	Muscle weakness (generalized)	Symptoms
CA_139.61	137	5810	0.004794886446881238	2.3192216733894226	0.182	0.5127941704001711	0.156	0.869	1.6699508091569042	0.2227036785569501	True	Both	Hemangioma	Neoplasms
ID_054.3	521	5458	5.3290529869569975e-9	8.273349961532661	0.094	0.5513004583316334	0.366	0.736	1.7355085074625556	0.23942674692416202	True	Both	Hepatitis C	Infections
GI_504	244	5615	6.615383157272023e-11	10.179444996787154	0.133	0.8673462662957234	0.607	1.128	2.3805850249877394	0.3766836973516211	True	Both	Periodontal diseases	Gastrointestinal
RE_466.4	69	5933	0.021560856346139485	1.6663339939947024	0.245	0.561879753884577	0.083	1.041	1.7539664286465433	0.24402127660522901	True	Both	Hypertrophy of tonsils and adenoids	Respiratory
BI_177	471	5227	0.0003419672688808686	3.466015460097928	0.101	0.3631495256598841	0.164	0.562	1.4378508387638127	0.15771383509987105	True	Both	Abnormality of the lymph nodes	Blood/Immune
CA_114	69	5975	0.36137704657908554	0.44203943578344607	0.289	-0.2636316965755541	-0.83	0.302	0.7682564390344525	-0.11449379107755554	True	Both	Neuroendocrine tumors	Neoplasms
GI_522	1125	4335	2.058424454486247e-12	11.686465067263436	0.07	0.49540595823490025	0.357	0.634	1.6411643480235907	0.21515207396341002	True	Both	Gastrointestinal inflammation	Gastrointestinal
RE_468.1	54	5918	0.9733090430989151	0.011749241538098136	0.301	0.010055636994472244	-0.579	0.599	1.0101063648030524	0.004367107658721488	True	Both	Viral pneumonia	Respiratory
MB_294	138	5826	1.2865447273458374e-6	5.890575110734765	0.176	0.8528823359508523	0.508	1.198	2.346400228233748	0.37040209221621057	True	Both	Sexual dysfunction and disorders	Mental
MS_723.1	54	5981	0.011524100522644078	1.9383929621029032	0.281	0.7088143990875716	0.159	1.259	2.0315811857292623	0.30783418221730163	True	Both	Adhesive capsulitis of shoulder	Muscloskeletal
DE_668.1	90	5876	9.503250621696246e-9	8.022127817280133	0.217	1.2462056862959277	0.821	1.672	3.477124594512798	0.5412202528747763	True	Both	Atopic dermatitis	Dermatological
CA_144.2	222	3124	0.1648675121526344	0.7828649155070682	0.149	0.20646116667628134	-0.085	0.498	1.2293199947088183	0.08966494541481655	True	Female	Benign neoplasms of the uterus	Neoplasms
GU_593	545	5135	7.702623054075128e-9	8.113361354837842	0.094	0.5450259733108563	0.36	0.73	1.7246531767477828	0.23670177270285392	True	Both	Hematuria	Genitourinary
CV_423	145	5808	0.004488322430204222	2.347915951968322	0.174	0.49324514749754017	0.153	0.833	1.6376219311031934	0.21421364578373725	True	Both	Abnormal cardiac sounds	Cardiovascular
MB_309.8	102	5906	0.002187270656573185	2.6600974733028577	0.203	0.6208524197013261	0.224	1.018	1.8605133042910391	0.2696327799525677	True	Both	Homicidal ideations	Mental
NS_352	65	5946	0.04333799521040461	1.3631311827530874	0.254	0.5136633554556296	0.015	1.012	1.6714029364358176	0.22308116083028853	True	Both	Disturbances of sensation of smell and taste	Neurological
EM_239.2	709	5148	3.151742361735421e-8	7.501449291007911	0.089	0.49309339330442287	0.318	0.668	1.637373433964126	0.2141477397750607	True	Both	Hyperglyceridemia	Endocrine/Metab
GI_520.2	308	5471	0.0002002582418932211	3.698409600911202	0.123	0.45710380270323864	0.216	0.698	1.5794928313658585	0.19851765917100925	True	Both	Diaphragmatic hernia	Gastrointestinal
EM_256.3	458	5283	0.2110477884002404	0.6756191945193066	0.109	-0.1361004823057848	-0.349	0.077	0.8727549316546844	-0.05910768844977348	True	Both	Mixed disorder of acid-base balance	Endocrine/Metab
CV_430	73	5948	0.02965252032412125	1.5279383877519677	0.243	0.5287160841226589	0.052	1.005	1.6967524221478638	0.22961847782796627	True	Both	Nontraumatic Intracranial hemorrhage	Cardiovascular
MS_741.3	181	5690	6.765544865975597e-10	9.169697221570766	0.152	0.9393531737086089	0.641	1.238	2.558326090454932	0.4079558998999556	True	Both	Sprains and strains of wrist and hand	Muscloskeletal
SO_360	233	5629	0.00016408670167714938	3.784926614694975	0.14	0.5270893823296582	0.253	0.801	1.6939945556618023	0.22891201021556393	True	Both	Inflammation of eyelids	Sense organs
ID_086.2	57	5928	0.012119590883395906	1.9165120402425435	0.268	0.6730405076938589	0.147	1.199	1.9601882365632617	0.292297778588806	True	Both	Scabies	Infections
MB_282.2	1303	4138	1.8253486568383233e-6	5.738654169410891	0.069	0.3291813515307698	0.194	0.464	1.3898298805107072	0.14296164451526785	True	Both	Personal history of nicotine dependence	Mental
MS_745.4	294	5613	1.1511137019276053e-7	6.938881776560577	0.122	0.6483718654654025	0.409	0.888	1.9124246083393746	0.28158432339294187	True	Both	Fracture of foot and toe	Muscloskeletal
GU_594	1589	3828	5.158426834153188e-35	34.287482725003834	0.066	0.8133157969106113	0.684	0.942	2.2553739640259516	0.3532185626430243	True	Both	Abnormality of urination	Genitourinary
SS_830	153	5815	0.8113891027818314	0.09077082930792969	0.181	0.0432442909794236	-0.312	0.398	1.0441929506140457	0.018780756946182225	True	Both	Proteinuria	Symptoms
CV_406.1	117	5882	0.45065702539056407	0.3461538542334221	0.215	-0.16241093997286649	-0.584	0.26	0.850091796052589	-0.07053417503093617	True	Both	Pulmonary hypertension	Cardiovascular
GI_545	135	5778	1.0680482205613179e-7	6.97140913920733	0.176	0.9347337550985269	0.59	1.279	2.546535365416238	0.4059497118879958	True	Both	Nonspecific abnormal results of function study of liver	Gastrointestinal
RE_495	744	4898	4.095558751166735e-9	8.38768683969241	0.088	0.5192581256664301	0.346	0.692	1.680780259317885	0.2255109386603559	True	Both	Abnormal findings on diagnostic imaging of lung	Respiratory
PP_916.1	101	3243	0.2466183515901571	0.6079746094199434	0.212	0.24580569576191713	-0.17	0.662	1.278651102074828	0.10675205728979012	True	Female	Infections of genitourinary tract in pregnancy	Pregnancy
NS_351.1	414	5184	2.140856576857858e-9	8.669412426570858	0.105	0.6305342436768863	0.424	0.837	1.8786139488420313	0.27383754267991206	True	Both	Anesthesia of skin*	Neurological
EM_236.1	2160	3593	1.6624857407249198e-17	16.77924207098789	0.06	0.5130133404826968	0.395	0.631	1.6703168525249734	0.2227988629143893	True	Both	Obesity	Endocrine/Metab
EM_237	222	5649	1.664304716809146e-13	12.778767155982031	0.139	1.0248622121310904	0.752	1.297	2.7867114590778725	0.44509200343969246	True	Both	Abnormal weight gain	Endocrine/Metab
CV_416.2	257	5726	0.31062625588516757	0.5077618380339952	0.157	-0.15881765473064124	-0.466	0.148	0.8531519130018097	-0.06897363107833339	True	Both	Atrial fibrillation and flutter	Cardiovascular
NS_349	127	5789	0.0010619128342985336	2.973911130275998	0.183	0.5992878437212072	0.24	0.958	1.820821628995305	0.26026740359981865	True	Both	Disorder of nervous system	Neurological
SS_800.11	147	5584	0.042574254081604396	1.3708529523161774	0.175	0.3540832418859701	0.012	0.696	1.4248737907250086	0.15377639808549115	True	Both	Pleurodynia*	Symptoms
MB_296.4	265	5705	1.548178238155689e-14	13.81017904146229	0.128	0.981697288554343	0.731	1.232	2.668982433052002	0.4263457153185355	True	Both	Borderline personality disorder	Mental
MS_740	159	5785	0.00010595761278522293	3.9748678348772954	0.163	0.6319561965090019	0.312	0.951	1.8812871493991676	0.2744550889484266	True	Both	Dislocation	Muscloskeletal
CA_148	74	5963	7.059957306069801e-6	5.151197925264678	0.238	1.0697537684904448	0.603	1.537	2.9146617300542035	0.46458815865060893	True	Both	Benign neoplasm of the eye, brain and other parts of central nervous system	Neoplasms
GI_504.1	62	5896	0.0026699032307601718	2.573504479125491	0.258	0.7734539671071735	0.269	1.278	2.1672389131154386	0.3359067899208247	True	Both	Gingivitis	Gastrointestinal
DE_683	321	5521	1.0656973548307966e-10	9.972366112184185	0.119	0.7660654178182368	0.534	0.999	2.151285171664551	0.3326979837353693	True	Both	Nail disorders	Dermatological
DE_669	105	5921	0.08080206519066704	1.092577539108472	0.203	0.3541957639970812	-0.043	0.752	1.4250341295526705	0.15382526581743886	True	Both	Neutrophilic and Eosinophilic dermatoses	Dermatological
NS_331.6	1125	4608	3.5984147109581184e-30	29.443888786431877	0.071	0.8096287927410518	0.671	0.949	2.247073701770256	0.3516173170774303	True	Both	Migraine	Neurological
GU_615	129	3235	0.0003894480275129222	3.4095504914455237	0.181	0.6421226522095237	0.287	0.997	1.900510724100117	0.27887032455967703	True	Female	Endometriosis	Genitourinary
CA_138	561	5178	1.1227319620251083e-13	12.94972391364747	0.094	0.6985294872449345	0.514	0.883	2.010793634638991	0.30336750175718297	True	Both	Benign neoplasm of the skin	Neoplasms
SO_380	93	5929	0.03740439731294909	1.4270773385350972	0.216	0.4501274770580494	0.026	0.874	1.5685121220570701	0.19548787943934345	True	Both	Disorders of optic nerve and visual pathways	Sense organs
MS_711.1	74	5936	5.4555341535035696e-9	8.263162721049591	0.242	1.4142426353124407	0.939	1.889	4.113369964800054	0.6141977725885059	True	Both	Derangement of meniscus	Muscloskeletal
GU_626	1080	2064	1.2941365563286735e-19	18.888019894818047	0.081	0.731550349968183	0.573	0.89	2.078300203933806	0.3177082802255746	True	Female	Disorders of menstruation and other abnormal bleeding from female genital tract	Genitourinary
MB_293	130	5898	7.538635470113205e-7	6.1227072564418235	0.179	0.8863821189661758	0.535	1.238	2.4263355594907345	0.3849508631247218	True	Both	Eating disorders	Mental
SO_396	566	5261	8.133174981861007e-19	18.089739883935046	0.097	0.8601481907997932	0.67	1.05	2.3635109183284277	0.3735576128834156	True	Both	Hearing impairment	Sense organs
EM_232.27	66	5959	0.17446302211803844	0.7582966087728349	0.259	0.3523390401094728	-0.156	0.861	1.4223906894722655	0.15301890087863254	True	Both	Vitamin B12 deficiency	Endocrine/Metab
NS_341	115	5888	0.3679751095951159	0.43418155668267766	0.201	0.181308726445627	-0.213	0.576	1.1987852188694508	0.078741379416242	True	Both	Cerebral palsy and other paralytic syndromes	Neurological
SO_392	334	5337	3.342837718759837e-7	6.4758847061348614	0.116	0.5903070053536734	0.364	0.817	1.8045423345230667	0.2563670750539337	True	Both	Otalgia and effusion of ear	Sense organs
RE_463.4	209	5450	0.000015627511536562364	4.80611017181959	0.144	0.6202839751293907	0.339	0.902	1.8594560061383694	0.2693859076117083	True	Both	Nasal congestion*	Respiratory
EM_247.42	238	5636	0.48025918029559955	0.31852432472006365	0.143	0.10072263600866782	-0.179	0.38	1.105969843007977	0.04374328502131419	True	Both	Hypomagnesemia*	Endocrine/Metab
CV_404.2	560	5316	0.2360765512201164	0.62694714795495	0.114	-0.135048849933539	-0.358	0.088	0.8736732317662806	-0.058650970313516335	True	Both	Coronary atherosclerosis [Atherosclerotic heart disease]	Cardiovascular
SO_394.21	91	5904	0.005740347504197873	2.2410618158620657	0.219	0.6050613442048571	0.176	1.034	1.8313645490420938	0.26277480300113354	True	Both	Paroxysmal vertigo	Sense organs
EM_209.1	51	5982	0.0002534877976320293	3.5960429418479047	0.284	1.038231843475307	0.482	1.594	2.824218935822599	0.4508983605575665	True	Both	Pituitary hyperfunction	Endocrine/Metab
NS_330	632	5263	2.4833859727683085e-9	8.604955776290625	0.087	0.5159299266600913	0.346	0.686	1.6751955867348947	0.22406552019722706	True	Both	Epilepsy, recurrent seizures, convulsions	Neurological
SS_800.1	296	5277	3.99627889494372e-6	5.398344210559043	0.123	0.568116231727173	0.327	0.81	1.764939181516344	0.24672974451878033	True	Both	Chest pain on breathing	Symptoms
ID_089.1	1290	4012	2.455144749187856e-16	15.609922897870803	0.067	0.5519852078319206	0.42	0.684	1.7366973030129138	0.23972412985362274	True	Both	Bacterial infections	Infections
DE_680.3	56	5866	0.01658923863728434	1.7801735454532608	0.274	0.6554774765237648	0.119	1.192	1.9260619472189258	0.2846702510661393	True	Both	Xerosis cutis*	Dermatological
ID_006	59	5952	0.007645588091642196	2.116589103432557	0.263	0.7017304894403722	0.186	1.217	2.0172405021918656	0.30475767934722175	True	Both	Neisseria	Infections
NS_331.2	61	5953	0.00024476591265728723	3.611249064368107	0.259	0.9495946039754771	0.442	1.457	2.584661635346118	0.4124036965516535	True	Both	Post-traumatic headache	Neurological
MB_288.41	61	5992	1.9401872352153645e-6	5.712156357030024	0.264	1.2583307275510007	0.74	1.777	3.519541507415045	0.5464860913847038	True	Both	Agoraphobia	Mental
SO_389.1	89	5800	1.3022060233826596e-6	5.885320300145779	0.216	1.043552298857083	0.621	1.466	2.8392851105741372	0.4532090049710842	True	Both	Ocular pain	Sense organs
MS_734.9	85	5834	4.2884396311532475e-6	5.36770069915554	0.22	1.0122496428243415	0.581	1.444	2.7517845894479107	0.4396144341871491	True	Both	Jaw pain	Muscloskeletal
EM_256.72	66	5853	0.268368658864374	0.5712682041402186	0.258	0.28610392224646053	-0.221	0.793	1.3312307925585256	0.12425335468251485	True	Both	Hypovolemia	Endocrine/Metab
ID_089	3306	1960	1.0811987390940934e-33	32.96609446945204	0.066	0.80361584705149	0.673	0.934	2.23360271039835	0.34900592794446966	True	Both	Infections	Infections
GI_540.11	171	5841	1.4265226732567919e-11	10.845721321243458	0.158	1.0649736603856803	0.756	1.374	2.9007625780858466	0.4625121840778087	True	Both	Autoimmune hepatitis	Gastrointestinal
MS_741.14	62	5965	0.08851417815026517	1.0529871586892297	0.272	0.4636470428651894	-0.07	0.997	1.5898617183600454	0.20135935226711224	True	Both	Rotator cuff (capsule) sprain	Muscloskeletal
ID_092.8	187	5785	0.04250004624199616	1.371610597417151	0.155	0.3142943649104114	0.011	0.618	1.3692927489654845	0.13649630837387866	True	Both	Bacteremia	Infections
CA_101.4	64	5979	0.7738003182749628	0.11137109598330366	0.277	0.07965507607256754	-0.464	0.623	1.0829134804783247	0.034593759993899804	True	Both	Malignant neoplasm of the lower GI tract	Neoplasms
GU_593.2	128	5842	0.01348870403814437	1.8700297742806098	0.187	0.4630368909499998	0.096	0.83	1.5888919570686415	0.20109436665722263	True	Both	Microscopic hematuria	Genitourinary
GI_513.2	101	5874	0.13500875109877056	0.8696380801662502	0.211	0.3158073033202271	-0.098	0.73	1.3713659724939664	0.13715336917672113	True	Both	Gastric ulcer	Gastrointestinal
GU_612.2	89	3319	0.004770658309336596	2.3214216879650227	0.217	0.6113165653046181	0.187	1.036	1.8428560426575762	0.2654914110078445	True	Female	Breast conditions, congenital or relating to hormones	Genitourinary
MS_745.9	85	5903	0.00021526410374280108	3.6670283846965486	0.223	0.824535217444254	0.388	1.261	2.2808204333862694	0.35809109507093734	True	Both	Pathological fracture	Muscloskeletal
DE_674.2	120	5815	0.0010091636930422078	2.9960383826045858	0.19	0.6248786134849914	0.252	0.997	1.8680191913297226	0.27138133369588663	True	Both	Hypepigmentation*	Dermatological
GU_594.41	82	5893	0.0002050349209992625	3.688172164770134	0.229	0.8494114681901401	0.401	1.298	2.338270300441695	0.3688947135003174	True	Both	Nocturia	Genitourinary
MS_713.3	2914	2483	4.35595114952278e-63	62.36091699935053	0.066	1.107991349410842	0.978	1.238	3.0282695458907956	0.4811945290456665	True	Both	Pain in joint	Muscloskeletal
SS_805	634	4781	6.105561901904959e-16	15.214274361257653	0.086	0.6985553490228613	0.529	0.868	2.010845638009874	0.30337873338462884	True	Both	Fever	Symptoms
PP_914	81	3303	0.49271952221484905	0.3074002300485766	0.238	0.16302165426467835	-0.303	0.629	1.1770621778284442	0.07079940487788956	True	Female	Anemia in pregnancy	Pregnancy
CV_444.5	131	5846	0.0054688947869475455	2.2621004316971547	0.184	0.512369789604518	0.151	0.874	1.6692422644608276	0.22251937231917227	True	Both	Venous insufficiency (chronic) (peripheral)	Cardiovascular
DE_680.1	140	5808	0.00010050283965398716	3.9978216673118045	0.177	0.6877613155884159	0.341	1.034	1.9892572255915766	0.29869094422656994	True	Both	Corns and callosities	Dermatological
RE_472	107	5905	0.0410507173817997	1.3866792489651318	0.204	0.41684915042995113	0.017	0.817	1.517173630682246	0.18103528581778627	True	Both	Diseases of vocal cords and larynx, not elsewhere classified	Respiratory
CA_136.4	655	5179	0.000017493189043737255	4.7571310105414915	0.101	0.4335304032857853	0.236	0.631	1.5426942538389206	0.18827986188430795	True	Both	Benign neoplasm of colon, rectum, anus and anal canal	Neoplasms
RE_488.9	246	5566	6.607339394575358e-6	5.179973384518218	0.133	0.5984197534987005	0.338	0.859	1.8192416774117246	0.25989039680638976	True	Both	Snoring*	Respiratory
NS_345.2	78	5902	0.9338517649572866	0.02972205607215681	0.251	-0.020827896763733336	-0.513	0.471	0.9793875058251075	-0.009045440634139972	True	Both	Metabolic encephalopathy	Neurological
NS_345.1	90	5872	0.9789770597374009	0.009227484852825643	0.23	-0.006067873840794482	-0.457	0.445	0.9939504985264943	-0.0026352441259421514	True	Both	Toxic encephalopathy	Neurological
NS_350.5	102	5873	0.0006979119017269246	3.156199395440737	0.205	0.6957195575373617	0.294	1.098	2.0051513767557094	0.3021471647906481	True	Both	Repeated falls*	Neurological
MB_280	2781	2807	2.180604264981232e-24	23.66142314282526	0.06	0.6108355709767836	0.493	0.728	1.841969852497348	0.26528251782543927	True	Both	Psychoactive substance related disorders	Mental
RE_469	977	4422	3.3655086399532694e-17	16.472949290182495	0.076	0.6425873114689565	0.493	0.792	1.9013940192054535	0.279072123512014	True	Both	Bronchitis	Respiratory
GI_502.14	92	5931	0.0001876952100083319	3.726546810455339	0.214	0.7994470637806246	0.38	1.219	2.2243106864594355	0.3471954483736823	True	Both	Deposits [accretions] on teeth	Gastrointestinal
GI_522.11	98	5950	0.16725926025718063	0.7766098283149195	0.212	0.29291504551880426	-0.123	0.709	1.3403289186468754	0.1272113879352565	True	Both	Crohn's disease	Gastrointestinal
MS_701	194	5833	0.22087891008985394	0.6558457493565243	0.157	0.1920369786810744	-0.115	0.499	1.211715323770958	0.08340060016256304	True	Both	Osteomyelitis, periostitis, and other infections involving bone	Muscloskeletal
CM_763	85	5915	0.0507338968805043	1.2947017781576313	0.224	0.4377226281545553	-0.001	0.877	1.5491751502506526	0.19010052201171235	True	Both	Congenital anomalies of the heart	Congenital
NS_334.2	90	5893	0.0990868327683887	1.0039840532439341	0.22	0.3634073553051978	-0.068	0.795	1.4382216071310694	0.1578258090921018	True	Both	Facial nerve disorders and weakness	Neurological
CV_416.5	153	5769	0.07954413431092724	1.0993918402828957	0.176	0.3088396787627111	-0.036	0.654	1.3618440204824587	0.13412736827941835	True	Both	Premature depolarization [Premature beats]	Cardiovascular
ID_004	273	5447	4.130034865551334e-7	6.384046282035454	0.126	0.636915339615396	0.39	0.883	1.8906398932270587	0.27660881743450205	True	Both	Streptococcus	Infections
MS_724	1632	3643	3.774191277838071e-33	32.42317609335908	0.067	0.7991520041757304	0.669	0.93	2.2236544790420383	0.3470673056154442	True	Both	Other symptoms and disorders of the soft tissue	Muscloskeletal
CA_105	113	5929	0.07020848203318454	1.1536104166781627	0.205	0.37049345867217015	-0.031	0.772	1.4484491881556745	0.160903264682574	True	Both	Malignant neoplasm of the breast	Neoplasms
GI_525	108	5883	0.004146038674440491	2.382366651104252	0.197	0.5653075202905166	0.179	0.952	1.7599889318180055	0.24550993664058196	True	Both	Intestinal malabsorption	Gastrointestinal
MB_307	331	5592	1.5641660400377298e-51	50.80571714741128	0.285	4.304748397155835	3.746	4.863	74.05058177181746	1.8695284748666472	True	Both	Behavioral and emotional disorders with onset usually in childhood and adolescence	Mental
GU_619.2	501	2721	8.578608529837071e-11	10.066583150009208	0.101	0.653332577953585	0.456	0.851	1.9219351670468388	0.2837387334528681	True	Female	Ovarian cyst	Genitourinary
MB_286.4	429	5382	2.748573280609004e-28	27.560892679677014	0.103	1.1365432228515286	0.935	1.339	3.1159784836051587	0.49359445012895675	True	Both	Dysthymic disorder	Mental
CV_444.1	227	5734	2.301018819627427e-6	5.638079829298797	0.14	0.6615068252277917	0.387	0.936	1.9377099259002455	0.28728876393776875	True	Both	Varicose veins	Cardiovascular
MS_745.6	324	5604	0.010245584169861837	1.9894632744990255	0.123	0.3147242152745315	0.074	0.555	1.3698814664733672	0.13668299001506018	True	Both	Fracture of bones in thorax	Muscloskeletal
ID_003	71	5848	0.4607414198758605	0.3365427436515126	0.27	-0.19936418797104616	-0.729	0.33	0.819251477463135	-0.08658276672494801	True	Both	Escherichia coli	Infections
EM_202.2	1138	4711	0.9007638420641637	0.04538905533817823	0.076	-0.009454893806331865	-0.158	0.139	0.9905896631643966	-0.0041062082070711815	True	Both	Type 2 diabetes	Endocrine/Metab
CA_104	83	5929	0.09260079264661236	1.0333852958172394	0.23	0.38698860443281985	-0.064	0.838	1.4725397107523244	0.16806701546461394	True	Both	Malignant sarcoma-related cancers	Neoplasms
EM_239	1990	3749	1.1058504559039814e-10	9.956303598679456	0.071	0.4562112803166147	0.318	0.595	1.5780837275762316	0.19813004162352332	True	Both	Hyperlipidemia	Endocrine/Metab
SS_834.1	291	5627	9.317213189982797e-7	6.030713967173528	0.124	0.609366983937811	0.366	0.853	1.839266744806079	0.2646447185782188	True	Both	Abnormal Papanicolaou smear	Symptoms
EM_204.1	218	5752	8.467904424024091e-7	6.07222405244209	0.144	0.7086329127126484	0.427	0.991	2.0312125148798823	0.30775536368613193	True	Both	Impaired fasting glucose	Endocrine/Metab
MS_741	1385	3955	5.421343999413085e-33	32.265893034647654	0.066	0.7952927756937374	0.665	0.926	2.2150894262207084	0.3453912639813107	True	Both	Sprains and strains	Muscloskeletal
EM_204.3	229	5677	0.05087384607001758	1.2935054284027405	0.141	0.2752078754220307	-0.001	0.551	1.3168043776843348	0.11952126167210551	True	Both	Hypoglycemia	Endocrine/Metab
ID_052.32	132	5812	0.013752003083071023	1.8616340389562147	0.183	0.4500317041222186	0.092	0.808	1.5683619082395783	0.19544628578179643	True	Both	Herpes zoster	Infections
SO_360.4	106	5884	0.015270729561309801	1.8161402139663496	0.206	0.49989243518094045	0.096	0.904	1.648543935832633	0.2171005261442614	True	Both	Blepharitis	Sense organs
NS_333	2135	3410	4.217183823423952e-70	69.37497746804875	0.064	1.1290213320880769	1.004	1.254	3.0926283624539823	0.4903277344769106	True	Both	Sleep disorders	Neurological
DE_682.11	253	5612	0.00003555811909346803	4.449061219831526	0.134	0.5528852575568809	0.291	0.815	1.7382611205940524	0.24011501648261152	True	Both	Sebaceous cyst [Epidermal cyst]	Dermatological
DE_679	1157	4142	1.050436988114082e-37	36.97862999421959	0.071	0.9124604140304099	0.773	1.052	2.4904425211665737	0.3962765227685635	True	Both	Skin symptoms	Dermatological
CA_142.1	384	5506	0.00017502056334316843	3.7569109226176054	0.114	0.4280273173625721	0.204	0.652	1.534227991457446	0.185889902034417	True	Both	Lump or mass in breast	Neoplasms
CA_107	62	2537	0.27571377634233607	0.5595415333502236	0.287	0.3132581510101786	-0.25	0.877	1.3678746036633491	0.13604628639493616	True	Male	Malignant neoplasm of male genitalia	Neoplasms
CV_416	891	4713	3.6701032739497057e-10	9.435321714855421	0.08	0.5020130192214345	0.345	0.659	1.6520435210638744	0.21802148409146008	True	Both	Cardiac arrhythmia and conduction disorders	Cardiovascular
MB_286.11	586	5319	1.274624232695676e-48	47.89461782912779	0.09	1.3129786975307671	1.137	1.489	3.7172297408032104	0.5702194031941309	True	Both	Bipolar I disorder	Mental
EM_200.11	122	5888	0.045477947348267336	1.3421991454671178	0.192	0.3840013722660834	0.008	0.76	1.468147456369567	0.16676967701843645	True	Both	Secondary hypothyroidism	Endocrine/Metab
GU_605.1	225	2295	2.1067921843701555e-11	10.67637830142677	0.151	1.0090477048381683	0.714	1.304	2.7429876370051125	0.43822385018835763	True	Male	Male erectile dysfunction*	Genitourinary
MS_742	177	5797	4.779917018379046e-8	7.320579642880119	0.156	0.8521536802957439	0.546	1.158	2.344691133184803	0.3700856410859894	True	Both	Cartilage tear of knee	Muscloskeletal
SS_848	189	5705	0.1468356890695428	0.8331683743777498	0.159	0.2310147079087821	-0.081	0.543	1.259877769480272	0.10032841288327553	True	Both	Nonspecific abnormal findings of other body structures	Symptoms
BI_160.11	145	5840	7.131417060485702e-7	6.1468241643415125	0.17	0.8419463039096331	0.509	1.175	2.3208797210454883	0.3656526338467919	True	Both	Iron deficiency anemia secondary to blood loss	Blood/Immune
GI_507	254	5512	4.235763638484825e-11	10.373068282125871	0.13	0.8560380432258483	0.602	1.11	2.353816476103164	0.37177259847224325	True	Both	Lesions of mouth	Gastrointestinal
MS_728.1	117	5865	2.312396437336303e-7	6.635937708405371	0.189	0.9760526655299564	0.606	1.346	2.6539594727207567	0.4238942866866204	True	Both	Chondromalacia	Muscloskeletal
EM_202.4	90	5928	0.14672108659379263	0.8335074653440324	0.222	0.32155288566284845	-0.113	0.756	1.3792679475969765	0.13964864388344234	True	Both	Other specified diabetes*	Endocrine/Metab
GI_555	144	5817	0.8589609490450845	0.06602658005670255	0.185	-0.03285772389194687	-0.395	0.33	0.9676762270028414	-0.01426992817417315	True	Both	Ascites	Gastrointestinal
MS_723.52	55	5991	0.0012133478181127182	2.916014686491862	0.272	0.8810436667900435	0.347	1.415	2.4134171958564714	0.38263240280272315	True	Both	Posterior tibial tendinitis	Muscloskeletal
RE_460.1	1931	3326	6.261488200991152e-41	40.20332243345643	0.063	0.8423502107535232	0.719	0.966	2.3218173295891713	0.36582804836029637	True	Both	Acute upper respiratory infection	Respiratory
EM_200.31	52	6019	0.012057420763862806	1.9187455833915843	0.408	-1.0242216116409402	-1.824	-0.225	0.3590758571214182	-0.4448137941817157	True	Both	Graves' disease [Toxic diffuse goiter]	Endocrine/Metab
MB_288	3256	2263	6.2438547917966346e-111	110.20454720552229	0.071	1.5868543613366866	1.448	1.726	4.8883477420855606	0.6891620927126318	True	Both	Anxiety and anxiety disorders	Mental
RE_463.2	933	4723	2.822112273159221e-41	40.54942571253646	0.075	1.0130739177524775	0.866	1.161	2.7540537515708685	0.43997241224000977	True	Both	Allergic rhinitis	Respiratory
MS_700.11	89	5965	0.012997508241580594	1.886139898512822	0.217	0.539975087183559	0.114	0.966	1.7159641121534035	0.234508200729047	True	Both	Systemic lupus erythematosus [SLE]	Muscloskeletal
SO_369	92	5923	0.0006362075486552306	3.196401182258106	0.214	0.7301193209385687	0.311	1.149	2.0753282230123893	0.3170867922145697	True	Both	Disorders of the cornea	Sense organs
SS_808	625	5039	9.426351034388453e-15	14.02565639128345	0.087	0.6762095443867228	0.505	0.847	1.966409998298479	0.29367407373746574	True	Both	Syncope and collapse	Symptoms
GI_520.13	153	5784	0.020548588643208878	1.6872180017935374	0.17	0.39407084239335577	0.061	0.728	1.4830056046198932	0.17114279233040045	True	Both	Umbilical hernia	Gastrointestinal
SO_387.3	345	5556	1.5813513971861e-17	16.80097161336845	0.114	0.973723751958616	0.75	1.198	2.647785822226567	0.42288285237375767	True	Both	Astigmatism	Sense organs
GU_612.8	96	3251	0.037833371581831955	1.4221249541305165	0.217	0.44998537127632354	0.025	0.875	1.5682892432523772	0.19542616368249338	True	Female	Other specified disorders of breast	Genitourinary
MB_304	1807	4235	0.9935279798159747	0.002819897745333221	3656.668	29.661294700143785	-7137.276	7196.599	7616169737597.968	12.881736614378614	False	Both	Attention-deficit hyperactivity disorders	Mental
CA_107.2	50	2553	0.6900943645539523	0.16109151911351255	0.34	0.13569372917302835	-0.531	0.803	1.1453310583819019	0.058931037808720506	True	Male	Malignant neoplasm of the prostate	Neoplasms
ID_054.31	362	5630	1.6244656424321705e-11	10.789289469582101	0.11	0.7434476228704316	0.527	0.96	2.103173980289435	0.3228752001967183	True	Both	Chronic hepatitis C	Infections
EM_230.21	259	5557	2.9995904687660556e-9	8.522938035045621	0.13	0.7693078576292448	0.515	1.024	2.1582719052603654	0.3341061574531935	True	Both	Abnormal weight loss	Endocrine/Metab
EM_232.4	962	4792	4.267744873267499e-25	24.369801550691776	0.076	0.7865666596383808	0.638	0.936	2.195844388150153	0.341601559930022	True	Both	Vitamin D deficiency	Endocrine/Metab
ID_054	566	5390	3.926302193022964e-9	8.406016277402427	0.091	0.5371369783285098	0.358	0.716	1.711100923605354	0.23327562571425836	True	Both	Hepatovirus	Infections
BI_168.1	70	5940	0.18210307588909802	0.739682718508318	0.25	0.3334953793338665	-0.156	0.823	1.395838596822487	0.14483520298493	True	Both	Hypo-coagulability	Blood/Immune
SS_800.2	113	5812	0.07325127019730455	1.1351848401220104	0.199	0.35705942470479834	-0.034	0.748	1.4291207924118132	0.15506893786084353	True	Both	Precordial pain	Symptoms
EM_247.3	136	5810	0.1347423597262245	0.8704958511713743	0.201	-0.30018755155073357	-0.694	0.093	0.7406792921041596	-0.13036979717453157	True	Both	Disorders of phosphorus metabolism	Endocrine/Metab
DE_660.4	77	5876	0.04528985522890756	1.343999067556987	0.235	0.470501059329345	0.01	0.931	1.6007960861159516	0.204336013796369	True	Both	Carbuncle and furuncle	Dermatological
MS_741.7	304	5432	2.932583785190642e-13	12.532749571053472	0.12	0.8734343537817543	0.639	1.108	2.3951224425204902	0.37932772015214855	True	Both	Back sprain	Muscloskeletal
EM_256	1715	3720	0.0002886820604977092	3.5395802035419535	0.063	0.2295847548352685	0.105	0.354	1.2580774908552912	0.099707392154068	True	Both	Disorders of fluid, electrolyte and acid-base balance	Endocrine/Metab
MS_701.1	191	5836	0.2977190305184201	0.5261934038988481	0.159	0.16516432678042986	-0.146	0.476	1.1795869405100694	0.07172995572800613	True	Both	Osteomyelitis	Muscloskeletal
MB_283.3	105	5844	0.009923437742375559	2.003337850637363	0.2	0.5150206661987724	0.124	0.906	1.6736730899008818	0.22367063339626345	True	Both	High risk sexual behavior	Mental
CV_438.6	53	6007	0.4957646215346819	0.30472446833156	0.322	-0.21965136747730465	-0.852	0.412	0.8027986308921183	-0.0953933768378968	True	Both	Cerebral aneurysm	Cardiovascular
MB_280.1	1217	4493	3.748337941359268e-17	16.42616126104699	0.069	0.5821189498988082	0.447	0.718	1.789826969146176	0.2528110477523679	True	Both	Alcohol use disorders	Mental
RE_467	60	5899	0.0010883191096175162	2.963243745054963	0.262	0.8549392455931525	0.342	1.368	2.3512315285586225	0.37129539672363515	True	Both	Laryngitis and tracheitis	Respiratory
RE_460	2261	3018	2.6688130947368737e-40	39.57368184013782	0.062	0.828201478790529	0.706	0.95	2.2891978647215816	0.35968333214283976	True	Both	Respiratory infection	Respiratory
MB_302	90	5922	1.6083792479493749e-15	14.79361153900062	0.251	2.0027741929794205	1.51	2.495	7.409583226426361	0.8697937805092008	True	Both	Developemental delay	Mental
DE_664.4	178	5818	0.000010187006244635379	4.991953427619027	0.155	0.682830068163163	0.38	0.986	1.9794718528960658	0.296549330680883	True	Both	Psoriasis	Dermatological
EM_211	141	5858	0.202683645859547	0.6931812922516934	0.182	0.23131606064859792	-0.125	0.587	1.2602574943106235	0.10045928871528403	True	Both	Disorders of adrenal glands	Endocrine/Metab
CV_416.1	172	5772	0.0484304815863764	1.3148812123644467	0.164	0.32330859721997274	0.002	0.644	1.3816916713302299	0.14041113972451522	True	Both	Paroxysmal tachycardia	Cardiovascular
MS_724.5	114	5749	0.00010265707426890612	3.9886111173105565	0.195	0.7567293452546904	0.375	1.139	2.1312940815365295	0.32864337893837275	True	Both	Exostosis	Muscloskeletal
RE_483	224	5674	0.5643570163922638	0.2484460712014073	0.154	-0.08881139438385567	-0.391	0.213	0.9150181348600351	-0.03857029851104199	True	Both	Pleural effusion	Respiratory
SO_387.4	336	5604	1.0055634174444304e-9	8.99759053473639	0.127	0.7746968278714669	0.526	1.023	2.1699341638911727	0.3364465574925314	True	Both	Presbyopia	Sense organs
BI_164.1	628	5184	1.0125499652287658e-9	8.99458353691553	0.088	0.5396248039272853	0.366	0.713	1.7153631439172496	0.23435607464374422	True	Both	Microcytic anemia	Blood/Immune
SS_826	79	5923	0.22027619181084312	0.6570324403160188	0.238	0.29191604625309014	-0.175	0.759	1.3389905996424867	0.12677752806673148	True	Both	Other abnormal immunological findings in serum	Symptoms
SS_819	858	4394	2.1543809188397157e-23	22.666677506087133	0.08	0.7961696558273318	0.64	0.953	2.2170326459935885	0.34577208818462135	True	Both	General symptoms and other findings	Symptoms
CV_401.2	299	5637	0.15875734901705907	0.7992661616978249	0.141	-0.19888716890454833	-0.475	0.078	0.8196423692621497	-0.08637559997660538	True	Both	Hypertensive heart disease	Cardiovascular
GI_528.1	1659	3543	8.469156510709355e-17	16.072159841261488	0.065	0.5373961941902599	0.411	0.664	1.7115445255976602	0.23338820173263822	True	Both	Nausea	Gastrointestinal
GI_510.8	89	5966	0.0014531619064536835	2.8376859953632736	0.22	0.6990133629428938	0.269	1.129	2.0117668442496557	0.3035776463027338	True	Both	Barrett's esophagus	Gastrointestinal
CA_120.1	81	5942	0.22040832153992707	0.6567720126757565	0.234	0.28736339740870376	-0.172	0.747	1.332908500971228	0.12480033779557126	True	Both	Myeloid	Neoplasms
MS_741.6	424	5279	3.490744820913119e-15	14.457081897653852	0.103	0.8091947440816569	0.608	1.011	2.2460985740841832	0.35142881213977767	True	Both	Sprains and strains of ankle and foot	Muscloskeletal
PP_932	198	3104	0.0021934337552127468	2.658875477365714	0.154	0.47019461532025414	0.169	0.771	1.6003056069016321	0.20420292685420857	True	Female	Known or suspected fetal abnormality affecting management of mother	Pregnancy
GI_532	197	5659	0.0010536185108441494	2.977316607933469	0.15	0.49089857167738576	0.197	0.785	1.6337836322680037	0.2131945408536766	True	Both	Other disorders of the intestines	Gastrointestinal
EM_256.2	434	5343	0.7074284556626317	0.15031747507157947	0.109	0.04105575814083168	-0.173	0.255	1.04191019890148	0.017830289210917716	True	Both	Hyposmolality and/or hyponatremia	Endocrine/Metab
SO_374	290	5678	0.00084657735076375	3.072333354772832	0.131	0.4383303275306744	0.181	0.696	1.550116869134967	0.1903644424974169	True	Both	Disorders of the retina	Sense organs
CV_440.2	85	5944	0.6575758608021842	0.1820541378536939	0.239	0.10589013354990787	-0.362	0.574	1.1116997312937775	0.04598750068872334	True	Both	Arterial embolism and thrombosis	Cardiovascular
MS_745.5	292	5635	4.1724200676457113e-7	6.379611974484043	0.122	0.6190321241519612	0.379	0.859	1.8571297007172576	0.26884223564004545	True	Both	Fracture of hand or wrist	Muscloskeletal
DE_682.4	318	5586	1.6186325808447378e-19	18.790851722105657	0.117	1.0616044718880395	0.831	1.292	2.8910058076022573	0.4610489641047914	True	Both	Acne	Dermatological
RE_499.3	82	5859	7.54490092629581e-6	5.122346458664472	0.224	1.004924137985395	0.565	1.445	2.7317000326974226	0.4364330078584391	True	Both	Bronchospasm	Respiratory
MS_719.8	106	5887	0.10724034311472891	0.969641805164773	0.203	0.327011030443655	-0.071	0.725	1.3868167743002238	0.14201908604317567	True	Both	Rhabdomyolysis	Muscloskeletal
GI_529.2	292	5512	1.2707246249196292e-9	8.895948553958458	0.122	0.7429674829891938	0.503	0.983	2.1021644049723975	0.32266667809575494	True	Both	Flatulence, eructation, and gas pain	Gastrointestinal
NS_328	62	5930	0.000010027606374057954	4.998802722273631	0.26	1.1487692061249357	0.639	1.659	3.154308216319049	0.49890412720043886	True	Both	Dementias and cerebral degeneration	Neurological
PP_903.2	54	3334	0.0975391723784911	1.0108209337247611	0.279	0.46170301155088556	-0.084	1.008	1.586773979696913	0.20051507019466294	True	Female	Threatened premature labor	Pregnancy
SO_371	463	5508	1.2959748585469904e-6	5.887403423542755	0.122	0.5895667107531638	0.351	0.828	1.803206935931599	0.25604556919394966	True	Both	Cataract	Sense organs
MS_740.2	51	5988	0.10512305666076947	0.9783020196297536	0.287	0.4658343040803606	-0.098	1.029	1.5933429670463255	0.20230926774334204	True	Both	Dislocation of shoulder	Muscloskeletal
EM_256.31	406	5339	0.276018421296206	0.5590619324263786	0.115	-0.1247829429074512	-0.349	0.1	0.882688475586841	-0.05419254354035456	True	Both	Acidosis	Endocrine/Metab
MS_734.62	52	5946	0.016725076392861818	1.7766318898876385	0.281	0.671305752525984	0.121	1.221	1.9567907376562985	0.2915443839919448	True	Both	Arthralgia of temporomandibular joint	Muscloskeletal
GU_594.2	722	4758	1.4539504029159103e-17	16.837450407856153	0.084	0.7168505320451507	0.552	0.882	2.0479730175071866	0.3113242304166191	True	Both	Dysuria	Genitourinary
SO_375	242	5755	3.3448666291442395e-6	5.475621194303172	0.141	0.6546366640969595	0.379	0.931	1.9244431710378405	0.28430509086886213	True	Both	Abnormal intraocular pressure	Sense organs
MB_291	238	5659	1.2418416994514015e-9	8.905933761193541	0.134	0.8121145281943851	0.55	1.074	2.2526662804929467	0.35269685826828434	True	Both	Dissociative and somatoform disorders	Mental
EM_200.21	70	5987	0.00879552451531769	2.0557382565685627	0.33	-0.8651683493495874	-1.512	-0.218	0.4209806748385758	-0.37573784003987065	True	Both	Diffuse goiter	Endocrine/Metab
SS_809.2	2182	3271	1.4185316109039669e-57	56.848160981836266	0.063	1.0126955183741717	0.889	1.137	2.7530118164896793	0.4398080754780559	True	Both	Chronic pain	Symptoms
SS_809.32	618	5014	1.8408834893904238e-10	9.734973697381937	0.089	0.5662725390408825	0.392	0.74	1.7616881739060146	0.245929038958799	True	Both	Pain in leg*	Symptoms
PP_941.5	71	3271	0.07407371268569836	1.1303358873113696	0.246	0.4399441674515662	-0.043	0.923	1.5526205293304165	0.1910653242697354	True	Female	False labor	Pregnancy
NS_341.2	89	5927	0.8607149385533227	0.06514065936154392	0.239	-0.04191021658125523	-0.51	0.426	0.9589558750443856	-0.018201375796609295	True	Both	Hemiplegia and hemiparesis	Neurological
MS_709.24	134	5896	4.877632200555083e-6	5.311790950904533	0.18	0.82479370093682	0.471	1.179	2.281410064019417	0.35820335302542194	True	Both	Hammer toe	Muscloskeletal
GI_514.3	53	5917	0.0060079590949189896	2.22127303287996	0.278	0.7636148230678839	0.219	1.308	2.1460196979226254	0.3316337039579099	True	Both	Ileus	Gastrointestinal
MB_284.1	748	5007	6.420905270785893e-24	23.192403737290864	0.081	0.8158000992391279	0.657	0.974	2.2609839603946833	0.3542974814356785	True	Both	Suicidal ideations	Mental
NS_354	996	4387	2.8578412527533428e-15	14.543961899046808	0.075	0.5917099768869818	0.445	0.739	1.8070758328465029	0.25697637784911687	True	Both	Dizziness and giddiness	Neurological
EM_208.22	64	5995	0.577764315276498	0.23824928519360528	0.273	0.15206010834053385	-0.383	0.687	1.1642302142751446	0.06603886596990445	True	Both	Secondary hyperparathyroidism	Endocrine/Metab
GU_624	58	3286	0.001693074274871282	2.7713239890504426	0.266	0.8345000019842755	0.314	1.355	2.3036619338877142	0.3624187460100236	True	Female	Symptoms involving female genital tract	Genitourinary
MS_708.1	140	5851	0.000461516750908747	3.3358125314848452	0.185	0.6493417893778013	0.286	1.013	1.9142804145475842	0.28200555599596266	True	Both	Osteoarthritis of more than one site	Muscloskeletal
CA_120	145	5843	0.4270658074352579	0.36950519850207797	0.181	0.14347626083024648	-0.211	0.498	1.1542794088470294	0.062310948362687704	True	Both	Hemo onc - by cell of origin	Neoplasms
CV_416.11	102	5876	0.003644174852851624	2.438400793113206	0.204	0.5932209301308536	0.193	0.993	1.8098083037360941	0.2576325765053442	True	Both	Supraventricular tachycardia	Cardiovascular
RE_468.2	121	5830	0.017173731694116998	1.7651353263840004	0.19	0.45356268015705337	0.081	0.827	1.573909545073979	0.19697976918945784	True	Both	Bacterial pneumonia	Respiratory
GI_526	235	5540	0.00004859823956247956	4.313379462469153	0.136	0.5523199853741365	0.286	0.819	1.7372788075994965	0.23986952189287225	True	Both	Intestinal infection	Gastrointestinal
BI_170.1	61	5968	0.31792144758574425	0.4976801727648667	0.307	-0.3067975975197517	-0.909	0.295	0.735799513483102	-0.13324050366400297	True	Both	Neutropenia	Blood/Immune
GE_970	56	5972	0.06353597577522858	1.1969802958664197	0.272	0.5050719865434072	-0.028	1.039	1.657104805414349	0.2193499767197152	True	Both	Hemoglobinopathies	Genetic
MB_288.4	190	5748	6.7216920598308305e-15	14.172521387698081	0.15	1.1682073265913533	0.874	1.462	3.216221832133599	0.5073459956575747	True	Both	Phobic disorders	Mental
MS_721.1	392	5405	8.028176102835095e-17	16.09538310957136	0.109	0.9098220974393534	0.696	1.124	2.483880605355885	0.3951307164315539	True	Both	Synovitis and tenosynovitis	Muscloskeletal
CV_426	85	5893	0.9888100678741304	0.004887120329774278	0.244	-0.0034282185608844732	-0.483	0.476	0.9965776510709901	-0.001488856403750422	True	Both	Complications and ill-defined descriptions of heart disease	Cardiovascular
GU_586.2	116	5821	0.22820712357333184	0.6416708030365466	0.205	0.24704028606159106	-0.155	0.649	1.280230687191713	0.10728823304434985	True	Both	Cyst of kidney	Genitourinary
EM_204	1471	4096	2.253717225574249e-8	7.647100575901598	0.068	0.37910624892399425	0.246	0.512	1.460978254864912	0.16464375196273132	True	Both	Abnormal glucose	Endocrine/Metab
RE_487.3	88	5896	0.5767381290511214	0.2390213357590146	0.232	0.12945094235162322	-0.325	0.584	1.1382032725172078	0.05621982994048589	True	Both	Hemoptysis	Respiratory
GU_614.55	204	5648	7.111116203521106e-10	9.148062224448518	0.146	0.8990862606442953	0.613	1.185	2.4573567014676407	0.3904682017528463	False	Both	Candidiasis of vulva and vagina	Genitourinary
GU_612.1	84	3312	0.34675885634954373	0.459972438071206	0.231	0.21740044285661883	-0.235	0.67	1.2428416895799468	0.09441581269595277	True	Female	Inflammatory disease of breast	Genitourinary
MS_718.2	1129	4317	4.1241965815342643e-51	50.38466064206921	0.072	1.0863267101905263	0.945	1.228	2.963368743401161	0.4717856957798586	True	Both	Cervicalgia	Muscloskeletal
ID_056.1	54	5979	0.05184336565437242	1.285306811966266	0.278	0.5398515602505712	-0.004	1.084	1.715752157460838	0.23445455366368398	True	Both	Plantar wart	Infections
MB_290.1	1129	4696	1.9543232650288757e-81	80.70900359793227	0.069	1.3180651167722877	1.183	1.453	3.736185296766652	0.5724284070033697	True	Both	Posttraumatic stress disorder	Mental
CV_433.21	89	5912	0.41063963665214764	0.38653913302558396	0.243	0.2000275565630446	-0.276	0.677	1.221436416286027	0.08687086404392086	True	Both	Carotid artery stenosis	Cardiovascular
MB_287	615	5226	5.201725180260015e-19	18.283852596363403	0.087	0.7778935549003104	0.607	0.949	2.17688195025527	0.3378348784013091	True	Both	Psychotic disorder	Mental
NS_330.12	71	5982	0.0008203377019551293	3.086007328221304	0.24	0.8025342396520293	0.332	1.273	2.23118813522591	0.3485361918192982	True	Both	Partial epilepsy	Neurological
GI_502.16	124	5879	3.126214437459004e-11	10.504981235590321	0.186	1.2384145491768639	0.873	1.604	3.450139100365019	0.5378366050162152	True	Both	Loss of teeth and edentulism	Gastrointestinal
EM_256.7	703	4775	0.0017911804441586067	2.746860660965632	0.085	0.2664153549955766	0.099	0.434	1.305277099473339	0.11570271856887486	True	Both	Volume depletion	Endocrine/Metab
MS_712.51	58	6011	3.899642018621006e-7	6.408975258735867	0.279	1.416563452218462	0.869	1.964	4.122927429628197	0.6152056905642987	True	Both	Hypermobility syndrome	Muscloskeletal
CA_112	160	5794	0.09858267559560231	1.0061993989969054	0.172	0.28464516344361823	-0.053	0.622	1.3292902636471986	0.12361982378401261	True	Both	Malignant neoplasm of other and ill-defined sites	Neoplasms
GU_594.1	283	5545	1.7074307296085991e-7	6.7676569065975185	0.127	0.6615489504166566	0.414	0.91	1.9377915540161272	0.2873070586748419	True	Both	Retention of urine	Genitourinary
GI_522.12	71	5968	0.15565526102689456	0.8078361959173079	0.247	0.3506483742848422	-0.133	0.835	1.4199879338450405	0.15228465404025307	True	Both	Ulcerative colitis	Gastrointestinal
EM_232.2	377	5547	3.844021403437768e-9	8.415214202853377	0.111	0.652903495669688	0.436	0.87	1.9211106756158434	0.28355238538468913	True	Both	Vitamin B group deficiency	Endocrine/Metab
MB_287.5	96	5905	1.278394685492034e-6	5.893335043463658	0.209	1.010803024300544	0.602	1.42	2.747806684836278	0.4389861757448448	True	Both	Drug-induced psychotic disorder	Mental
GU_614.52	441	2697	3.639517012919751e-15	14.438956246169989	0.105	0.8265640630737168	0.621	1.032	2.2854525633035	0.3589722115324466	True	Female	Vaginitis and vulvovaginitis	Genitourinary
NS_325.2	150	5805	8.56072689130554e-6	5.067489357813482	0.168	0.7492959296762595	0.419	1.079	2.1155100243168494	0.3254150875709665	True	Both	Difficulty walking	Neurological
CM_750	60	5974	0.00028168189747760627	3.550241062415015	0.261	0.9485892098508096	0.437	1.461	2.5820643375964187	0.41196705943117234	True	Both	Congenital malformations of nervous system	Congenital
BI_160.2	73	5945	0.12370557945748344	0.9076107120689276	0.246	0.37877847775097206	-0.103	0.861	1.4604994667793076	0.1645014027509608	True	Both	Megaloblastic anemia	Blood/Immune
ID_002	291	5558	0.000665633502149285	3.176764827594127	0.125	0.42431021723721635	0.18	0.669	1.5285356983638816	0.1842755859612931	True	Both	Staphylococcus	Infections
EM_236.11	1039	4829	3.381139690602304e-6	5.4709368861391345	0.073	0.3403747719252982	0.197	0.484	1.4054742241546307	0.14782288522623485	True	Both	Morbid obesity	Endocrine/Metab
GI_554.12	95	5936	0.7414972519382605	0.12989045417067796	0.23	-0.07589338674355792	-0.527	0.375	0.9269150227207497	-0.03296007907567658	True	Both	Chronic pancreatitis	Gastrointestinal
CM_766	68	5961	7.537748982574871e-6	5.122758329250138	0.247	1.1056856631407488	0.622	1.59	3.021295349620665	0.48019318222156493	True	Both	Congenital deformities of feet	Congenital
SO_386.2	82	5907	0.008353666052233573	2.0781228901639155	0.228	0.6013333502672272	0.154	1.048	1.824549943402343	0.2611557558054521	True	Both	Diplopia	Sense organs
GU_581.1	137	5789	0.02620568890178581	1.5816044189680059	0.178	0.3953431196477775	0.047	0.744	1.4848935996907504	0.17169533532144682	True	Both	Acute pyelonephritis	Genitourinary
EM_256.5	766	4825	0.19144905702115533	0.717946768420589	0.084	0.10937145762639429	-0.055	0.273	1.1155766628461559	0.0474994205248584	True	Both	Hypokalemia [Hypopotassemia]	Endocrine/Metab
GI_542.4	81	5966	0.2506007512002585	0.6010176314997375	0.265	-0.30446666534988764	-0.824	0.215	0.7375166126830806	-0.1322281926849402	True	Both	Portal hypertension	Gastrointestinal
GI_502.3	290	5448	6.858237140290079e-7	6.163787502169623	0.123	0.608827990277327	0.369	0.849	1.838275658809218	0.26441063660568975	True	Both	Diseases of pulp and periapical tissues	Gastrointestinal
NS_336.4	550	5273	1.664068675565965e-19	18.778828754485264	0.094	0.8492778448354618	0.665	1.034	2.3379578737942186	0.36883668161472716	True	Both	Mononeuritis of upper limb	Neurological
NS_348	156	5820	3.75285967537532e-7	6.425637674155934	0.166	0.8416589509934691	0.517	1.166	2.320212905299893	0.36552783806094313	True	Both	Other diseases of spinal cord	Neurological
EM_215.1	101	2492	3.684114859161864e-11	10.433666838322477	0.211	1.3988798515850784	0.984	1.813	4.050660084175506	0.6075258003890395	True	Male	Testicular hypofunction	Endocrine/Metab
EM_202	1206	4626	0.4507570315439836	0.3460574898148055	0.074	-0.055883425091955805	-0.201	0.089	0.9456493684532655	-0.024269863147290106	True	Both	Diabetes mellitus	Endocrine/Metab
EM_214.1	56	3368	0.06398114535937052	1.1939479896535674	0.276	0.5112921591256221	-0.03	1.052	1.6674444070069638	0.22205136334865702	True	Female	Ovarian failure	Endocrine/Metab
DE_683.1	176	5768	0.000023122869012401793	4.63595828102349	0.156	0.6595200771374315	0.354	0.965	1.9338640061072343	0.2864259302051935	True	Both	Ingrowing nail	Dermatological
GI_546.3	119	5789	0.7298583163645942	0.13676143904821844	0.204	-0.0703405145506491	-0.47	0.329	0.9320763802928058	-0.030548497323582304	True	Both	Hepatomegaly	Gastrointestinal
GI_502.11	504	5259	3.655499858738916e-15	14.437053228542226	0.095	0.7461906221170692	0.56	0.932	2.1089509043599506	0.32406646963339775	True	Both	Dental caries	Gastrointestinal
MB_309	336	5401	9.79564087628384e-14	13.008967145179335	0.114	0.8502299760586756	0.626	1.074	2.3401849765632092	0.3692501869510167	True	Both	Signs and symptoms involving emotional state	Mental
GU_608	135	2366	0.0011939880307104834	2.923000026826787	0.183	0.5932688501344457	0.234	0.952	1.8098950318344988	0.2576533878984771	True	Male	Other disorders of male genital organs	Genitourinary
BI_164.3	183	5642	0.8358404678598631	0.07787660598160884	0.165	-0.034253253886465766	-0.358	0.29	0.9663267476415486	-0.014875999150123184	True	Both	Acute posthemorrhagic anemia	Blood/Immune
CA_106.1	91	3335	0.46783903141388117	0.3299035481947993	0.238	-0.17282398993566062	-0.639	0.294	0.8412856765601241	-0.07505650516956053	True	Female	Malignant neoplasm of external female genital organs and cervix	Neoplasms
CV_424.3	167	5839	0.27056114022802935	0.5677345794916846	0.173	0.19049143266938756	-0.148	0.529	1.2098440084594648	0.08272937805815986	True	Both	Diastolic heart failure	Cardiovascular
MS_714.6	144	5811	0.002276336024575993	2.642763628547833	0.177	0.5408508687933036	0.193	0.888	1.717467580224557	0.2348885478495114	True	Both	Spondylolisthesis	Muscloskeletal
CA_106.13	77	3350	0.8260870287351567	0.0829741971003739	0.252	-0.055374831108260913	-0.549	0.439	0.9461304423580227	-0.024048983586642234	True	Female	Malignant neoplasm of the cervix	Neoplasms
GI_529.7	97	5907	0.00008825819392833968	4.054244963983562	0.207	0.8118123003082633	0.406	1.218	2.25198556479567	0.35256560236506435	True	Both	Fecal incontinence and encopresis	Gastrointestinal
DE_686.2	218	5723	0.9229937940617217	0.03480121903238716	0.154	0.014859914681324898	-0.286	0.316	1.0149708721383428	0.00645357894765252	True	Both	Non-pressure chronic ulcer	Dermatological
MS_724.51	55	5936	0.04728899913770222	1.3252398776439707	0.279	0.5544206841175234	0.007	1.102	1.7409321429425213	0.24078184376526626	True	Both	Calcaneal spur	Muscloskeletal
CV_440.1	440	5405	0.0000360365244691175	4.443257101063358	0.103	0.4264536958333394	0.224	0.629	1.5318155958559796	0.18520648688766705	True	Both	Venous thromboembolism	Cardiovascular
ID_016	70	5935	0.00003180533684662314	4.497500000500748	0.245	1.0190459794146052	0.539	1.499	2.770550340689857	0.4425660456654578	True	Both	Chlamydia	Infections
GU_586	313	5502	0.0015813883238139843	2.800961472141449	0.125	0.39623715342581767	0.15	0.642	1.486221738337611	0.1720836092578848	True	Both	Other disorders of the kidney and ureters	Genitourinary
CV_418.1	399	5285	4.72720002217122e-7	6.325396020991489	0.109	0.5471580926448371	0.334	0.76	1.7283342659966183	0.23762774036436096	True	Both	Abnormal electrocardiogram [ECG] [EKG]	Cardiovascular
CV_438.12	59	5974	0.04267306925139825	1.3698461194793734	0.278	0.5629017781229274	0.019	1.107	1.7557599412004086	0.24446513609231596	True	Both	Thoracic aneurysm	Cardiovascular
BI_164.2	134	5840	0.032240247368965566	1.491601634653405	0.182	0.39046494457464226	0.033	0.748	1.477667667756376	0.16957677080542619	True	Both	Macrocytic anemia	Blood/Immune
CV_404	672	5144	0.2566704625538905	0.5906241067393164	0.105	-0.11899303188705244	-0.325	0.087	0.8878139871285351	-0.05167801713348458	True	Both	Ischemic heart disease	Cardiovascular
RE_466	231	5664	1.4516997905833808e-8	7.838123185821358	0.136	0.7689135757328968	0.503	1.035	2.157421105459226	0.3339349230012951	True	Both	Tonsillitis and adenoiditis	Respiratory
MB_309.7	77	5809	7.758701717668558e-6	5.110210944208816	0.233	1.0416101093103354	0.585	1.498	2.8337760322810137	0.4523655227681216	True	Both	Restlessness and agitation*	Mental
CM_771.1	55	5949	0.003710612133980619	2.430554439581551	0.273	0.7929361979163955	0.257	1.329	2.209875541579316	0.34436781525643534	True	Both	Congenital malformation of the skin	Congenital
DE_667	84	5813	0.0007490098188699339	3.1255124890387442	0.222	0.7474708680337241	0.313	1.182	2.111652609197962	0.32462247337048017	True	Both	Erythematous conditions	Dermatological
GU_626.1	843	2305	3.8158067109005016e-20	19.418413632530672	0.084	0.7757692225850565	0.61	0.941	2.1722624380086626	0.3369122925990656	True	Female	Irregular menstrual cycle/bleeding	Genitourinary
CA_110	54	6006	0.05937664440113136	1.2263843496711064	0.28	0.5283540565873504	-0.021	1.078	1.6961382622285535	0.22946125126708466	True	Both	Malignant neoplasm of the endocrine glands	Neoplasms
MS_716.3	371	5440	5.35219320269602e-9	8.271468217857885	0.111	0.6487832894399215	0.431	0.867	1.9132115875526625	0.28176300255479814	True	Both	Spinal disc displacement (herniation)	Muscloskeletal
MS_715.4	542	5295	3.199629697050037e-9	8.494900281003083	0.099	0.5876967319795369	0.393	0.782	1.7998381280182714	0.2552334477312872	True	Both	Spinal stenosis	Muscloskeletal
MS_713.32	279	5438	9.393577782230117e-16	15.027168964162192	0.125	1.0020648790986098	0.758	1.247	2.7239005507855167	0.43519124750157545	True	Both	Pain in elbow	Muscloskeletal
MB_286	3653	2053	1.2861019752214e-122	121.89072459477096	0.079	1.8631984502162466	1.708	2.018	6.444315666436768	0.8091768056196066	True	Both	Mood [affective] disorders	Mental
GI_523	395	5334	0.053553820373464095	1.2712095424244172	0.121	0.23325874750288852	-0.004	0.47	1.2627081596447656	0.1013029868961684	True	Both	Diverticular disease [Bowel diverticulosis]	Gastrointestinal
MS_713.36	822	4856	1.8323200060723988e-25	24.736998676555242	0.081	0.8456561762916428	0.687	1.005	2.329505879704855	0.367263810950864	True	Both	Pain in hip	Muscloskeletal
CV_436	634	5208	0.630241613088633	0.2004929249669663	0.109	-0.05239691676810849	-0.266	0.161	0.9489521370673186	-0.022755691821133482	True	Both	Atherosclerosis [ASCVD]	Cardiovascular
RE_479.32	88	5953	0.009984234115766358	2.000685243968404	0.294	-0.758471676293986	-1.335	-0.181	0.4683817191565575	-0.3294000636943876	True	Both	Chronic respiratory failure	Respiratory
MS_706	191	5759	0.000027339451589581522	4.563210201326621	0.151	0.634184538653228	0.338	0.931	1.8854839750847239	0.27542284564545644	True	Both	Inflammatory spondylopathies	Muscloskeletal
NS_324	435	5252	9.981429584564998e-19	18.000807252678094	0.103	0.909829899816863	0.708	1.112	2.4838999856056625	0.395134104961052	True	Both	Extrapyramidal and movement disorders	Neurological
GU_588.1	64	5989	0.7512507616730069	0.12421507466944871	0.277	0.08787804195072967	-0.455	0.631	1.0918549534076663	0.0381649486996644	True	Both	Disorders resulting from impaired renal function	Genitourinary
MB_299	497	5189	4.198464440185689e-43	42.376909520814834	0.097	1.3299487955859461	1.141	1.519	3.7808497864142674	0.5775894231368522	True	Both	Mental disorder, not otherwise specified	Mental
GU_618.3	74	3333	0.00010504838147847919	3.978610634551511	0.247	0.9569256661376757	0.473	1.44	2.6036795761404803	0.415587536395186	True	Female	Atrophic vaginitis	Genitourinary
ID_015	91	5926	0.3571092737496523	0.4471988714930074	0.224	0.20626851943064248	-0.233	0.645	1.2290831924082166	0.08958127977908172	True	Both	Clostridium	Infections
ID_059.1	373	5267	0.00003804776680287166	4.419670828871127	0.111	0.45575937817964796	0.239	0.673	1.5773707492777693	0.1979337830190784	True	Both	Sars-CoV-2*	Infections
GI_529.5	1047	4377	6.777905775709452e-31	30.168904472880445	0.072	0.8329066765470667	0.692	0.974	2.2999943733143966	0.3617267735647677	True	Both	Constipation	Gastrointestinal
SO_387	781	5130	1.5866127217159173e-25	24.799529067792893	0.082	0.853442822610692	0.693	1.014	2.347715722884481	0.3706455084797593	True	Both	Disorders of refraction and accommodation	Sense organs
NS_325	450	5353	2.712302308700399e-11	10.566661906367141	0.105	0.6979569358324745	0.493	0.903	2.0096426814246993	0.30311884583814575	True	Both	Abnormality of gait and mobility	Neurological
DE_686.1	71	5964	0.1424125949166197	0.8464516001591149	0.293	-0.43008311425999785	-1.005	0.145	0.6504550303880765	-0.18678272328288278	True	Both	Pressure ulcer	Dermatological
BI_179.9	78	5939	0.5715358359883718	0.24295653362552871	0.258	-0.14577734090275618	-0.651	0.359	0.8643501371815051	-0.06331029474059623	True	Both	Immunodeficiency NOS	Blood/Immune
DE_684	235	5658	6.24840802060001e-10	9.204230618805957	0.136	0.838406700411802	0.573	1.104	2.312679248838717	0.3641154035795584	True	Both	Diseases of hair and hair follicles	Dermatological
EM_236	2346	3363	2.8335487657631805e-21	20.547669308690526	0.06	0.5685219488254912	0.451	0.686	1.7656553927995344	0.24690594521579382	True	Both	Overweight and obesity	Endocrine/Metab
GU_594.32	157	5822	0.00423964313790606	2.37267069759611	0.17	0.4872358466995111	0.153	0.821	1.627810477838379	0.21160383960705637	True	Both	Stress incontinence	Genitourinary
GU_596.2	101	5924	0.0009172211660657007	3.037525931919122	0.205	0.6804519842455805	0.278	1.083	1.9747700955200003	0.29551654195797405	True	Both	Overactive bladder	Genitourinary
MB_289	153	5850	5.303674966884703e-21	20.275423099311766	0.178	1.6740342390007354	1.325	2.023	5.333641637865759	0.7270238325151288	True	Both	Obsessive-compulsive disorder	Mental
GI_520.11	146	5863	0.1583745461814876	0.8003146165672748	0.185	0.26048464450205205	-0.101	0.622	1.2975587890380886	0.11312704372777145	True	Both	Inguinal hernia	Gastrointestinal
GU_594.31	135	5874	2.2360512311389874e-6	5.650518250362502	0.178	0.8427062021848469	0.494	1.192	2.3226440238029014	0.3659826534745251	True	Both	Urge incontinence	Genitourinary
MS_718.1	1007	4728	3.0979673344869933e-35	34.50892316583015	0.076	0.9419085725087255	0.793	1.091	2.5648719940117384	0.40906569549790844	True	Both	Radiculopathy	Muscloskeletal
MS_713.31	1230	4316	1.2260463643627286e-31	30.91149310615842	0.071	0.8339520384026563	0.694	0.974	2.3023999568338915	0.3621807684502424	True	Both	Pain in shoulder	Muscloskeletal
MS_712.5	66	5986	6.322802819918148e-8	7.19909036168777	0.261	1.4120645562106247	0.9	1.924	4.104420469534045	0.6132518448534384	True	Both	Disorder of ligament	Muscloskeletal
MB_287.1	266	5709	3.01138091665188e-7	6.5212343060824844	0.127	0.6529057973214455	0.403	0.903	1.9211150973486948	0.28355338497934673	True	Both	Schizophrenia	Mental
SS_840.2	141	5679	3.1937887698622497e-9	8.495693810525896	0.172	1.0186199086479786	0.681	1.356	2.769370141624236	0.4423810054826116	True	Both	Allergy to insects	Symptoms
SS_834	416	5483	6.830956924746226e-11	10.165518453269206	0.106	0.6911112798197555	0.483	0.899	1.9959323406000127	0.300145815206814	True	Both	Abnormal cytological findings in specimens from genital organs	Symptoms
MS_741.1	196	5686	1.659444951347432e-8	7.780037149837227	0.148	0.834100165045036	0.544	1.124	2.3027410288692165	0.36224509903365076	True	Both	Sprains and strains of shoulder and upper arm	Muscloskeletal
RE_469.1	541	5008	1.997258570834712e-12	11.699565706477665	0.095	0.6648452564514568	0.48	0.85	1.9441896472532127	0.28873862619642	True	Both	Acute bronchitis	Respiratory
GI_550.2	97	5859	0.13695115323189355	0.8634343063078731	0.213	0.3164507979986985	-0.101	0.733	1.37224872319173	0.13743283536471534	True	Both	Cholecystitis	Gastrointestinal
EM_230	650	4999	0.00002170845655349714	4.663371053290301	0.089	0.3758326628447404	0.202	0.549	1.4562034364413123	0.16322205159247605	True	Both	Malnutrition and underweight	Endocrine/Metab
BI_180	150	5831	0.0010283690779443382	2.987850990644544	0.17	0.55664279756809	0.224	0.889	1.7448049930364111	0.24174689537501032	True	Both	Other disorders involving the immune mechanism	Blood/Immune
DE_670	281	5584	1.848244944719846e-7	6.733240473001825	0.139	0.7260339108937276	0.453	0.999	2.0668669518933838	0.3153125211757832	True	Both	Seborrheic keratosis	Dermatological
GI_502.1	678	5016	4.093980896585558e-24	23.387854188182267	0.084	0.8471137338896226	0.683	1.011	2.332903744389545	0.3678968201727228	True	Both	Diseases of hard tissues of teeth	Gastrointestinal
MB_286.1	1253	4603	4.5647705206679465e-71	70.3405810503559	0.066	1.1836172841474668	1.053	1.314	3.2661675161268464	0.5140384551905581	True	Both	Bipolar disorder	Mental
PP_909	137	3282	0.319209601216659	0.4959240543742381	0.183	0.18256247121688737	-0.177	0.542	1.2002891321341715	0.07928587385211544	True	Female	Diabetes mellitus or abnormal glucose in pregnancy, childbirth, and the puerperium	Pregnancy
MS_724.1	945	4634	1.6242164902567168e-29	28.789356084542106	0.077	0.8674721013851386	0.717	1.018	2.3808846049656607	0.37673834683658397	True	Both	Myalgia	Muscloskeletal
CV_439	537	5036	2.2707341516527146e-8	7.643833708241107	0.098	0.5453407566969144	0.354	0.737	1.725196154370219	0.23683848139041375	True	Both	Hemorrhoids	Cardiovascular
MS_723.5	197	5755	4.912650912005385e-9	8.308684095294478	0.147	0.8600049253040203	0.572	1.148	2.3631723330193237	0.3734953934691543	True	Both	Tendinitis	Muscloskeletal
NS_326	75	5979	0.23787580603878478	0.6236497271017561	0.273	-0.32179451529143455	-0.856	0.213	0.7248471200272044	-0.1397535822978016	True	Both	Demyelinating diseases of the central nervous system	Neurological
NS_344	72	5979	0.5642112744646116	0.2485582397176166	0.265	-0.15303011643417513	-0.673	0.367	0.8581038783932708	-0.06646013513237442	True	Both	Disorders of the circulation of the cerebrospinal fluid	Neurological
SO_396.8	312	5588	7.867789580259245e-14	13.104147263566414	0.127	0.9521099308767672	0.702	1.202	2.591171087556327	0.41349608914506647	True	Both	Bilateral hearing loss	Sense organs
RE_474.1	241	5698	0.15488894430272587	0.8099795803019585	0.151	0.2151615868200279	-0.081	0.512	1.2400622584947216	0.09344348987348558	True	Both	Emphysema	Respiratory
EM_230.22	84	5922	0.7223766058762211	0.14123632706799866	0.236	0.08383419163032829	-0.379	0.546	1.0874485707850823	0.036408726819871354	True	Both	Underweight	Endocrine/Metab
MB_308.3	200	5718	4.387629687681619e-8	7.357770033645867	0.145	0.7948591832775093	0.51	1.079	2.214129188435187	0.3452029571875478	True	Both	Hallucinations	Mental
EM_202.1	151	5864	0.4857226126452002	0.31361167762963604	0.183	-0.12757541698110275	-0.486	0.231	0.880227029265683	-0.05540529962139936	True	Both	Type 1 diabetes	Endocrine/Metab
SS_806	57	5819	0.009463259420574537	2.0239592542362828	0.268	0.6942644576895945	0.17	1.219	2.002235803032515	0.3015152229561446	True	Both	Chills (without fever)	Symptoms
RE_471.2	186	5763	0.000015779835850241366	4.801897518851895	0.152	0.6558444799947623	0.358	0.954	1.9267689483669135	0.28482963864843286	True	Both	Deviated nasal septum	Respiratory
CV_436.3	50	5943	0.5186548414700528	0.28512156375528874	0.315	0.20356455987960176	-0.415	0.822	1.2257642902817834	0.08840696506677513	True	Both	Atherosclerosis of aorta	Cardiovascular
CA_101	142	5858	0.4745711275641842	0.323698687359684	0.188	0.13414643485593927	-0.234	0.502	1.1435602644670535	0.05825905642492844	True	Both	Malignant neoplasm of the digestive organs	Neoplasms
MS_709.21	165	5823	6.856614173554087e-6	5.1638902878994735	0.162	0.7289407720639476	0.411	1.047	2.072883787996696	0.3165749549416685	True	Both	Hallux valgus (Bunion)	Muscloskeletal
SS_840.8	1026	4560	2.7093068253675366e-45	44.567141808913526	0.073	1.0338549130868795	0.89	1.177	2.811884539227828	0.44899748384219784	True	Both	Allergies related to other diseases/symptoms	Symptoms
SO_391.1	464	5204	2.852729598800374e-14	13.54473939178993	0.099	0.7516014386778332	0.558	0.945	2.120392978405241	0.32641635740832825	True	Both	Otitis media	Sense organs
GU_612.22	83	5938	0.0012446749542442156	2.904944049378792	0.222	0.7181713962272104	0.282	1.154	2.050679899029707	0.3118978744422313	True	Both	Hypertrophy of breast (Gynecomastia)	Genitourinary
CV_424.2	191	5833	0.03943545086885129	1.4041131894839605	0.181	-0.3723665963008125	-0.727	-0.018	0.6891015741254436	-0.16171675801853866	True	Both	Systolic heart failure	Cardiovascular
MS_716.2	619	5130	2.7618291115244907e-16	15.55880319694419	0.092	0.7536262699147996	0.573	0.934	2.1246907660214784	0.32729573044132815	True	Both	Degenerative disc disease	Muscloskeletal
CV_449	93	5868	0.7703283409791549	0.11332412381289894	0.227	0.06615842016021543	-0.378	0.51	1.0683959592189958	0.028732236807018405	True	Both	Other disorders of the circulatory system	Cardiovascular
GU_592.1	341	5420	9.452198689910786e-8	7.024467157858021	0.116	0.6174677598471928	0.391	0.844	1.854226744536662	0.2681628408547981	True	Both	Cystitis	Genitourinary
ID_086	79	5873	0.006153859678547668	2.210852410839166	0.229	0.6273003970283932	0.178	1.076	1.8725486118903638	0.2724331009251502	True	Both	Pediculosis, acariasis and other infestations	Infections
SO_397.1	272	5609	2.413942659920747e-13	12.61727305021869	0.128	0.9380914590530837	0.687	1.189	2.5551002484070278	0.4074079441873245	True	Both	Tinnitus	Sense organs
PP_900	75	3314	0.23912588634938714	0.6213734071959724	0.242	0.28445427039017185	-0.189	0.758	1.3290365355880869	0.12353691998426719	True	Female	Spontaneous abortion or history of recurrent pregnancy loss	Pregnancy
ID_089.2	2276	2943	2.306364426031877e-35	34.63707206923986	0.061	0.7611970037711054	0.641	0.881	2.1408372776881825	0.3305836583790799	True	Both	Viral infections	Infections
GI_540.3	566	5390	3.9263021930455355e-9	8.406016277399932	0.091	0.5371369783284363	0.358	0.716	1.7111009236052284	0.23327562571422644	True	Both	Viral hepatitits	Gastrointestinal
EM_232	1171	4579	2.544585702021256e-27	26.59438291744224	0.072	0.7759819358508317	0.636	0.916	2.1727245561935637	0.33700467279661933	True	Both	Vitamin deficiencies	Endocrine/Metab
GI_518	82	5961	0.847901121620726	0.07165479024124724	0.24	0.04595649935740709	-0.424	0.516	1.0470288635378961	0.019958654078512238	True	Both	Appendicitis	Gastrointestinal
GI_557.8	314	5493	0.000010656456945091316	4.97238716538127	0.119	0.5239259175275898	0.291	0.757	1.6886441309122913	0.22753813490833044	True	Both	Hemorrhage of rectum and anus	Gastrointestinal
DE_668.2	151	5798	5.2652753425551034e-11	10.278578912868692	0.169	1.1061867076503225	0.776	1.437	3.0228095323721926	0.4804107830872607	True	Both	Seborrheic dermatitis	Dermatological
EM_230.1	287	5628	0.6605168428895307	0.18011610358962063	0.135	-0.05907633639925484	-0.323	0.205	0.9426348090634113	-0.025656526909256575	True	Both	Protein-calorie malnutrition	Endocrine/Metab
MS_714.3	182	5785	0.0006975797883370212	3.156406111132921	0.153	0.5201712712134637	0.219	0.821	1.6823157572870937	0.22590751273260712	True	Both	Scoliosis	Muscloskeletal
CV_413.3	105	5837	0.051164499663768744	1.2910312684699183	0.206	0.4011062169435296	-0.002	0.804	1.4934758925200702	0.1741982166756635	True	Both	Tricuspid valve disorders	Cardiovascular
SO_390.1	243	5551	3.989618122664748e-8	7.399068672021641	0.133	0.7285473828756391	0.469	0.989	2.0720684982994686	0.31640410818794573	True	Both	Otitis externa	Sense organs
GI_512	540	5251	8.363559723648486e-9	8.077608837478317	0.096	0.5517465004910086	0.364	0.739	1.7362827900933493	0.2396204605726749	True	Both	Aphagia and dysphagia	Gastrointestinal
CA_116	88	5948	0.0636003580127455	1.1965404396578407	0.273	-0.5067386108999156	-1.042	0.029	0.6024572256556895	-0.22007378248115234	True	Both	Secondary malignant neoplasm	Neoplasms
ID_015.2	86	5935	0.3995844969003842	0.39839136989857216	0.231	0.1944799506813536	-0.258	0.647	1.214679129151993	0.08446156942172846	True	Both	Clostridium difficile	Infections
GI_557.1	136	5811	0.01630721783124797	1.7876201274700265	0.178	0.4264238986530648	0.078	0.774	1.5317699527505437	0.1851935461366975	True	Both	Hematemesis	Gastrointestinal
NS_329.1	220	5668	8.065402227903502e-22	21.09337396913019	0.144	1.3799921262537636	1.098	1.662	3.974870330251232	0.5993229655019452	True	Both	Memory loss	Neurological
CV_425	133	5737	0.03004644608982832	1.5222068892137481	0.184	0.39948569007079204	0.039	0.76	1.4910576346575986	0.17349443079705767	True	Both	Cardiomegaly	Cardiovascular
DE_672.1	54	5915	0.0007340808249521369	3.1342561200591024	0.276	0.930761122207946	0.39	1.471	2.536438983154946	0.4042244193449892	True	Both	Acute skin changes due to ultraviolet radiation	Dermatological
MS_730.1	131	5924	2.4014691414816507e-9	8.61952298960813	0.179	1.0666329867037274	0.716	1.417	2.9055798854111674	0.46323282034141333	True	Both	Segmental and somatic dysfunction	Muscloskeletal
MB_308.32	73	5911	0.0003109720380100227	3.507278660117549	0.237	0.8555938588244336	0.391	1.321	2.3527711797100492	0.3715796916377614	True	Both	Auditory hallucinations*	Mental
EM_247.8	690	5094	4.051030737026279e-12	11.392434461612694	0.085	0.5898510190011529	0.423	0.757	1.8037196754208946	0.25616904269721086	True	Both	Mineral deficiencies	Endocrine/Metab
CV_404.1	274	5680	0.05737090338387877	1.2413083114990362	0.152	-0.28934312120551064	-0.588	0.009	0.74875524751818	-0.125660120916217	True	Both	Myocardial infarction [Heart attack]	Cardiovascular
CV_413.1	165	5736	0.09180485182610774	1.0371343660141739	0.17	0.2858543156444294	-0.046	0.618	1.330898550030565	0.12414495191260609	True	Both	Mitral valve disorders	Cardiovascular
CA_105.1	90	3349	0.236560843200188	0.6260571404749378	0.23	0.2718471132500079	-0.178	0.722	1.3123863394900537	0.11806170120580682	True	Female	Malignant neoplasm of the breast, female	Neoplasms
NS_351.3	441	5162	2.881726413189403e-14	13.540347252835753	0.102	0.7747467110690398	0.575	0.974	2.170042409845595	0.33646822148997696	True	Both	Paresthesia of skin*	Neurological
GI_529	2130	3143	7.432184872109594e-40	39.1288834960087	0.062	0.8257744720835123	0.703	0.948	2.283648702800695	0.35862929652244024	True	Both	Symptoms involving digestive system	Gastrointestinal
CV_423.1	138	5816	0.006242310115933811	2.204654659526297	0.178	0.48647126703058735	0.138	0.835	1.6265663627153346	0.2112717868758674	True	Both	Cardiac murmurs	Cardiovascular
GI_527.2	59	5909	0.29572830944538764	0.5291070993919443	0.272	0.2839199995170662	-0.248	0.816	1.3283266597277126	0.12330488909223572	True	Both	Abdominal tenderness	Gastrointestinal
GU_581.3	227	5710	0.44355519520730335	0.353052329648613	0.146	0.1121902534635541	-0.175	0.399	1.118725681835155	0.0487236080025487	True	Both	Obstructive and reflux uropathy	Genitourinary
NS_355.21	64	5894	0.011363836397301675	1.9444750273479545	0.253	0.6416126013595147	0.145	1.138	1.8995416141585226	0.2786488122900281	True	Both	Transient alteration of awareness	Neurological
GI_550.1	377	5535	0.02604022592576394	1.5843552521358364	0.113	0.2510648442337537	0.03	0.472	1.2853934319810276	0.10903607645061865	True	Both	Gallstones [Cholelithiasis]	Gastrointestinal
MS_745.2	54	6011	0.9332085902460187	0.03002127215081671	0.3	-0.02516321345040787	-0.614	0.563	0.975150741322127	-0.01092824474846581	True	Both	Fracture of pelvis	Muscloskeletal
GI_540.2	83	5949	4.843735093123259e-6	5.314819616714109	0.223	1.0209628521356955	0.583	1.459	2.775866226370733	0.44339853291073816	True	Both	Acute hepatitis	Gastrointestinal
MS_723.2	136	5837	0.0013390514131560124	2.873202747841393	0.185	0.5922100978738497	0.23	0.954	1.8079798154268594	0.2571935776339976	True	Both	Rotator cuff tear or rupture	Muscloskeletal
GU_582.21	83	5980	0.21333610513060275	0.6709356380712178	0.264	-0.32861058504206625	-0.846	0.189	0.719923311074029	-0.14271376377876863	True	Both	End stage renal disease [CDK, stage 5]	Genitourinary
MB_298	73	5967	2.331288695582686e-11	10.632403942208711	0.258	1.7246211492980803	1.219	2.23	5.6103951248872095	0.7489934485138006	True	Both	Impulse disorders	Mental
CA_139.6	138	5807	0.005873040412360848	2.2311370107686668	0.181	0.4997548958726331	0.144	0.855	1.648317211832073	0.2170407935816188	True	Both	Hemangioma and lymphangioma	Neoplasms
MS_700.1	96	5958	0.009176864400890624	2.0373056854668516	0.21	0.5459357628103539	0.135	0.957	1.7262229620770895	0.2370968892621792	True	Both	Lupus	Muscloskeletal
SS_840	1843	3569	5.782975106942257e-53	52.237848677131105	0.064	0.9728264450594182	0.848	1.097	2.645411011367111	0.4224931569388623	True	Both	Allergy	Symptoms
CA_102.1	71	5991	0.6835780399756095	0.16521189748817044	0.286	-0.11646863032550496	-0.677	0.444	0.890058017369035	-0.050581683465196536	True	Both	Malignant neoplasm of the of bronchus and lung	Neoplasms
CA_135	88	5931	0.015500944589098967	1.8096418361952633	0.222	0.5367251057626167	0.102	0.971	1.7103963131922568	0.23309675173164365	True	Both	Benign neoplasm of the head and neck	Neoplasms
GI_542.1	189	5820	0.9780289447113244	0.00964829210156564	0.165	-0.004546816074308813	-0.328	0.319	0.9954635050452286	-0.0019746571313013347	True	Both	Fibrosis and cirrhosis of liver	Gastrointestinal
MB_282	5007	82	0.6906657984619856	0.16073204957803913	0.243	0.09657476539349734	-0.379	0.572	1.101391924066153	0.041941887701497	True	Both	Nicotine dependence (current and history of)	Mental
SO_363	300	5587	2.093322585389275e-11	10.67916384081596	0.125	0.8392527421708703	0.594	1.085	2.314636699984511	0.3644828348469815	True	Both	Disorders of lacrimal system	Sense organs
DE_660.2	59	5909	0.00005109996746018748	4.2915793764184285	0.265	1.071501640102789	0.553	1.59	2.919760639373057	0.46534724964692536	True	Both	Bacterial infection of the skin	Dermatological
CA_139.5	122	5834	0.004198047092955593	2.3769526938870067	0.189	0.5404190932252372	0.17	0.91	1.7167261797552926	0.23470103010287952	True	Both	Lipoma	Neoplasms
CV_444	317	5594	0.000024645037242320483	4.6082705212251405	0.122	0.5131708467563675	0.275	0.752	1.670579958628151	0.22286726701990964	True	Both	Venous insufficiency	Cardiovascular
BI_171	582	4946	0.03075869526518448	1.5120320905594402	0.093	0.1998763770745712	0.019	0.381	1.2212517741108164	0.08680520762629988	True	Both	Elevated white blood cell count [Leukocytosis]	Blood/Immune
MS_734.6	141	5803	1.4213920004992494e-9	8.847286133067511	0.172	1.043549869465301	0.706	1.381	2.839278212846602	0.453207949899639	True	Both	Temporomandibular joint disorders	Muscloskeletal
RE_487.1	105	5850	0.044321634538553825	1.3533842316283509	0.204	0.4106929101506894	0.01	0.811	1.5078622362650114	0.17836166463523243	True	Both	Epistaxis	Respiratory
RE_475	1550	4195	7.819383459578059e-31	30.1068274887124	0.064	0.7334592148799534	0.609	0.858	2.082271187098657	0.3185372897234552	True	Both	Asthma	Respiratory
CA_138.1	83	5883	0.36027593787791323	0.44336474258408276	0.242	0.2211342962798078	-0.253	0.695	1.2474909527090554	0.09603740463387933	True	Both	Nevus, non-neoplastic	Neoplasms
GU_617	63	3316	0.1399860270414177	0.8539153120479133	0.26	0.38439847290598733	-0.126	0.895	1.4687305744345802	0.16694213563510693	True	Female	Noninflammatory disorders of cervix	Genitourinary
NS_333.1	1139	4693	2.5606880423736103e-22	21.591643326540535	0.072	0.7039278372319402	0.562	0.846	2.0216779546821737	0.30571197536792205	True	Both	Sleep apnea	Neurological
BI_160	719	5066	1.5767798919610988e-10	9.80222892707591	0.084	0.5360272916035248	0.372	0.7	1.70920319076453	0.2327936948929561	True	Both	Deficiency anemias	Blood/Immune
RE_466.1	103	5831	2.9877044142652568e-6	5.524662371248695	0.201	0.9368237408974183	0.544	1.33	2.5518631537279557	0.40685738118771053	True	Both	Acute tonsillitis and adenoiditis	Respiratory
SO_396.9	113	5833	1.8846287732622319e-6	5.724774182647108	0.192	0.9146918435410784	0.538	1.291	2.496005973019754	0.3972456202918029	True	Both	Unilateral hearing loss	Sense organs
GI_514.2	165	5782	0.021749056299011166	1.6625595825265185	0.165	0.3789137128200383	0.055	0.703	1.4606969908813605	0.1645601345952161	True	Both	Intestinal obstruction	Gastrointestinal
GU_594.6	170	5721	1.1064661476123198e-7	6.956061868795078	0.158	0.8382791236625786	0.529	1.148	2.312384223557737	0.36405999770135156	True	Both	Urinary urgency	Genitourinary
EM_200.3	138	5864	0.9023181064985845	0.04464032771100165	0.188	0.023108504812447764	-0.346	0.392	1.023377574915002	0.01003589612508079	True	Both	Thyrotoxicosis [hyperthyroidism]	Endocrine/Metab
RE_463	1234	4225	4.522705312142978e-45	44.34460170884474	0.069	0.9775008415440559	0.842	1.113	2.657805657475608	0.42452322153836847	True	Both	Rhinitis and nasal congestion	Respiratory
CV_411	75	5942	0.6206103339430304	0.20718099714200935	0.25	0.1238592970418253	-0.367	0.614	1.131856604222341	0.053791409237680526	True	Both	Other diseases of pericardium	Cardiovascular
EM_200	1015	4804	1.85699643048406e-10	9.731188931059663	0.077	0.48817569625036217	0.338	0.638	1.6293410939466089	0.21201201108081028	True	Both	Disorders of thyroid gland	Endocrine/Metab
MB_287.4	93	5905	3.0711982478734636e-9	8.512692148656704	0.215	1.273528284814065	0.852	1.695	3.5734384546260936	0.5530863066424613	True	Both	Delusional disorders	Mental
DE_674	234	5630	1.962879198818469e-6	5.70710642729805	0.139	0.6613720562340815	0.389	0.934	1.9374488002796433	0.2872302345074687	True	Both	Disorders of pigmentation	Dermatological
GU_614	757	2295	8.837873453582832e-18	17.05365222123991	0.088	0.7548453509591251	0.583	0.927	2.1272825157148705	0.3278251706118715	True	Female	Inflammatory diseases of female pelvic organs	Genitourinary
BI_181	1073	4698	3.7460354402960935e-11	10.426428118190834	0.072	0.4743074306783231	0.334	0.615	1.6069009217385966	0.20598909986930486	True	Both	Autoimmune disease	Blood/Immune
BI_175	64	5973	0.020346607134047283	1.691508000483483	0.257	0.5951922183732665	0.092	1.098	1.8133794763150706	0.2584886961112649	True	Both	Polycythemias	Blood/Immune
MB_280.51	931	4837	2.436500998809705e-13	12.613233406249666	0.075	0.5503192887847044	0.403	0.698	1.7338065144749828	0.23900063040411926	True	Both	Stimulant abuse or dependance	Mental
BI_179	144	5860	0.6660677659914838	0.17648158329369082	0.189	-0.08159432239896419	-0.452	0.289	0.9216457739135577	-0.03543596397250504	True	Both	Immunodeficiencies	Blood/Immune
MS_734	278	5519	7.422911738171887e-17	16.129425703377372	0.125	1.0391761080839843	0.795	1.283	2.826887005294395	0.45130844946657156	True	Both	Diseases of the jaws	Muscloskeletal
RE_468.4	90	5846	0.0010445876789859968	2.981055101014773	0.215	0.7041707603810845	0.283	1.125	2.0221691267135937	0.30581747555112204	True	Both	Personal history of pneumonia (recurrent)	Respiratory
MS_708.11	67	5956	0.07210416950724638	1.1420396209722115	0.264	0.47442017871730385	-0.043	0.991	1.6070821068803018	0.20603806572047964	True	Both	Generalized osteoarthritis	Muscloskeletal
CV_401.6	85	5942	0.05272106153527421	1.2780158538337998	0.228	0.4414574383285697	-0.005	0.888	1.5549718433993347	0.1917225294612429	True	Both	Secondary hypertension	Cardiovascular
CV_440.13	93	5877	0.000032730428975030485	4.485048302658151	0.211	0.8743935014898615	0.462	1.287	2.3974208207877914	0.37974427270910965	True	Both	Phlebitis and thrombophlebitis	Cardiovascular
GU_612.7	102	3272	0.007834772172099356	2.1059736278920935	0.205	0.5455925535010173	0.143	0.948	1.7256306079430552	0.23694783535299652	True	Female	Other signs and symptoms in breast	Genitourinary
MS_727	512	5249	2.120418162318267e-8	7.67357848450559	0.103	0.5773608827791512	0.375	0.779	1.7813310803273663	0.2507446454577756	True	Both	Other disorders of bone	Muscloskeletal
SO_374.42	85	5950	0.7711066008502871	0.11288557919830955	0.247	-0.07198222217384118	-0.557	0.413	0.9305474387747554	-0.0312614818852331	True	Both	Diabetic retinopathy	Sense organs
GI_550	523	5341	0.0003064893772522591	3.5135845732847977	0.096	0.34752257567308187	0.159	0.536	1.415556267389481	0.15092713695162474	True	Both	Disorders of the gallbladder	Gastrointestinal
RE_474	882	4916	0.031205390177360653	1.5057703828374545	0.089	0.1926674294439768	0.017	0.368	1.2124794914809967	0.08367440145000322	True	Both	Chronic obstructive pulmonary disease [COPD]	Respiratory
GI_514.1	51	5962	0.035371998508506336	1.4513404019693408	0.288	0.6069898703546245	0.042	1.172	1.8348997912725287	0.26361235126618365	True	Both	Esophageal obstruction (Stricture and stenosis of esophagus)	Gastrointestinal
CV_416.4	184	5722	0.1374232086558159	0.8619399154571188	0.164	0.24392852421775407	-0.078	0.566	1.276253106040226	0.1059368120465743	True	Both	Heart block	Cardiovascular
GI_522.1	158	5861	0.03515202603433715	1.4540496387757276	0.167	0.3516639518646893	0.024	0.679	1.421430774288498	0.15272571377912533	True	Both	Inflammatory bowel disease	Gastrointestinal
NS_356	155	5754	0.0011693718777233293	2.9320473547405985	0.168	0.5439833473285154	0.216	0.872	1.7228559456179244	0.23624896599203427	True	Both	Speech disturbance	Neurological
GI_556.3	124	5805	0.1573743498806418	0.8030660509672138	0.191	0.27018264327032704	-0.104	0.645	1.3102037287751382	0.11733883107833776	True	Both	Abdominal or pelvic swelling, mass, or lump	Gastrointestinal
CA_144	260	3052	0.21746673388782478	0.6626071681066042	0.139	0.17125417467813064	-0.101	0.443	1.1867923632556758	0.07437474306560769	True	Female	Gynecological benign neoplasms	Neoplasms
GU_621.1	145	3211	0.000088485705744022	4.0531268809167535	0.171	0.6708229463904598	0.335	1.006	1.9558462151112084	0.2913347039514576	True	Female	Dysplasia of cervix	Genitourinary
GU_605	289	2229	7.138076630428351e-13	12.146418794010852	0.14	1.0018400032976083	0.728	1.275	2.723288080334783	0.43509358518208685	True	Male	Male sexual dysfuction	Genitourinary
EM_247.52	120	5873	0.2583911805323005	0.5877223138639578	0.198	0.2233283475415787	-0.164	0.611	1.2502310166290544	0.09699026898987927	True	Both	Hypercalcemia	Endocrine/Metab
BI_168	331	5463	0.012566073219855914	1.900800414070442	0.12	0.29895793522909236	0.064	0.534	1.3484528999175727	0.1298357815911846	True	Both	Coagulation defects, purpura and other hemorrhagic conditions	Blood/Immune
GI_524.1	368	5542	1.477681016786765e-11	10.830419305860406	0.11	0.7433007900562371	0.527	0.959	2.102865188006143	0.32281143151575126	True	Both	Irritable bowel syndrome	Gastrointestinal
GI_558	174	5690	0.00009754851392452515	4.010779342356541	0.158	0.6166311822212642	0.306	0.927	1.852676188599418	0.2677995198081736	True	Both	Abnormal findings on diagnostic imaging of the digestive tract	Gastrointestinal
SS_826.1	57	5973	0.32036665578063106	0.4943526922259451	0.28	0.278606934423202	-0.271	0.828	1.3212878890001072	0.12099745423997776	True	Both	Nonspecific reaction to test for tuberculosis	Symptoms
MS_710.41	131	5876	6.234232607344653e-6	5.205216997663668	0.178	0.8045523933576395	0.456	1.154	2.2356955626397235	0.3494126648372773	True	Both	Flat foot [pes planus]	Muscloskeletal
GU_623.1	87	3341	0.003857888829066502	2.4136502913677704	0.222	0.6409581763322675	0.206	1.076	1.8982989132575565	0.2783645991118752	True	Female	Uterine/Uterovaginal prolapse	Genitourinary
EM_229	51	5960	0.004804685881873831	2.318335000134489	0.286	0.8069748161572982	0.246	1.368	2.2411179275223216	0.35046470969200566	True	Both	Other endocrine disorders, NOS	Endocrine/Metab
GI_506.5	66	5929	0.0015111908629171077	2.8206806809442675	0.252	0.7988821626581805	0.305	1.292	2.2230545256927083	0.34695011493338385	True	Both	Disturbances of salivary secretion	Gastrointestinal
CV_440	619	5210	0.000019537328666156698	4.70913481752907	0.09	0.38226982803355225	0.207	0.558	1.465607493772397	0.16601767691307673	True	Both	Embolism and thrombosis	Cardiovascular
SO_381	68	5971	0.10190070033043905	0.9918228312183035	0.252	0.4130051376786236	-0.082	0.908	1.511352790758973	0.17936585229151902	True	Both	Strabismus	Sense organs
RE_479.6	246	5516	0.014728739935683813	1.8318344060689256	0.137	0.3345029321179657	0.066	0.603	1.3972456866264578	0.1452727775992905	True	Both	Pulmonary collapse [Atelectasis]	Respiratory
MS_715	1042	4680	1.4813317124921672e-24	23.829347679646215	0.078	0.8014548171559952	0.648	0.955	2.2287810399299883	0.34806740458562835	True	Both	Other non-inflammatory spondylopathy	Muscloskeletal
CV_448.9	168	5798	0.42039669521273226	0.3763407066697601	0.19	-0.15270486924831675	-0.524	0.219	0.8583830196573871	-0.0663188820743015	True	Both	Peripheral vascular disease NOS [includes PAD]	Cardiovascular
CA_106	135	3281	0.8138683256998787	0.08944585315461359	0.193	-0.045383376384312966	-0.423	0.332	0.9556310452211623	-0.019709749933845475	True	Female	Gynecological malignant neoplasms	Neoplasms
SS_809.21	498	5377	3.423697007092524e-16	15.465504676813312	0.097	0.7909210117954107	0.601	0.981	2.2054267151709857	0.3434926310440837	True	Both	Chronic pain syndrome	Symptoms
RE_495.1	343	5537	0.005411164291295024	2.266709280016839	0.124	0.3442494841637069	0.102	0.587	1.410930596441415	0.1495056513703388	True	Both	Solitary pulmonary nodule	Respiratory
PP_927.3	99	3306	0.0007128056678487557	3.147028855680423	0.207	0.7012221294872837	0.295	1.107	2.0162152785182115	0.30453690142477485	True	Female	Other drug use during pregnancy	Pregnancy
SO_362.8	55	5999	0.3864640379925096	0.4128909126849881	0.291	0.2524043635608918	-0.319	0.824	1.2871163950396733	0.10961782230279749	True	Both	Meibomian gland dysfunction of eyelid*	Sense organs
RE_499.1	1736	3475	3.4118211269779514e-36	35.46701374585234	0.065	0.8161941784690333	0.689	0.944	2.2618751427993287	0.3544686278706591	True	Both	Cough	Respiratory
PP_904.1	148	3186	0.04432323654898042	1.3533685342895254	0.174	0.3505987213541938	0.009	0.692	1.4199174290330394	0.15226309004646213	True	Female	Hemorrhage in early pregnancy	Pregnancy
DE_660.11	96	5858	3.3867876056359745e-6	5.4702120382513195	0.208	0.9654330378401378	0.558	1.373	2.625924534990098	0.41928224098106515	True	Both	Candidiasis of skin and nails	Dermatological
MS_723.4	129	5847	4.093617568271657e-7	6.387892732202867	0.181	0.9162893777750322	0.562	1.271	2.4999966147544845	0.3979394205942606	True	Both	Lateral epicondylitis (Tennis elbow)	Muscloskeletal
NS_333.6	339	5598	3.246767116749041e-8	7.488548861216315	0.117	0.6465457496602461	0.417	0.876	1.9089354862759869	0.28079125137544614	True	Both	Sleep related movement disorders	Neurological
GI_526.2	62	5834	0.05915834354982324	1.227983994871946	0.26	0.48980105410102975	-0.019	0.999	1.6319915096385602	0.21271789502647334	True	Both	Viral enteritis	Gastrointestinal
SO_361	80	5927	0.050553524659207934	1.296248559426477	0.24	0.46888927387714596	-0.001	0.939	1.598218024471658	0.20363602426846705	True	Both	Disorders of eyelid function	Sense organs
SO_367.12	107	5844	0.00013002713677920087	3.8859660005887697	0.197	0.7534472477420654	0.368	1.139	2.1243104333091667	0.3272179820995713	True	Both	Allergic conjunctivitis	Sense organs
RE_480.2	71	5895	0.05846085365754896	1.2331348472738932	0.246	0.46522594662567107	-0.017	0.947	1.5923739397618184	0.20204506145774573	True	Both	Chronic pulmonary edema	Respiratory
DE_681	547	4986	3.577088557457979e-11	10.446470307953	0.094	0.6213270986330571	0.437	0.805	1.8613966603974712	0.2698389303932942	True	Both	Localized swelling, mass and lump of skin and subcutaneous tissue	Dermatological
MS_713.35	125	5820	4.71331112440992e-8	7.326673891631259	0.183	1.0008775374350722	0.642	1.36	2.72066826946511	0.43467559156896723	True	Both	Pain in joints of hand	Muscloskeletal
ID_084	111	5848	5.184970648681883e-6	5.285253697741974	0.194	0.8821813549563055	0.503	1.262	2.4161644745173367	0.3831264944954574	True	Both	Parasites	Infections
RE_479.3	454	5391	0.40893414484395085	0.38834662557134325	0.107	0.08814763509251697	-0.121	0.297	1.0921493496967585	0.03828203151350152	True	Both	Respiratory failure	Respiratory
GI_530.1	74	5943	0.011350913734115954	1.9449691769103374	0.236	0.5980943705385553	0.135	1.061	1.8186498234643254	0.2597490847822934	True	Both	Anal fissure	Gastrointestinal
GI_520.14	120	5885	0.11710921393313822	0.9314089341087061	0.194	0.30354239361408414	-0.076	0.683	1.3546490181924413	0.13182678657030159	True	Both	Ventral hernia	Gastrointestinal
NS_334	139	5792	0.007130464007670625	2.146882207958226	0.176	0.4746077338687712	0.129	0.82	1.6073835516761568	0.20611951988781443	True	Both	Disorders of facial and cranial nerves	Neurological
PP_909.1	66	3365	0.3490641439923703	0.45709475979657366	0.28	-0.26257214296288245	-0.812	0.287	0.7690708793152661	-0.1140336327902916	True	Female	Gestational diabetes mellitus*	Pregnancy
SS_809.31	594	4954	1.82049003559709e-13	12.739811693822618	0.09	0.6619561891503238	0.486	0.838	1.938580858501467	0.2874839202096909	True	Both	Pain in arm*	Symptoms
CA_138.2	226	5556	0.0061965253680463205	2.2078517679995278	0.143	0.392176690905392	0.111	0.673	1.4801992260393884	0.17032017279128892	True	Both	Melanocytic nevi*	Neoplasms
RE_462.1	710	4874	3.628981479699887e-28	27.44021524819092	0.084	0.9201020954261591	0.756	1.084	2.509546590086224	0.3995952628312001	True	Both	Acute sinusitis	Respiratory
RE_471	503	5142	7.543396007089949e-17	16.122433092445856	0.096	0.8001179815634651	0.612	0.988	2.2258035167807506	0.34748682426458066	True	Both	Other disorders of nose and nasal sinuses	Respiratory
GU_582.2	492	5522	0.8961198934257728	0.04763388144293055	0.109	-0.014261823025545399	-0.228	0.2	0.9858393950165232	-0.006193831041875105	True	Both	Chronic kidney disease	Genitourinary
MS_721.6	59	5949	0.24037172732326828	0.6191166156608842	0.276	0.32381633922743824	-0.217	0.864	1.3823933923646774	0.14063164927658794	True	Both	Baker's cyst [popliteal cyst]	Muscloskeletal
BI_160.1	628	5184	1.0125499652325177e-9	8.99458353691392	0.088	0.5396248039272966	0.366	0.713	1.715363143917269	0.23435607464374908	True	Both	Iron deficiency anemia	Blood/Immune
NS_331.3	109	5870	0.0005721959656267416	3.2424552085933582	0.195	0.6723908264692117	0.29	1.055	1.9589151526633248	0.2920156256179456	True	Both	Headache syndromes, non migraine	Neurological
NS_346.1	66	5945	5.987486469828296e-8	7.222755454969539	0.258	1.3992219773008827	0.893	1.905	4.052046156248215	0.6076743836995305	True	Both	Postconcussion syndrome	Neurological
RE_494	167	5790	0.00012546301924288387	3.901484265461633	0.162	0.6204012029920325	0.303	0.937	1.8596739989688127	0.2694368190255789	True	Both	Voice disturbance	Respiratory
GI_554	312	5648	0.6282879863550759	0.20184124445337467	0.126	0.061129475935257374	-0.186	0.309	1.0630365429278064	0.026548194080319894	True	Both	Diseases of the pancreas	Gastrointestinal
EM_247.88	682	5106	5.013440827647657e-12	11.299864106558376	0.085	0.589785933503109	0.422	0.757	1.8036022832477938	0.25614077642455846	True	Both	Iron deficiency	Endocrine/Metab
RE_468	836	4838	0.00003595203134273136	4.444276566309867	0.08	0.3312829562661657	0.174	0.488	1.3927538249805629	0.14387435985499206	True	Both	Pneumonia	Respiratory
CV_401.1	2375	3286	0.00023092066383113215	3.636537202698683	0.066	0.2439145276209499	0.114	0.374	1.276235242965092	0.1059307334018168	True	Both	Essential hypertension	Cardiovascular
MS_717.3	55	5984	0.000026940739252721107	4.569590491427709	0.276	1.1577208957564367	0.617	1.698	3.182671364120516	0.5027917966111103	True	Both	Occipital neuralgia*	Muscloskeletal
GI_500.4	79	5931	4.339888549141457e-7	6.362521423278817	0.232	1.170496968203244	0.717	1.624	3.2235942643665285	0.5083403743751549	True	Both	Disturbances in tooth eruption	Gastrointestinal
GI_527	2978	2432	1.6073725552252545e-25	24.79388345122277	0.063	0.6574582527244213	0.534	0.781	1.9298808258082727	0.2855304912399697	True	Both	Abdominal pain	Gastrointestinal
RE_471.3	88	5928	0.006865189329363118	2.1633474812147204	0.218	0.5892308609281212	0.162	1.016	1.8026014308827245	0.2558997114681854	True	Both	Hypertrophy of nasal turbinates	Respiratory
ID_061	188	5610	0.014008868215680443	1.8535969501917096	0.153	0.37677739880162014	0.076	0.677	1.4575798142426788	0.16363234520540448	True	Both	Influenza virus	Infections
DE_669.3	98	5932	0.24304100581554156	0.6143204461671199	0.212	0.24782660619204913	-0.168	0.664	1.281237754239339	0.10762972753801715	True	Both	Hidradenitis suppurativa	Dermatological
CA_124	67	5946	0.7496134493118531	0.12516263008515993	0.266	0.08485297498733294	-0.436	0.606	1.0885570098243469	0.03685117881007338	True	Both	Myeloproliferative disorder	Neoplasms
MB_280.8	2076	3470	1.350848326013778e-21	20.869393411061722	0.061	0.5820443587022466	0.463	0.702	1.7896934687899466	0.25277865320730264	True	Both	Psychoactive substance abuse	Mental
MS_702	86	5940	0.12189041491881233	0.9140304445993117	0.226	0.34973606900413956	-0.093	0.793	1.4186930621034337	0.1518884448910327	True	Both	Infective and reactive arthropathies	Muscloskeletal
MS_741.5	217	5579	3.571638702416683e-7	6.447132479649889	0.14	0.7118726910881648	0.438	0.986	2.037803864752737	0.3091623815572081	True	Both	Sprains and strains of knee and leg	Muscloskeletal
ID_056	442	5364	3.013790775748141e-16	15.520886900691599	0.101	0.8226247131910822	0.625	1.02	2.276467076125501	0.3572613736161322	True	Both	Human papillomavirus	Infections
SO_376	142	5848	0.000059852672912007503	4.222916450019229	0.181	0.7263307388013578	0.372	1.081	2.067480546747597	0.3154414318981418	True	Both	Disorders of vitreous body	Sense organs
BI_170	149	5804	0.5738760676731371	0.2411818862379104	0.186	-0.10486703301403226	-0.47	0.261	0.900444243983747	-0.04554317377156037	True	Both	Decreased white blood cell count	Blood/Immune
EM_204.2	52	5979	0.0055639306989776795	2.2546182879609074	0.282	0.7815807676942846	0.229	1.334	2.184923393378562	0.33943621457133516	True	Both	Impaired glucose tolerance (oral)	Endocrine/Metab
EM_256.71	618	4904	0.00647767595678399	2.1885807811947116	0.09	0.24510896415115552	0.069	0.422	1.2777605357117716	0.10644947059586882	True	Both	Dehydration	Endocrine/Metab
GI_520	710	4974	3.964723974478617e-6	5.401787043033293	0.086	0.39884523793781484	0.229	0.568	1.490102989350033	0.1732162859697825	True	Both	Hernia	Gastrointestinal
EM_239.3	557	5354	8.78349283848156e-6	5.05633274846407	0.099	0.44173833185014794	0.247	0.637	1.5554086862666756	0.19184451996766674	True	Both	Mixed hyperlipidemia	Endocrine/Metab
ID_052	480	5300	2.3891428283138653e-12	11.621757886376367	0.098	0.6860959181848337	0.494	0.878	1.985947078892949	0.2979676713240182	True	Both	Herpesvirus	Infections
GI_528	1899	3332	1.8683354700859255e-19	18.72854514110036	0.063	0.5702945692684911	0.446	0.694	1.7687880052903042	0.2476757844926975	True	Both	Nausea and vomiting	Gastrointestinal
GU_619.23	157	3252	0.000055060193472684465	4.259162266898889	0.166	0.66885539071863	0.344	0.994	1.9520017621253227	0.2904802053803444	True	Female	Polycystic ovary syndrome	Genitourinary
SO_391	597	5024	1.860840825870596e-19	18.730290774318217	0.089	0.7998642905206205	0.626	0.974	2.2252389219847606	0.347376647644565	True	Both	Disorders of the middle ear	Sense organs
GI_542.3	76	5957	0.3456821650878832	0.46132302660085345	0.245	0.2309393119843322	-0.249	0.711	1.2597827834119746	0.10029566884932899	True	Both	Hepatic failure	Gastrointestinal
MS_719	818	4629	3.0337245414184246e-20	19.518023855181767	0.08	0.7332812043569795	0.577	0.889	2.0819005539049513	0.318459980735607	True	Both	Disorders of muscle	Muscloskeletal
NS_333.8	151	5778	1.7572397966220848e-12	11.755168969726284	0.169	1.1892229311070823	0.859	1.52	3.284527911000444	0.5164729567326168	True	Both	Sleep disturbances	Neurological
GU_588	83	5930	0.518633657598726	0.28513930238524965	0.24	0.15516858646966383	-0.316	0.626	1.1678548290327309	0.06738886086850258	True	Both	Disorders and findings from impaired renal function	Genitourinary
SS_840.64	113	5871	0.06080530018108023	1.2160585631767429	0.196	0.3669450111125023	-0.017	0.751	1.4433185504516064	0.15936219348808714	True	Both	Allergy to analgesic agent	Symptoms
PP_904	197	3139	0.05660302447606365	1.247160362483603	0.155	0.2948887703343955	-0.008	0.598	1.3429769714988329	0.12806856573146327	True	Female	Bleeding in pregnancy	Pregnancy
SO_392.1	312	5367	3.2595671839413263e-7	6.48684006315446	0.119	0.6094120490282471	0.376	0.843	1.8393496333959467	0.26466429009832165	True	Both	Otalgia [ear pain]	Sense organs
MB_284.2	289	5576	7.506075015485616e-16	15.124587099575393	0.123	0.9884060072022322	0.748	1.229	2.686948081129176	0.42925927480795517	True	Both	Suicide and self-inflicted harm	Mental
ID_052.1	299	5602	2.5156980418889585e-10	9.59934148827102	0.121	0.7631890750694499	0.527	1.0	2.1451062287992584	0.33144880395150866	True	Both	Herpes simplex	Infections
MS_723.51	80	5940	0.022810087493871225	1.6418730488736102	0.232	0.5287200534042371	0.074	0.984	1.696759157049362	0.2296202016650528	True	Both	Achilles tendinitis	Muscloskeletal
CA_136.42	91	5810	0.005229526737969433	2.2815376121630035	0.224	0.6266011912287802	0.187	1.066	1.8712397726681833	0.2721294397046635	True	Both	Benign neoplasm of rectum and anus	Neoplasms
SS_807	1779	3540	4.0452949723136614e-46	45.39304980528101	0.066	0.9345719832738264	0.806	1.063	2.546123441063286	0.40587945527720093	True	Both	Malaise and fatigue	Symptoms
GU_580	63	5975	0.39711833404221875	0.4010800620936051	0.292	-0.24688986301263793	-0.818	0.325	0.7812267307519211	-0.10722290514423842	True	Both	Glomerular diseases	Genitourinary
GU_616	71	3255	0.2347357124120285	0.6294208323289503	0.25	0.2971799635098488	-0.193	0.787	1.3460575188876711	0.1290636182845371	True	Female	Disorders of uterus, except cervix	Genitourinary
BI_177.2	354	5404	0.00020731541460316852	3.6833684054400893	0.114	0.4227051419148469	0.199	0.646	1.5260842513399366	0.183578510605749	True	Both	Enlargement of lymph nodes [Lymphadenopathy]	Blood/Immune
MS_701.11	71	5977	0.8050033908596028	0.09420229027994158	0.264	0.065183989706648	-0.452	0.583	1.0673553887239906	0.028309047038035624	True	Both	Acute/subacute osteomyelitis	Muscloskeletal
CV_436.2	72	5959	0.2640302172191821	0.5783463669916351	0.295	-0.32976476547804257	-0.908	0.249	0.7190928690051668	-0.14321501797323385	True	Both	Atherosclerosis of the extremities	Cardiovascular
SO_360.1	73	5886	0.0006308504698211739	3.2000735691667974	0.237	0.8112991791108926	0.346	1.277	2.2508303196819255	0.3523427566604986	True	Both	Hordeolum	Sense organs
CV_417.3	165	5681	0.0003119660703732867	3.5058926375550956	0.163	0.5872578640568501	0.268	0.907	1.7990484101014617	0.25504284981417996	True	Both	Bradycardia	Cardiovascular
GI_542	645	5032	0.0003244285669467207	3.488880911794126	0.089	0.31898984611911974	0.145	0.493	1.375737355761886	0.1385355299527011	True	Both	Chronic liver disease	Gastrointestinal
NS_331.64	201	5785	8.378111943341677e-11	10.076853841151836	0.145	0.9428123549179905	0.658	1.227	2.5671911280403528	0.4094582032110935	True	Both	Chronic migraine without aura	Neurological
GU_626.16	375	2843	1.7802001788193952e-8	7.749531159675049	0.112	0.6318838909476492	0.412	0.852	1.8811511267934193	0.27442368704212017	True	Female	Excessive menstruation	Genitourinary
GI_526.1	115	5866	0.044223308498322254	1.3543487694729295	0.195	0.39220450870723067	0.01	0.774	1.4802404025008569	0.17033225390912615	True	Both	Bacterial enteritis	Gastrointestinal
MS_700.41	50	5982	0.03344304739838827	1.4756941556348215	0.287	0.6111443159024553	0.048	1.174	1.8425386391430238	0.26541660404297407	True	Both	Myositis	Muscloskeletal
SS_812	791	4741	3.034828165336043e-14	13.51786589403157	0.083	0.6269434134330678	0.465	0.789	1.8718802620565305	0.2722780649195704	True	Both	Edema	Symptoms
RE_486	396	5292	0.000021377517734334526	4.670042724612136	0.111	0.4699330137200812	0.253	0.687	1.5998870191481012	0.2040893147227964	True	Both	Other respiratory disorders	Respiratory
CV_416.22	66	5983	0.3397802660342709	0.4688018479545967	0.278	0.2653071353382282	-0.279	0.81	1.3038313669759671	0.11522142488695175	True	Both	Atrial flutter	Cardiovascular
MS_705.1	175	5844	0.2577076642635523	0.5888726652757449	0.165	0.18689119001772844	-0.137	0.511	1.2054961079032334	0.08116581254103158	True	Both	Rheumatoid arthritis	Muscloskeletal
GU_612.5	207	3062	0.00017636140944921356	3.7535964390271053	0.147	0.5500865842689222	0.263	0.838	1.7334030968099485	0.23889956811700105	True	Female	Mastodynia	Genitourinary
ID_057.1	172	5877	0.018038932819613104	1.7437891588263594	0.162	0.38358533460266925	0.066	0.702	1.4675367787735198	0.16658899415695172	True	Both	Human immunodeficiency virus	Infections
EM_239.11	602	5238	0.014083457825308347	1.8512907024323777	0.1	0.24449268488951464	0.049	0.44	1.2769733209892387	0.1061818239132268	True	Both	Pure hypercholesterolemia	Endocrine/Metab
GI_500	94	5887	1.7209296710643574e-9	8.764236877547377	0.215	1.2927846852074767	0.872	1.714	3.642916820990174	0.5614492550746396	True	Both	Disorders of tooth develoment	Gastrointestinal
MS_716	920	4795	1.1534366427292074e-18	17.9380062559056	0.079	0.6995495977129752	0.544	0.855	2.0128459128720393	0.30381053010438475	True	Both	Intervertebral disc disorder	Muscloskeletal
ID_089.3	1123	4365	2.855634644294794e-29	28.544297357861087	0.071	0.7970974811076657	0.658	0.936	2.219090619502155	0.34617503758404067	True	Both	Fungal infections	Infections
GI_527.3	86	5795	0.0001259779721536729	3.89970538669545	0.22	0.8425701998102275	0.412	1.273	2.322328160179857	0.36592358839370215	True	Both	Functional dyspepsia	Gastrointestinal
MS_730	469	5332	8.910893200412977e-23	22.050078761443665	0.099	0.976128213701833	0.781	1.171	2.6541599820811177	0.4239270968407842	True	Both	Other disorders and symptoms of the musculoskeletal system	Muscloskeletal
MS_721.11	144	5886	0.00020758540597582038	3.682803182263661	0.177	0.6568912016350581	0.31	1.004	1.9287867949986535	0.2852842240809021	True	Both	Trigger finger	Muscloskeletal
CA_139	335	5489	3.7537170741860818e-6	5.425538464200091	0.119	0.5517464763966503	0.318	0.786	1.73628274825873	0.23962045010862795	True	Both	Benign sarcoma-related cancers	Neoplasms
MS_726	234	5746	0.04380766608519975	1.35844988385262	0.151	0.3043899110226846	0.008	0.6	1.3557975934679232	0.13219485870417375	True	Both	Osteoporosis and low bone density	Muscloskeletal
NS_330.3	483	5395	3.3873559807362603e-9	8.470139160501642	0.097	0.573170895955488	0.383	0.763	1.773882941271084	0.2489249573010113	True	Both	Convulsions	Neurological
MS_718	3112	2347	1.5835482311663645e-53	52.80036870449894	0.066	1.0167037134917505	0.887	1.146	2.7640685690191202	0.44154881250001193	True	Both	Back pain	Muscloskeletal
CA_102	80	5976	0.8176170962894467	0.0874500360614405	0.266	-0.061260548244531796	-0.582	0.459	0.9405781418637733	-0.0266051180609681	True	Both	Malignant neoplasm of the thoracic and respiratory organs	Neoplasms
ID_092.1	104	5863	0.7379766526785558	0.13195737770712357	0.212	0.0707708803843218	-0.344	0.485	1.073335275527587	0.030735402830346075	True	Both	Systemic inflammatory response syndrome	Infections
SO_376.1	86	5943	0.00037976653987197863	3.4204833023402097	0.233	0.8269959040311219	0.371	1.283	2.2864397284603735	0.35915975767730746	True	Both	Vitreous degeneration	Sense organs
CV_404.11	175	5816	0.2154455618715374	0.6666624478487799	0.184	-0.22794882912290293	-0.589	0.133	0.7961649992544347	-0.09899691864438402	True	Both	Acute myocardial infarction	Cardiovascular
GU_602.4	71	2520	0.014373622640274539	1.8424337611348807	0.274	0.6702263418437373	0.134	1.207	1.9546796963763742	0.29107560188893766	True	Male	Elevated prostate specific antigen [PSA]	Genitourinary
CA_103.2	84	5955	0.5554699835908429	0.25533940443341935	0.256	0.15119933098806218	-0.351	0.654	1.1632285024609057	0.06566503511557878	True	Both	Keratinocyte carcinoma	Neoplasms
ID_091	60	5966	0.22252077262194803	0.6526294407999401	0.316	-0.38553037111397265	-1.005	0.234	0.6800898405289201	-0.16743371278091115	True	Both	Gangrene	Infections
MS_715.1	799	4888	5.08895561574764e-24	23.293371336888534	0.085	0.859037037488416	0.692	1.026	2.360886153872967	0.37307504513173595	True	Both	Spondylosis	Muscloskeletal
MB_283	868	4458	6.675144469847628e-19	18.175539330445986	0.077	0.6845873870255386	0.533	0.836	1.9829534743842714	0.2973125245657572	True	Both	Other mental and behavioral problems	Mental
MS_722.1	256	5654	2.2096037057564574e-8	7.655685610403645	0.131	0.7338338507805785	0.477	0.991	2.083051426783954	0.3186999920278195	True	Both	Plantar fascial fibromatosis [Plantar fasciitis]	Muscloskeletal
GU_612	494	2676	3.0676099857709474e-9	8.5131998571724	0.102	0.6046389787717531	0.405	0.805	1.830591207289075	0.2625913720241898	True	Female	Other nonmalignant breast conditions	Genitourinary
CV_413.2	124	5858	0.0010681434702685638	2.9713704100778564	0.192	0.6270705824759354	0.251	1.003	1.8721183224144522	0.2723332937331567	True	Both	Aortic valve disorders	Cardiovascular
MS_721.12	65	5954	0.00013230075912729343	3.8784376638710873	0.251	0.960304680893639	0.468	1.453	2.612492328673342	0.4170550238579705	True	Both	Radial styloid tenosynovitis [de Quervain]	Muscloskeletal
NS_329.41	189	5735	7.162247249919127e-39	38.144950690665354	0.194	2.535850774160433	2.155	2.917	12.627169148685946	1.1013059981479654	True	Both	Attention and concentration deficit	Neurological
GU_614.3	90	3287	0.0005472399233327767	3.261822226619349	0.215	0.7427513410752672	0.322	1.164	2.1017100882347317	0.3225728088552286	True	Female	Pelvic inflammatory disease (PID)	Genitourinary
DE_672	232	5646	0.00002501618532192793	4.601778914464493	0.148	0.622347053002434	0.333	0.912	1.8632961685955576	0.27028189094770766	True	Both	Skin changes due to solar radiation	Dermatological
PP_900.1	64	3341	0.3834532360425871	0.4162875927763196	0.262	0.22869816455840147	-0.286	0.743	1.2569625858893352	0.09932235088911562	True	Female	Spontaneous abortion	Pregnancy
PP_941	89	3247	0.02422254151380148	1.6157802911057586	0.22	0.49654373088554893	0.065	0.928	1.643032682602434	0.21564620234724716	True	Female	Abnormal forces of labor	Pregnancy
DE_680	276	5490	5.665008956831864e-9	8.24679939914576	0.128	0.7447213867862412	0.494	0.995	2.1058546343119384	0.32342838883660185	True	Both	Epidermal thickening	Dermatological
NS_343	104	5905	0.00042492562220897937	3.3716870809874893	0.2	0.7062312493578906	0.313	1.099	2.026340079533891	0.30671233454377134	True	Both	Disorders of autonomic nervous system	Neurological
SS_809.3	2395	2926	5.721910002591788e-50	49.24245897730411	0.063	0.9386954000326388	0.815	1.062	2.5566438442273802	0.4076702324221406	True	Both	Pain in limb	Symptoms
NS_333.2	1117	4408	8.833495462285864e-62	61.05386740971909	0.071	1.1762205187105659	1.037	1.315	3.242097570745546	0.5108260807773793	True	Both	Insomnia	Neurological
MS_713.4	202	5773	1.855473311481474e-7	6.73154528801942	0.146	0.7619683388383109	0.476	1.048	2.1424892175713217	0.3309186449424657	True	Both	Stiffness of joint	Muscloskeletal
BI_176	77	5921	0.002783116932568992	2.5554685464138456	0.232	0.6930976804757466	0.239	1.147	1.9999010022818204	0.30100849805055996	True	Both	Other diseases of blood and blood-forming organs	Blood/Immune
RE_479	645	5045	0.13748028838718596	0.8617595655307961	0.091	0.13556082155127536	-0.043	0.314	1.1451788452701779	0.05887331676199029	True	Both	Pulmonary insufficiency and acute respiratory distress syndrome	Respiratory
RE_474.13	75	5949	0.7256491852151297	0.13927328804336445	0.264	0.0927289083207486	-0.425	0.611	1.097164262846325	0.04027165319661364	True	Both	Centrilobular emphysema*	Respiratory
BI_168.4	80	5901	0.26065380899473656	0.5839359242443136	0.237	0.26701932683852403	-0.198	0.732	1.3060656882073884	0.11596502020749183	True	Both	Abnormal coagulation profile	Blood/Immune
NS_336.411	120	5853	1.2262257614933846e-6	5.911429564120628	0.186	0.9034523827740294	0.538	1.268	2.4681092773910365	0.39236438450110545	True	Both	Carpal tunnel syndrome, bilateral*	Neurological
GU_602.1	253	2280	2.162302918748373e-8	7.665083465458766	0.175	0.9817356754834743	0.638	1.325	2.6690848890579852	0.4263623865500344	True	Male	Benign prostatic hyperplasia	Genitourinary
EM_209	101	5913	0.00006118902981111671	4.213326432749073	0.202	0.8098290901663873	0.414	1.206	2.2475238299255103	0.351704305143993	True	Both	Disorders of the pituitary gland and its hypothalamic control	Endocrine/Metab
DE_668.3	471	5154	1.1949373497982368e-21	20.92265486404653	0.099	0.9442983322501515	0.751	1.138	2.571008751612507	0.41010355496668427	True	Both	Contact dermatitis	Dermatological
MB_306	74	5912	1.9551463814328958e-10	9.70882072150665	0.262	1.6649290196298354	1.152	2.178	5.285298084031784	0.7230694859858283	True	Both	Conduct disorders	Mental
GU_603.5	59	2502	0.9712000022451226	0.012691325264859284	0.293	0.01056665890289819	-0.563	0.584	1.0106226831990772	0.004589041653682561	True	Male	Orchitis and epididymitis	Genitourinary
ID_019.1	71	5966	0.0021661749842823734	2.664306463851634	0.241	0.7380794914247508	0.266	1.21	2.091914115167583	0.3205438503317278	True	Both	Treponema pallidum [syphilis]	Infections
MS_745	1383	4267	2.4921230306370973e-23	22.6034305213195	0.066	0.6565462984710337	0.527	0.786	1.9281216650396373	0.28513443453997533	True	Both	Fractures	Muscloskeletal
ID_019	72	5965	0.0030445325602565356	2.5164793769505236	0.239	0.7086318003052601	0.24	1.177	2.03121025534533	0.3077548805737415	True	Both	Treponema	Infections
MS_722	300	5584	1.7370131920546882e-10	9.760196883213926	0.122	0.7795177858004503	0.54	1.019	2.1804205821845466	0.3385402729185766	True	Both	Fasciopathy	Muscloskeletal
MB_283.8	111	5695	0.00014744698886971812	3.8313640920889114	0.194	0.7354669065142998	0.356	1.115	2.086455944987469	0.3194092191216152	True	Both	Problems related to lifestyle	Mental
EM_200.4	84	5950	0.07213020426951793	1.1418828379056105	0.227	0.4073240635563182	-0.037	0.851	1.5027910265655013	0.17689859314891843	True	Both	Thyroiditis	Endocrine/Metab
CA_103	307	5559	0.022689712379708068	1.6441710093022555	0.132	0.30160487965827476	0.042	0.561	1.3520269078224627	0.13098533495068307	True	Both	Malignant neoplasm of the skin	Neoplasms
PP_908.2	63	3373	0.21841652806895473	0.6607145006854911	0.262	0.3220902927354162	-0.191	0.835	1.3800093751533433	0.1398820368095943	True	Female	Pre-existing hypertension complicating pregnancy, childbirth and the puerperium	Pregnancy
SS_807.2	584	5005	1.4061256052585506e-7	6.85197588327478	0.092	0.4868044890593032	0.306	0.668	1.6271084607730508	0.21141650336418732	True	Both	Weakness	Symptoms
NS_355.1	112	5898	0.027986155221276753	1.553056761443657	0.195	0.42955543600444734	0.046	0.813	1.5365742660885056	0.18655355552827688	True	Both	Coma	Neurological
CV_444.13	51	6015	0.3162249250371426	0.5000039017046566	0.296	0.2969289303351705	-0.284	0.878	1.3457196562045504	0.12895459596199965	True	Both	Esophageal varices	Cardiovascular
DE_685	213	5614	1.2731674475236979e-14	13.895114473995083	0.142	1.092035221254668	0.814	1.37	2.9803335424621284	0.47426487063489897	True	Both	Disorders of sweat glands	Dermatological
DE_672.2	189	5754	0.0007637500719219852	3.11704873585208	0.167	0.5604053172673077	0.234	0.887	1.7513822219113684	0.24338093691843285	True	Both	Skin changes due to chronic exposure to nonionizing radiation	Dermatological
GU_619	544	2674	1.9425751201980658e-10	9.711622177851787	0.098	0.6218891426661981	0.43	0.813	1.862443141340393	0.27008302301547393	True	Female	Noninflammatory disorders of ovary, fallopian tube, and broad ligament	Genitourinary
CV_401.7	92	5926	0.06821886623894169	1.166095502610577	0.26	-0.47429907107542746	-0.984	0.035	0.6223211064910411	-0.20598546933989637	True	Both	Hypertensive crisis*	Cardiovascular
EM_200.1	669	5234	9.537986124672918e-8	7.020543313688938	0.089	0.47470139790361554	0.3	0.649	1.607534112756118	0.2061601976613001	True	Both	Hypothyroidism	Endocrine/Metab
PP_938	501	2805	0.0005302050836159136	3.27555611255963	0.109	0.3769159929414428	0.164	0.59	1.4577818402627445	0.1636925358755536	True	Female	Other conditions or status of the mother complicating pregnancy, childbirth, or the puerperium	Pregnancy
CV_410	93	5917	0.015438240792309457	1.8114021896039794	0.213	0.5153673273165464	0.098	0.932	1.6742533878625738	0.22382118640680312	True	Both	Inflammation of the heart [Carditis]	Cardiovascular
RE_463.5	81	5868	0.0005505787476950456	3.2591805563587823	0.226	0.7812321493259345	0.338	1.224	2.1841618217068426	0.33928481153767065	True	Both	Postnasal drip	Respiratory
CV_403	255	5655	0.006162307324111139	2.2102566465193365	0.14	0.38321119006450016	0.109	0.657	1.4669878106063041	0.16642650524859065	True	Both	Angina pectoris	Cardiovascular
CV_413.11	73	5903	0.3299219358443757	0.48158880813013816	0.253	0.24672861893220988	-0.25	0.743	1.2798317435405309	0.10715287772986895	True	Both	Mitral valve insufficiency	Cardiovascular
RE_498	274	5566	0.00704185437001798	2.152312960656288	0.131	0.3525318500034785	0.096	0.609	1.4226649669111897	0.1531026371516556	True	Both	Asphyxia and hypoxemia	Respiratory
CV_416.41	72	5932	0.5447988765449046	0.26376379667319283	0.26	0.15758460814540673	-0.352	0.668	1.1706798028386172	0.0684381257504364	True	Both	Atrioventricular block	Cardiovascular
SO_376.2	56	5955	0.029831630586544904	1.525323007603924	0.276	0.5991199814442221	0.059	1.14	1.8205160073825655	0.2601945019392043	True	Both	Vitreous opacities	Sense organs
DE_660	2162	3225	4.4512462091184e-21	20.35151838318226	0.061	0.5706542882108552	0.452	0.689	1.7694243862931218	0.24783200844440229	True	Both	Infection of the skin	Dermatological
EM_230.2	333	5461	1.483700872140628e-6	5.828653648028229	0.117	0.5611297266598957	0.333	0.79	1.7526513992894373	0.24369554392027265	True	Both	Abnormal weight loss and underweight	Endocrine/Metab
GI_520.1	400	5468	0.0011008994399357365	2.9582523492167656	0.11	0.3597157887374546	0.144	0.576	1.4329221040816391	0.15622258210215245	True	Both	Hernia of the abdominal wall	Gastrointestinal
MS_728.3	71	5855	0.0020856443622055162	2.680759744183341	0.24	0.7383015733190638	0.268	1.208	2.092378743007825	0.32064029927295845	True	Both	Costochondritis [Tietze's disease]	Muscloskeletal
RE_463.21	316	5488	1.8188351118007918e-16	15.740206670524689	0.118	0.9690764005404626	0.738	1.2	2.6355091800616375	0.4208645332973883	True	Both	Seasonal allergic rhinitis	Respiratory
MB_308.1	110	5865	0.004492860151406881	2.3474770994166643	0.197	0.560515823422511	0.174	0.947	1.7515757711209958	0.24342892913185402	True	Both	Delirium	Mental
MS_728	228	5586	3.311764889538498e-9	8.479940502442835	0.137	0.8115221577921528	0.543	1.08	2.2513322628175785	0.352439595071352	True	Both	Chondropathies	Muscloskeletal
NS_330.11	66	5961	0.10135411475576064	0.9941586152053458	0.253	0.4141051587156093	-0.081	0.91	1.5130162253619073	0.1798435853578594	True	Both	Generalized epilepsy	Neurological
CV_419	77	5975	0.08129631460768026	1.0899291417592676	0.3	-0.5223141384189143	-1.11	0.065	0.5931463358011598	-0.22683814813538572	True	Both	Presence of cardiac device	Cardiovascular
EM_204.4	725	5009	0.2684777001305595	0.5710917811467051	0.087	0.09672455218544318	-0.075	0.268	1.1015569103852112	0.042006939278701104	True	Both	Hyperglycemia	Endocrine/Metab
SS_834.3	98	5902	0.010414165847698493	1.9823755103777483	0.208	0.5317273807921709	0.125	0.939	1.7018695477905654	0.23092626735490893	True	Both	High risk human papillomavirus (HPV) DNA test positive	Symptoms
RE_488.6	212	5539	0.00001338192331453635	4.873481463185413	0.143	0.6216440352617904	0.342	0.901	1.8619866986771854	0.26997657422226606	True	Both	Wheezing	Respiratory
MB_286.2	2685	2874	4.334578789095339e-108	107.36305309852442	0.063	1.3990519207772296	1.275	1.523	4.051357137952889	0.6076005290896962	True	Both	Major depressive disorder	Mental
PP_926	207	3127	5.604428690350446e-12	11.251468652341837	0.15	1.0329406280558293	0.739	1.327	2.809314850177691	0.4486004148983259	True	Female	Mental disorders complicating pregnancy, childbirth and the puerperium	Pregnancy
DE_678	483	5066	3.999543353182924e-21	20.39798959130052	0.1	0.9478143567352066	0.751	1.145	2.5800643919318733	0.4116305449987805	True	Both	Other skin and subcutaneous disorders	Dermatological
DE_668	967	4497	3.577038217985653e-33	32.44647641971359	0.075	0.903035956246047	0.756	1.051	2.4670817051829843	0.3921835327578846	True	Both	Dermatitis [eczema]	Dermatological
CV_438.1	91	5925	0.134828897991735	0.8702170151204253	0.236	0.35262913546575714	-0.11	0.815	1.4228033782627603	0.1531448876910926	True	Both	Aortic aneurysm and ectasia	Cardiovascular
GI_552	129	5840	0.1356213368699525	0.8676719789356955	0.187	0.27890575303741255	-0.087	0.645	1.3216827734125394	0.12112722951521936	True	Both	Other diseases of biliary tract	Gastrointestinal
CV_416.21	244	5745	0.26685838144074303	0.5737191524020762	0.161	-0.1786426705084076	-0.494	0.137	0.8364047180781686	-0.0775835260342622	True	Both	Atrial fibrillation	Cardiovascular
EM_208	132	5908	0.0004854064204572894	3.3138944835650004	0.181	0.6305605226004208	0.276	0.985	1.8786633174430178	0.2738489554713935	True	Both	Disorders of parathyroid gland	Endocrine/Metab
CV_431.11	194	5802	0.9040884416267376	0.04378908298514112	0.164	0.01981818555484828	-0.303	0.342	1.020015869547293	0.008606928627805375	True	Both	Cerebral infarction [Ischemic stroke]	Cardiovascular
DE_684.1	168	5771	1.4039189140292401e-8	7.852657974974448	0.159	0.9016468985378909	0.59	1.213	2.4636571653161305	0.3915802726601872	True	Both	Alopecia	Dermatological
NS_355	373	5371	7.7429298384764e-10	9.111094676020027	0.109	0.6719054344749675	0.458	0.886	1.9579645416589684	0.2918048225532853	True	Both	Coma and other alteration of consciousness	Neurological
SO_374.1	51	6009	0.013701951923485159	1.863217560638102	0.287	0.7081671982372435	0.145	1.271	2.0302667700497015	0.30755310645932116	True	Both	Retinal detachments and breaks	Sense organs
DE_660.123	142	5789	0.0008083508722787711	3.0924000887076644	0.174	0.5837486843646299	0.242	0.925	1.792746290058453	0.2535188324378418	True	Both	Dermatophytosis of foot [Athelet's foot]	Dermatological
CV_424	460	5532	0.36729846344947803	0.43498088847150085	0.113	-0.10175979331608266	-0.323	0.119	0.903246491457113	-0.04419371671679012	True	Both	Heart failure	Cardiovascular
MS_711	207	5722	3.2172937641702635e-13	12.492509282792959	0.144	1.048211075335762	0.766	1.33	2.852543565371886	0.45523228588819525	True	Both	Disorder of patella	Muscloskeletal
GU_604	85	2457	0.0004823793854572801	3.3166112600997595	0.224	0.7826351496008318	0.343	1.222	2.187228352011532	0.3398941268151673	True	Male	Disorders of penis	Genitourinary
MS_713.34	304	5437	9.392256137440666e-13	12.02723007223357	0.119	0.8527567492652923	0.619	1.087	2.3461055701090427	0.37034755061167135	True	Both	Pain in wrist*	Muscloskeletal
CV_413	354	5531	0.00036908964460328	3.4328681394555	0.118	0.4204417044947061	0.189	0.652	1.5226339613699094	0.1825955122240485	True	Both	Heart valve disorders	Cardiovascular
EM_252	145	5769	0.04926703727045731	1.3074435537344167	0.175	0.34381828303853856	0.001	0.687	1.4103223327321177	0.14931838310108772	True	Both	Other and unspecified disorders of metabolism	Endocrine/Metab
SO_397	301	5557	1.0023132708203049e-13	12.998996519461747	0.122	0.9071847459405221	0.668	1.146	2.477338369997655	0.39398532922877216	True	Both	Other hearing abnormality	Sense organs
MB_286.12	169	5840	1.8696764774081556e-15	14.728233535833494	0.16	1.2754569742213904	0.961	1.59	3.58033715811092	0.553923925809368	True	Both	Bipolar II disorder*	Mental
NS_349.1	107	5827	0.0010159911457545644	2.993110076861834	0.198	0.6513048281431157	0.263	1.04	1.9180419119837473	0.2828580928995009	True	Both	Abnormal findings on diagnostic test of central nervous system	Neurological
MB_290	1672	3976	5.538527016127148e-104	103.25660572152182	0.063	1.3553310729349743	1.233	1.478	3.8780446597492393	0.5886128061276731	True	Both	Reaction to severe stress, and adjustment disorders	Mental
EM_200.411	74	5973	0.06131637816194409	1.2124235059823147	0.24	0.44849535606062074	-0.021	0.918	1.5659542084679967	0.19477905829636175	True	Both	Hashimoto thyroiditis [Chronic lymphocytic thyroiditis]	Endocrine/Metab
MS_700.2	64	5988	0.0029171901728077287	2.5350352581223965	0.255	0.7575261891330443	0.259	1.256	2.1329930670015584	0.32898944383768025	True	Both	Sicca syndrome [Sjogren syndrome]	Muscloskeletal
SO_390	455	5180	2.6143117195600832e-14	13.582642630216236	0.1	0.7639566122336668	0.567	0.961	2.1467533095680467	0.33178214110658377	True	Both	Disorders of external ear	Sense organs
CV_401	2469	3195	0.0023431116683248427	2.6302070132461326	0.065	0.19918427321882418	0.071	0.327	1.2204068334761797	0.08650463074084497	True	Both	Hypertension	Cardiovascular
SS_809.34	928	4596	1.4455097437740413e-25	24.839978976526677	0.076	0.7938536180485587	0.645	0.943	2.211903856156787	0.3447662457574208	True	Both	Pain in foot and toes*	Symptoms
EM_239.21	212	5755	0.000035127322225750406	4.4543549554429624	0.144	0.5960627447232807	0.314	0.878	1.8149587582353068	0.2588667609014274	True	Both	Pure hyperglyceridemia	Endocrine/Metab
EM_247	1170	4481	4.392183544394071e-10	9.357319519502418	0.07	0.4396194258583908	0.302	0.578	1.5521164107246948	0.19092429078777487	True	Both	Disorders of mineral metabolism and mineral deficiencies	Endocrine/Metab
SS_810.1	65	5953	0.917660956287973	0.03731774582579358	0.275	-0.028448372260242664	-0.568	0.511	0.9719524725601362	-0.012354971091752941	True	Both	Septic shock	Symptoms
BI_162	80	5946	0.47388826432928854	0.3243240463125008	0.256	-0.18369664866861413	-0.686	0.319	0.8321882109424719	-0.07977844086089944	True	Both	Aplastic anemia	Blood/Immune
CA_142	613	5251	2.7750481229460464e-6	5.556729481244473	0.098	0.461325611353243	0.268	0.654	1.5861752438719772	0.20035116737135758	True	Both	Lump or mass in breast or nonspecific abnormal breast exam	Neoplasms
GI_542.2	426	5309	0.003095698982068953	2.509241275631958	0.106	0.31270753269752916	0.106	0.52	1.367121634175582	0.1358071559001176	True	Both	Fatty liver disease (FLD)	Gastrointestinal
GI_540	652	5244	9.405922912740704e-9	8.026598584882787	0.086	0.4958727952917085	0.327	0.665	1.641930683220477	0.21535481872112983	True	Both	Hepatitis	Gastrointestinal
RE_462	1066	4460	1.8710655164151835e-31	30.72791100516732	0.072	0.8455035154239442	0.703	0.988	2.329150282459533	0.36719751117842	True	Both	Sinusitis	Respiratory
CA_103.21	65	5989	0.3786646585858896	0.42174522642753143	0.284	0.2501083250850736	-0.307	0.807	1.284164516384098	0.1086206654625121	True	Both	Basal cell carcinoma	Neoplasms
GU_610.1	134	3233	0.08312466285209637	1.080270103153754	0.187	0.32457001305251587	-0.043	0.692	1.3834356587955907	0.1409589656599741	True	Female	Cystic mastopathy	Genitourinary
CV_417.1	574	5128	8.045547271632874e-12	11.094444409120392	0.091	0.6249123532919867	0.446	0.804	1.8680822189999664	0.27139598670788523	True	Both	Palpitations	Cardiovascular
MS_708	1283	4364	7.639798669990196e-24	23.11691808614478	0.079	0.7941167845490592	0.64	0.949	2.212486031755253	0.3448805375164099	True	Both	Osteoarthritis	Muscloskeletal
EM_239.1	1014	4773	0.000023259786413947714	4.633394277555541	0.082	0.3490539084087493	0.187	0.511	1.4177256156139662	0.1515921863086829	True	Both	Hypercholesterolemia	Endocrine/Metab
EM_208.2	126	5917	0.00042176797412786456	3.3749264003850397	0.185	0.6511224280410133	0.289	1.013	1.9176920928476575	0.2827788775416592	True	Both	Hyperparathyroidism	Endocrine/Metab
CV_433	217	5694	0.5403875047212627	0.2672947016436125	0.16	0.09814666562787085	-0.216	0.412	1.1031245637012934	0.042624555299387905	True	Both	Other cerebrovascular disease	Cardiovascular
GE_972.1	159	5806	0.00003627565955148415	4.440384682626516	0.167	0.6887448526749579	0.362	1.016	1.9912146963123465	0.29911808895600234	True	Both	Hereditary neuropathy	Genetic
GI_504.3	129	5819	9.85307418069125e-7	6.006428247531637	0.18	0.8805544389221682	0.528	1.233	2.4122367736787056	0.3824199338393116	True	Both	Periodontitis	Gastrointestinal
MB_280.91	512	5329	2.3824075419039464e-7	6.622983944758923	0.096	0.4957167208636466	0.308	0.684	1.6416744398252168	0.2152870364582563	True	Both	Psychoactive substance withdrawal	Mental
ID_056.2	105	5893	0.00049015656472827	3.3096651764266825	0.199	0.6933213587458623	0.304	1.083	2.000348386711636	0.30110564028899284	True	Both	Anogenital (venereal) warts	Infections
GE_972	188	5765	0.00003234650620448866	4.490172621272048	0.154	0.6390989111174891	0.338	0.94	1.8947727511719281	0.2775571304887023	True	Both	Genetic neuromuscular disease	Genetic
NS_329	904	4592	1.3514771648102268e-75	74.8691912879458	0.077	1.4166399134062166	1.266	1.568	4.123242685608762	0.6152388972362204	True	Both	Symptoms and signs involving cognitive functions and awareness	Neurological
SS_823.1	134	5763	0.0019579137331170943	2.708206447393236	0.178	0.5509849959354307	0.202	0.9	1.7349611061369676	0.2392897433462432	True	Both	Nonspecific elevation of levels of transaminase or lactic acid dehydrogenase [LDH]	Symptoms
CV_443	61	5949	0.7417763976370789	0.12972698947472008	0.303	-0.09990232812397107	-0.694	0.494	0.9049257995202027	-0.043387029833528705	True	Both	Other disorders of arteries and arterioles	Cardiovascular
PP_932.4	67	3298	0.0006817500684875122	3.1663748097578073	0.251	0.8530560260414665	0.361	1.345	2.346807810097448	0.3704775248641256	True	Female	Decreased fetal movements, affecting management of mother	Pregnancy
RE_460.2	647	4870	5.0163620499708655e-11	10.29961112635792	0.089	0.5858757343225183	0.411	0.761	1.7965636093544122	0.25444259849728523	True	Both	Acute lower respiratory infection	Respiratory
RE_465	1094	4296	1.4621984930922346e-25	24.834993668005197	0.072	0.7478347740786324	0.608	0.888	2.112421192184711	0.32478051575771505	True	Both	Pharyngitis	Respiratory
GU_610	160	3181	0.04900249323220825	1.309781822635905	0.172	0.3387693751608207	0.001	0.676	1.403219690577289	0.147125670270157	True	Female	Benign mammary dysplasias	Genitourinary
MB_280.21	980	4817	6.531959652077967e-20	19.184956506564582	0.073	0.6631192857496977	0.521	0.805	1.9408369270641048	0.28798904664471936	True	Both	Opioid abuse or dependence	Mental
GI_523.4	135	5883	0.07967201700069318	1.0986941879658152	0.185	0.32458809856289905	-0.038	0.688	1.3834606791618147	0.1409668200973359	True	Both	Diverticulitis	Gastrointestinal
CV_416.52	88	5862	0.3744247790533647	0.4266354178130838	0.23	0.20453466461163608	-0.247	0.656	1.2269539869920463	0.08882827619876585	True	Both	Ventricular premature depolarization*	Cardiovascular
GU_627.2	203	3120	1.1983608048719996e-8	7.921412404005574	0.155	0.8849994854801586	0.581	1.189	2.422983144812326	0.38435039303124996	True	Female	Symptomatic menopause	Genitourinary
CV_414	237	5755	0.26335668694644543	0.579455649901631	0.154	-0.172388904945194	-0.474	0.13	0.8416517869694866	-0.07486755015904192	True	Both	Cardiomyopathy	Cardiovascular
CV_431.1	225	5744	0.39547996162140253	0.4028755166611725	0.15	0.1274330477274674	-0.167	0.421	1.1359088140187004	0.055343469440152795	True	Both	Stroke	Cardiovascular
CV_440.11	200	5800	0.0015907622766659977	2.7983947164225724	0.149	0.4692810853276137	0.178	0.761	1.5988443472862026	0.20380618581935173	True	Both	Deep vein thrombosis [DVT]	Cardiovascular
RE_488	2090	3138	2.959506213783552e-31	30.528780743845843	0.063	0.738159524770077	0.614	0.863	2.0920815447522405	0.3205786083719712	True	Both	Abnormalities of breathing	Respiratory
DE_672.21	139	5844	0.006641026709317505	2.177764773083565	0.197	0.5335152766054791	0.148	0.919	1.7049150349254463	0.23170274064084664	True	Both	Actinic keratosis	Dermatological
NS_326.1	66	5995	0.17758293082869658	0.7505987806923573	0.296	-0.39883216054636406	-0.979	0.181	0.6711033295176162	-0.17321060653083775	True	Both	Multiple sclerosis	Neurological
MS_745.3	247	5739	0.0002038940969057525	3.6905953476322035	0.134	0.4976741812273719	0.235	0.76	1.6448910996863133	0.21613715069276654	True	Both	Fracture of upper limb	Muscloskeletal
SS_840.612	146	5799	0.0016396010285087675	2.7852618179259543	0.171	0.5375282091918616	0.203	0.872	1.71177049006597	0.2334455351193623	True	Both	Allergy to antibiotic agent (excluding penicillin)	Symptoms
CV_448.1	77	5957	0.000012636846626119065	4.898361285526097	0.232	1.0114298430709219	0.557	1.465	2.7495296015655653	0.4392583996779733	True	Both	Raynaud's syndrome	Cardiovascular
SO_398	72	5867	2.8124204147929686e-6	5.550919758269126	0.24	1.1255733493607438	0.655	1.597	3.081983395655139	0.48883029460473215	True	Both	Other disorders of ear	Sense organs
GU_602	307	2211	8.778213325171157e-11	10.056593869285196	0.164	1.0657415488127242	0.744	1.388	2.9029908955392587	0.46284567378439123	True	Male	Disorders of prostate	Genitourinary
CV_416.211	143	5900	0.7042846799797249	0.15225175853743156	0.204	-0.07754011772959037	-0.478	0.323	0.9253898991102126	-0.03367524525608958	True	Both	Paroxysmal atrial fibrillation*	Cardiovascular
DE_684.2	68	5966	0.004819055852407953	2.3170380402370756	0.246	0.6923612821275328	0.211	1.174	1.998428820609753	0.300688684311448	True	Both	Hypertrichosis and hirsutism	Dermatological
BI_175.2	59	5980	0.02175130930945362	1.6625145957780156	0.267	0.6127828311741305	0.089	1.136	1.8455601415548402	0.2661282021839768	True	Both	Secondary polycythemia	Blood/Immune
SO_374.4	122	5893	0.3468117694922077	0.45990617261800637	0.198	0.1866719467236593	-0.202	0.576	1.2052318399360975	0.08107059638822307	True	Both	Retinopathy	Sense organs
MS_714	395	5442	6.055496926451927e-8	7.217850211965894	0.108	0.5875819999575398	0.375	0.8	1.7996316407961512	0.2551836202472363	True	Both	Deforming dorsopathies	Muscloskeletal
GI_537	110	5858	0.4827977122993873	0.31623479644151986	0.205	0.1435330488431873	-0.257	0.544	1.154344959942277	0.06233561108334619	True	Both	Abnormality of the peritoneum	Gastrointestinal
CV_413.21	50	6009	0.043866993096513394	1.3578621336905017	0.3	0.6040569957023619	0.017	1.192	1.8295261441538744	0.2623386199885921	True	Both	Aortic stenosis	Cardiovascular
SO_388	123	5834	0.005487981395680776	2.2605873695620327	0.187	0.5191319839929323	0.153	0.886	1.6805682562546842	0.22545615602761773	True	Both	Blindness and low vision	Sense organs
MB_288.42	84	5947	4.400324762906101e-11	10.356515269529009	0.236	1.5546488962764249	1.092	2.017	4.733424310470949	0.6751754369498323	True	Both	Social phobia	Mental
CV_416.43	62	5927	0.1128702702474533	0.9474204351144878	0.267	0.4228306045373353	-0.1	0.946	1.5262757298836969	0.1836329983303808	True	Both	Right bundle branch block	Cardiovascular
GE_978	53	6019	0.00008137151200632603	4.089527614078086	0.282	1.1101074997411315	0.558	1.662	3.034684604711024	0.482113561456989	True	Both	Genetic disorders relating to growth and musculoskeletal system	Genetic
EM_230.3	87	5843	0.014750588458663729	1.8311906536347886	0.22	0.5353244928764558	0.105	0.966	1.7080023869488805	0.23248847328390138	True	Both	Anorexia	Endocrine/Metab
MS_745.61	180	5819	0.06214124086295073	1.206620078815969	0.16	0.2992262945483854	-0.015	0.614	1.3488148183798172	0.12995232856272085	True	Both	Fracture of vertebrae	Muscloskeletal
SO_396.2	319	5613	1.986538553436262e-14	13.7019030020246	0.128	0.9782850394821034	0.728	1.229	2.6598907206361933	0.4248637943755824	True	Both	Sensorineural hearing loss	Sense organs
SO_386	512	5080	1.4006230142722112e-15	14.853678741839726	0.096	0.7644128704630044	0.577	0.952	2.147733006912387	0.3319802915379081	True	Both	Visual disturbances	Sense organs
CV_440.3	255	5749	0.0023618061028020565	2.626755759533537	0.133	0.4032307761756977	0.143	0.663	1.4966522434936653	0.1751209010266707	True	Both	Pulmonary embolism	Cardiovascular
EM_202.3	72	5947	0.397678851549645	0.4004675040592909	0.281	-0.2375929607773752	-0.788	0.313	0.7885235858083611	-0.10318531180466978	True	Both	Secondary diabetes	Endocrine/Metab
PP_904.11	67	3285	0.9923870400319468	0.0033189159832253245	0.264	0.0025214248896720075	-0.515	0.52	1.002524606354789	0.0010950409161180868	True	Female	Threatened abortion	Pregnancy
SO_391.2	146	5754	0.00009126076810468836	4.039715880268334	0.17	0.6647150610168262	0.332	0.998	1.943936539114204	0.28868208303759096	True	Both	Eustachian tube disorders	Sense organs
NS_347	115	5825	0.011044946774539939	1.956836372647168	0.194	0.49216672916873183	0.113	0.872	1.6358568415205768	0.21374529465435246	True	Both	Other disorders of the brain and CNS	Neurological
NS_331	2181	3133	1.9655593086594236e-39	38.70651384727258	0.063	0.825797787168461	0.703	0.949	2.2837019468848863	0.3586394221351785	True	Both	Headache	Neurological
NS_333.3	295	5591	1.2215349302832058e-15	14.913094109687393	0.122	0.9747120628629645	0.736	1.213	2.6504039513767403	0.423312070345921	True	Both	Hypersomnia	Neurological
RE_499.12	61	5944	0.07548500241304618	1.122139326731884	0.265	0.47126713813914867	-0.048	0.991	1.6020228919313124	0.20466871759616975	True	Both	Chronic cough*	Respiratory
GU_603.6	81	5942	0.002974241443893504	2.5266237790909862	0.229	0.6788866813442401	0.231	1.127	1.971681400162558	0.2948367395454148	False	Both	Scrotal pain*	Genitourinary
MB_280.3	898	4651	6.1778651974822254e-15	14.209161572342165	0.076	0.5965958032734289	0.447	0.747	1.8159264954269272	0.2590982652882881	True	Both	Cannabis use disorders	Mental
PP_927.2	136	3200	0.000023555235064410943	4.627912557455585	0.179	0.7576768813740734	0.406	1.109	2.1333145167263057	0.3290548886464248	True	Female	Tobacco use during pregnancy	Pregnancy
CA_136.41	599	5233	0.00007877339795132181	4.103620420498941	0.105	0.4129657704753284	0.208	0.618	1.5112932941975226	0.17934875533235992	True	Both	Benign neoplasm of the colon	Neoplasms
RE_487	199	5693	0.035034105144981426	1.4555089709507656	0.152	0.32044289968097966	0.022	0.618	1.3777378288721713	0.13916658309652674	True	Both	Hemorrhage from respiratory passages	Respiratory
NS_324.31	81	5863	1.8108211301469567e-6	5.742124446442809	0.226	1.0800816702503633	0.637	1.524	2.9449200536025164	0.46907350939458037	True	Both	Dystonia	Neurological
CV_431	402	5528	0.19778739617076324	0.7038013868939981	0.115	0.1478678905994964	-0.077	0.373	1.1593597239273414	0.06421820893803505	True	Both	Stroke and transient cerebral ischemic attacks	Cardiovascular
GI_540.4	67	5964	0.34843309148091517	0.45788060577375045	0.258	0.2416895133063551	-0.264	0.747	1.273398758060675	0.1049644219628326	True	Both	Alcoholic hepatitis	Gastrointestinal
SS_840.6	715	5028	2.277225559657108e-9	8.642593950297103	0.083	0.49710268331910695	0.334	0.66	1.6439513164311799	0.21588895230478783	True	Both	Drug and medical agent allergy	Symptoms
EM_200.41	74	5971	0.061465873166444675	1.211365944536632	0.24	0.4482354073901963	-0.022	0.918	1.5655471936573313	0.19466616402321835	True	Both	Chronic thyroiditis	Endocrine/Metab
GU_582.1	611	5198	0.7837175299016884	0.10584043898628614	0.096	-0.026403504478618983	-0.215	0.162	0.9739420203443541	-0.011466896297972002	True	Both	Acute kidney failure	Genitourinary
RE_480	86	5868	0.21912075367007344	0.6593164869872497	0.229	0.28201563172034533	-0.168	0.732	1.3257994443509609	0.12247783266660561	True	Both	Pulmonary edema	Respiratory
DE_660.1	664	4994	2.1470686855668561e-19	18.668154062091215	0.087	0.780142008468996	0.61	0.95	2.1817820750320496	0.33881136937900486	True	Both	Fungal infection of the skin	Dermatological
GU_593.1	97	5892	0.00007937748609138272	4.100302659446602	0.207	0.8166485581330172	0.411	1.222	2.2629031263964214	0.35466596245141635	True	Both	Gross hematuria	Genitourinary
MS_701.12	53	5995	0.33415469611434956	0.47605243104719475	0.331	-0.31972682607105835	-0.969	0.329	0.7263474291556841	-0.13885559627910138	True	Both	Chronic osteomyelitis	Muscloskeletal
RE_498.1	265	5578	0.04332352720284319	1.3632761923428445	0.134	0.2713348070148364	0.008	0.535	1.3117141679789086	0.11783920943482723	True	Both	Hypoxemia	Respiratory
SO_394	132	5848	0.006752750695245877	2.17051928369869	0.186	0.5028803377427494	0.139	0.867	1.6534769905551716	0.21839815573931964	True	Both	Disorders of vestibular function	Sense organs
SS_807.1	154	5741	1.0741590484321748e-11	10.96893140882046	0.166	1.1267635207530677	0.802	1.452	3.0856536678174824	0.4893471794729375	True	Both	Chronic fatigue syndrome	Symptoms
GI_524	387	5494	4.439598857203065e-12	11.35265626906861	0.108	0.7454783247611054	0.534	0.957	2.107449239086511	0.3237571228222284	True	Both	Functional intestinal disorder	Gastrointestinal
SS_840.4	60	5978	0.0019388113342149352	2.712464450073368	0.261	0.8081600197238707	0.297	1.319	2.243775683162749	0.35097943706090023	True	Both	Latex allergy	Symptoms
SO_375.1	102	5935	0.010989774963558008	1.9590112004869373	0.213	0.5410288949314843	0.124	0.958	1.7177733615630428	0.23496586361895785	True	Both	Glaucoma	Sense organs
GU_626.13	384	2794	8.460932876636638e-18	17.07258175033688	0.111	0.9533067431336046	0.736	1.171	2.5942740893583878	0.4140158581040852	True	Female	Irregular menstrual cycle	Genitourinary
GU_596.5	62	5978	0.18576149026077926	0.7310443134892389	0.266	0.35156389155562023	-0.169	0.872	1.421288552601394	0.15268225813903913	True	Both	Neuromuscular dysfunction of bladder	Genitourinary
ID_054.2	55	5989	0.15607109175784545	0.8066775316121351	0.281	0.39800082325773045	-0.152	0.948	1.4888452556101393	0.17284956133378376	True	Both	Hepatitis B	Infections
EM_247.51	101	5833	0.11406803914313705	0.9428360240145368	0.208	0.3287571758347302	-0.079	0.737	1.3892404734686736	0.1427774273511204	True	Both	Hypocalcemia	Endocrine/Metab
NS_330.1	213	5766	0.00003198753683558935	4.495019200988025	0.141	0.5879083635152469	0.311	0.865	1.800219070833668	0.2553253581394428	True	Both	Epilepsy	Neurological
PP_916	211	3094	0.0057367417412095886	2.2413347009092934	0.15	0.4151083224772964	0.121	0.71	1.5145347899671768	0.18027925384400545	True	Female	Maternal infections and carrier state in pregnancy	Pregnancy
GU_614.5	683	2389	2.799401399971676e-19	18.552934824544185	0.09	0.8119244118731465	0.635	0.989	2.252238052574569	0.35261429179905057	True	Female	Inflammatory disease of cervix, vagina, and vulva	Genitourinary
MS_721	766	4914	1.9385497603787184e-28	27.712523046665783	0.085	0.9349809415870519	0.769	1.101	2.5471649123556634	0.4060570636159633	True	Both	Synoviopathy and bursopathy	Muscloskeletal
MB_280.13	144	5859	0.4253548991315286	0.37124856073486157	0.181	0.14442506742724898	-0.211	0.5	1.1553751164900483	0.06272300983215932	True	Both	Alcoholic liver disease	Mental
BI_177.4	89	5947	0.4955816136281951	0.30488481457995564	0.245	-0.1670719386678687	-0.648	0.313	0.8461387390539594	-0.0725584210443339	True	Both	Lymphedema	Blood/Immune
MS_712.6	136	5843	4.58766102221776e-8	7.338408679179447	0.175	0.9551593012086084	0.613	1.298	2.599084587258976	0.41482041385346463	True	Both	Instability of joint	Muscloskeletal
GI_510	537	5233	2.9577867020451995e-10	9.52903314794048	0.095	0.6000947416347465	0.413	0.787	1.822291439082267	0.260617834911128	True	Both	Diseases of esophagus	Gastrointestinal
MB_296	474	5443	3.157145372400088e-37	36.50070542033217	0.098	1.2510335927328047	1.059	1.443	3.49395241561119	0.5433169859994571	True	Both	Personality disorders	Mental
MS_718.4	1847	3581	3.5843877234721864e-47	46.44558501880428	0.064	0.9221218453536019	0.797	1.047	2.5146203687867197	0.400472429079513	True	Both	Low back pain	Muscloskeletal
NS_329.5	68	5953	6.588098297126762e-11	10.181239929602274	0.261	1.7048259511014212	1.193	2.217	5.500428240417418	0.7403965031688102	True	Both	Mild cognitive impairment	Neurological
SO_387.2	357	5545	1.0772676119129389e-15	14.967676397036223	0.111	0.8930276849562753	0.675	1.111	2.442513629240477	0.38783699576334596	True	Both	Myopia	Sense organs
MS_727.1	66	5980	0.8833872441554177	0.0538488761132971	0.274	-0.04024558591059625	-0.578	0.498	0.9605535117744235	-0.0174784358819352	True	Both	Osteonecrosis	Muscloskeletal
EM_248	61	5918	0.08042497662760499	1.0946090566367934	0.263	0.45936678080368176	-0.056	0.974	1.5830712364521138	0.19950045807269964	True	Both	Disorders of plasma-protein metabolism, NEC	Endocrine/Metab
NS_336.5	187	5736	6.374268232942158e-7	6.195569665111488	0.151	0.7542895060073056	0.457	1.051	2.1261004050329797	0.32758377021650253	True	Both	Mononeuritis of lower limb	Neurological
BI_174.2	102	5878	0.059867129598676155	1.2228115641249042	0.206	0.38687003778398865	-0.016	0.79	1.4723651270036593	0.16801552262328884	True	Both	Splenomegaly	Blood/Immune
RE_499	1843	3346	5.1186476587333035e-37	36.29084476400988	0.064	0.8146957215867149	0.689	0.94	2.258488358533468	0.3538178563152982	True	Both	Other symptoms and disorders of the respiratory system	Respiratory
GI_506	134	5818	0.00042744801308123594	3.3691166973214433	0.18	0.6350006690837695	0.282	0.988	1.8870234040350478	0.2757772865879539	True	Both	Diseases of salivary glands	Gastrointestinal
RE_465.11	147	5709	5.467389303166576e-6	5.262220001250654	0.169	0.7675647685516799	0.437	1.098	2.1545131219746474	0.3333491434853412	True	Both	Streptococcal tonsillitis/pharyngitis	Respiratory
CA_142.2	156	5826	0.323961331533996	0.48950682468109447	0.195	-0.19262969445167402	-0.575	0.19	0.8247873409246447	-0.08365801335107145	True	Both	Abnormal mammogram	Neoplasms
SO_363.2	285	5614	1.778750661377112e-11	10.749884925427757	0.128	0.8610910651130207	0.61	1.112	2.3657404629873726	0.3739670979947787	True	Both	Dry eye syndrome [Tear film insufficiency]	Sense organs
EM_247.4	288	5563	0.42248267356975033	0.3741910971932133	0.13	0.1045823564146095	-0.151	0.36	1.1102468260490768	0.04541954029530409	True	Both	Disorders of magnesium metabolism	Endocrine/Metab
MS_713.37	1434	4155	1.6320740822923506e-35	34.78726013185632	0.067	0.8358599390489959	0.704	0.968	2.306796900331567	0.3630093591729673	True	Both	Pain in knee	Muscloskeletal
SS_809	3508	1864	7.97497507914676e-51	50.09827066538752	0.071	1.0583375204055552	0.92	1.197	2.8815764429183175	0.4596301451033028	True	Both	Pain	Symptoms
ID_084.4	86	5901	4.534966817599774e-6	5.343425886329583	0.221	1.0132660389398236	0.58	1.446	2.7545829144777105	0.44005584941153086	True	Both	Trichomoniasis	Infections
NS_346	135	5822	2.6644982399566368e-12	11.57438456229767	0.178	1.2463801520355164	0.897	1.596	3.4777312865487704	0.5412960223827608	True	Both	Brain damage and brain death	Neurological
GI_542.7	251	5679	0.042340323908633265	1.3732458238982321	0.138	0.2801187958640648	0.01	0.551	1.3232870040234397	0.12165404732114678	True	Both	Chronic nonalcoholic liver disease	Gastrointestinal
DE_688	55	5958	0.5764829462753676	0.23921353563389824	0.29	0.16194719817935996	-0.406	0.73	1.175798155398579	0.07033277452898841	True	Both	Granulomatous disorder of the skin	Dermatological
CV_414.5	52	5996	0.26825762112412654	0.5714479310017571	0.358	-0.39649215374074653	-1.098	0.305	0.6726755546673248	-0.17219435448754195	True	Both	Ischemic cardiomyopathy*	Cardiovascular
BI_164	1606	3918	8.836884768351785e-8	7.053700808104324	0.065	0.3456916896975819	0.219	0.472	1.412966916398517	0.15013199327547105	True	Both	Anemia	Blood/Immune
MS_700	226	5756	0.000015970547469395967	4.7966801960179115	0.139	0.6008592871028038	0.328	0.874	1.8236851964710536	0.2609498727890694	True	Both	Diffuse diseases of connective tissue	Muscloskeletal
EM_215	101	2490	3.832498495082546e-11	10.416518007009131	0.211	1.397663583259428	0.983	1.812	4.045736389491064	0.6069975817666957	True	Male	Testicular dysfunction	Endocrine/Metab
GI_510.2	402	5418	1.3323203952800777e-6	5.8753913238369035	0.108	0.520534408879469	0.31	0.732	1.682926780440725	0.22606522141712443	True	Both	Esophagitis	Gastrointestinal
MS_703.1	128	5891	0.060568033889214314	1.2177565238259458	0.193	0.36130304755447823	-0.016	0.739	1.4351983283260599	0.15691191984773806	True	Both	Gout	Muscloskeletal
MS_717.2	226	5688	1.0558523578456447e-9	8.976396805908037	0.139	0.846128275157824	0.574	1.118	2.330605896427319	0.36746884088335924	True	Both	Sacrococcygeal disorders	Muscloskeletal
GI_542.11	179	5835	0.5898815659598403	0.22923517549895123	0.173	-0.09306327855725961	-0.431	0.245	0.9111358431103085	-0.040416868345243065	True	Both	Cirrhosis of liver	Gastrointestinal
MS_721.5	267	5609	4.110673531502615e-11	10.386087013391624	0.13	0.8564624528694691	0.602	1.111	2.354815670533814	0.37195691723853436	True	Both	Bursitis	Muscloskeletal
CV_417.2	709	4770	1.546304396080195e-18	17.810705009431093	0.082	0.7232905137553436	0.562	0.885	2.061204485760249	0.3141210789369138	True	Both	Tachycardia	Cardiovascular
MS_718.3	348	5368	5.190791545657321e-18	17.28476641138093	0.112	0.9704457958493923	0.751	1.19	2.639120706208563	0.42145925412360075	True	Both	Mid back pain	Muscloskeletal
GI_509	74	5909	1.1574280919129574e-6	5.936505981092286	0.238	1.1551156460003413	0.69	1.621	3.1743905018663354	0.5016603510180583	True	Both	Diseases of tongue	Gastrointestinal
RE_465.1	1084	4307	2.0648928160576539e-25	24.68510248667239	0.072	0.7479207374387689	0.607	0.889	2.112602790813717	0.32481784917066814	True	Both	Acute Pharyngitis	Respiratory
DE_679.4	281	5430	1.3096988290092818e-11	10.882828560784606	0.125	0.8444834298434265	0.6	1.089	2.326775561256888	0.366754493639732	True	Both	Pruritus	Dermatological
DE_679.1	743	4644	9.49822341052333e-28	27.022357619464845	0.082	0.8917891603520753	0.732	1.052	2.4394903885799972	0.38729911136204054	True	Both	Rash and other nonspecific skin eruption	Dermatological
NS_333.61	55	5978	0.007694352520612071	2.1138279201543138	0.274	0.7309215787927529	0.193	1.268	2.0769938394168976	0.3174352083737055	True	Both	Periodic limb movement disorder	Neurological
CV_410.2	70	5959	0.05084325938810901	1.2937666160862313	0.245	0.4785443009129781	-0.002	0.959	1.6137235956096851	0.20782914923275567	True	Both	Endocarditis	Cardiovascular
SO_371.3	280	5692	4.5663014077540985e-6	5.34043542543357	0.148	0.6768404414119383	0.387	0.966	1.967650991945197	0.293948068834166	True	Both	Nuclear cataract	Sense organs
GI_557.2	290	5492	0.00017537310165248527	3.756037017011695	0.124	0.4662021851036632	0.223	0.71	1.5939292355194254	0.2024690364417593	True	Both	Blood in stool	Gastrointestinal
RE_488.8	50	5989	0.23758210778748012	0.6241862690012618	0.343	-0.4056862300148244	-1.079	0.268	0.6665192683593246	-0.17618729107957162	True	Both	Obesity hypoventilation syndrome [OHS]	Respiratory
MS_705	224	5763	0.055934058844478364	1.2523236650307346	0.146	0.27856040526183956	-0.007	0.564	1.321226412012961	0.12097724688195047	True	Both	Rheumatoid arthritis and other inflammatory polyarthropathies	Muscloskeletal
MS_745.1	366	5592	1.026071031299893e-9	8.988822573499256	0.11	0.6708980131105208	0.456	0.886	1.9559930395822673	0.2913673050137547	True	Both	Fracture of lower limb	Muscloskeletal
BI_168.2	98	5924	0.7522024805812905	0.12366523871342025	0.22	0.06945205158487822	-0.362	0.501	1.0719206630756206	0.03016264276017263	True	Both	Hyper-coagulability	Blood/Immune
DE_666	165	5695	8.741060494335927e-10	9.058435874127804	0.16	0.9781520660458454	0.665	1.291	2.659537049341964	0.42480604474597583	True	Both	Urticaria	Dermatological
GU_585	496	5342	3.0179143311182597e-6	5.52029309260903	0.097	0.45352723771864756	0.263	0.644	1.573853762870406	0.19696437673403297	True	Both	Kidney stone disease	Genitourinary
GI_526.12	86	5935	0.39958449690049713	0.3983913698984495	0.231	0.19447995068129503	-0.258	0.647	1.2146791291519217	0.08446156942170298	True	Both	Intestinal infection due to C. difficile	Gastrointestinal
GI_513	270	5639	0.00048056209813393275	3.3182504849270233	0.131	0.45593260010797765	0.2	0.712	1.577644008147181	0.19800901234669666	True	Both	Peptic ulcer	Gastrointestinal
DE_664	207	5759	1.3641304462484541e-6	5.865144097878148	0.144	0.6961450759186064	0.414	0.979	2.0060047870817104	0.3023319650755711	True	Both	Papulosquamous disorders	Dermatological
ID_057	172	5877	0.01803893281962173	1.7437891588261518	0.162	0.3835853346025966	0.066	0.702	1.4675367787734133	0.16658899415692016	True	Both	Retrovirus	Infections
MS_700.4	56	5973	0.01656524684885141	1.7808020880467201	0.271	0.6503245907776413	0.118	1.182	1.9161626968220071	0.28243238122071995	True	Both	Inflammatory myopathy	Muscloskeletal
RE_499.4	94	5799	0.021749628662497897	1.6625481534773798	0.212	0.48636888053202243	0.071	0.902	1.6263998328061253	0.21122732098451927	True	Both	Throat pain	Respiratory
NS_333.11	990	4882	1.5410776930992634e-22	21.812175465867085	0.076	0.743468679177541	0.594	0.893	2.1032182658329117	0.32288434483470513	True	Both	Obstructive sleep apnea	Neurological
EM_204.5	297	5619	0.0002285930134807338	3.64093704713904	0.124	0.45761352077443346	0.214	0.701	1.5802981326261953	0.19873902691665551	True	Both	Prediabetes*	Endocrine/Metab
PP_907	52	3349	0.7986171341913136	0.09766137632936835	0.296	0.07552827287424083	-0.505	0.656	1.0784537182733729	0.032801512136965846	True	Female	Placental disorders	Pregnancy
GU_594.4	552	5114	2.6362313304423147e-13	12.579016482876769	0.094	0.6851393915350261	0.501	0.869	1.984048375811696	0.29755225707821337	True	Both	Frequency of urination and polyuria	Genitourinary
GU_581.31	144	5822	0.7400912404418505	0.13071473597474037	0.182	0.06021457601300349	-0.296	0.416	1.0620644156447259	0.026150858092591343	True	Both	Hydronephrosis	Genitourinary
GU_627.1	88	3331	0.06407261517329353	1.1933275495815447	0.234	0.4337929532014235	-0.025	0.893	1.5430993412606286	0.18839388586389377	True	Female	Postmenopausal bleeding	Genitourinary
EM_203	64	5961	0.0002537574656794807	3.5955811717163404	0.253	0.9245045637948476	0.429	1.42	2.5206191449713855	0.4015072305504751	True	Both	Metabolic syndrome [Dysmetabolic syndrome X]	Endocrine/Metab
GU_592.11	228	5600	0.000031417525968090304	4.502828017281738	0.139	0.5798408437187017	0.307	0.853	1.7857541941348007	0.25182167880915796	True	Both	Acute cystitis	Genitourinary
SS_840.63	172	5768	0.46863381702444074	0.32916637554016737	0.165	0.11973614754270179	-0.204	0.444	1.127199398008144	0.05200074816214902	True	Both	Allergy to narcotic agent	Symptoms
ID_092	734	5117	0.9736629240471145	0.0115913671081222	0.086	0.002835549253209585	-0.166	0.171	1.002839573225485	0.0012314633938338038	True	Both	Bacteremia, Sepsis, and SIRS	Infections
GI_514	253	5600	0.0001971370895073327	3.705231659571329	0.133	0.4962436413183817	0.235	0.758	1.6425396996090964	0.21551587510414974	True	Both	Gastrointestinal obstruction	Gastrointestinal
ID_052.3	162	5771	0.00038580273641026646	3.413634696330122	0.163	0.5792511067431463	0.259	0.899	1.7847013793296889	0.25156555929489993	True	Both	Varicella zoster virus	Infections
GI_540.1	381	5599	1.5067222481941425e-11	10.821966798909092	0.108	0.7278666359912909	0.516	0.939	2.0706584241313477	0.3161084635725005	True	Both	Chronic hepatitis	Gastrointestinal
NS_350	236	5627	9.030608203502896e-8	7.044282999350924	0.136	0.7291842390252721	0.462	0.997	2.0733885281550215	0.3166806912994975	True	Both	Other symptoms involving nervous  system	Neurological
SS_800	2222	3059	2.0256751997712787e-18	17.69343018891417	0.062	0.540378913012417	0.419	0.661	1.7166572027178013	0.23468358005817003	True	Both	Chest pain	Symptoms
MB_291.1	75	5948	0.0032504272197368647	2.4880595537963317	0.234	0.688089064261839	0.23	1.146	1.9899093088622377	0.2988332836668887	True	Both	Conversion disorder	Mental
CV_424.4	77	5968	0.022023193880990236	1.6571196978844718	0.318	-0.7274195903649843	-1.35	-0.105	0.48315411847117545	-0.3159143141238365	True	Both	Combined systolic and diastolic heart failure	Cardiovascular
BI_174	124	5836	0.06719167172277171	1.1726845535680521	0.188	0.34401332949498087	-0.024	0.712	1.4105974379338337	0.1494030907008354	True	Both	Diseases of spleen	Blood/Immune
GI_525.1	52	6011	0.17143581021629561	0.7658984557213487	0.285	0.38956761433041465	-0.169	0.948	1.476342306599438	0.16918706523191324	True	Both	Celiac disease	Gastrointestinal
GI_529.1	1172	4182	1.519970406847865e-21	20.81816486749456	0.07	0.6655701210874805	0.529	0.802	1.9455994324642234	0.2890534309079719	True	Both	Diarrhea	Gastrointestinal
SO_362.6	59	6009	0.8304151535915765	0.08070473432563245	0.301	0.06438056750105378	-0.525	0.654	1.0664981960933348	0.027960125207507458	True	Both	Dermatochalasis of eyelid	Sense organs
MB_280.31	598	5081	3.9895937264231445e-14	13.399071327710777	0.089	0.6742032574542821	0.499	0.849	1.9624687705539479	0.29280275439359216	True	Both	Cannabis abuse or dependance	Mental
DE_676	206	5619	2.4404597668644676e-7	6.6125283476767	0.145	0.7483494212587836	0.464	1.032	2.113508623592313	0.32500402418818175	True	Both	Hypertrophic conditions of skin	Dermatological
RE_479.31	389	5474	0.47706880020855713	0.3214189849089526	0.114	0.08129284288222338	-0.143	0.305	1.0846884933662215	0.03530503308197767	True	Both	Acute respiratory failure	Respiratory
PP_928	76	3324	0.0014706736304020323	2.832483694534001	0.235	0.7488471551937599	0.287	1.21	2.1145608503989113	0.325220187289598	True	Female	Poor fetal growth and uterine size date discrepancy	Pregnancy
SS_809.33	501	5139	9.739559476906406e-21	20.011460685942257	0.096	0.8945139811758117	0.707	1.082	2.446146627200553	0.3884824860099643	True	Both	Pain in hand and fingers*	Symptoms
MS_745.7	209	5771	0.02311240930016985	1.6361547801275476	0.147	0.33279165054096954	0.046	0.62	1.394856650564118	0.1445295774534184	True	Both	Skull and face fracture	Muscloskeletal
MS_710	325	5571	9.232564375413985e-14	13.03467765548423	0.117	0.8684797227765908	0.64	1.097	2.383284844287365	0.37717595124673925	True	Both	Acquired deformities of limbs	Muscloskeletal
SO_361.3	57	5972	0.02176871371216805	1.6621672321537406	0.277	0.6349547591419559	0.093	1.177	1.886936772888998	0.2757573481535598	True	Both	Ptosis of eyelid	Sense organs
GU_582.3	56	6009	0.634612871086486	0.19749112387577267	0.304	-0.14468642751223953	-0.741	0.452	0.8652935828354342	-0.06283651707486049	True	Both	Renal dialysis	Genitourinary
EM_244	58	5934	0.07672235547612904	1.1150780722270999	0.275	0.4870894933374851	-0.052	1.026	1.6275722597346418	0.21154027914952053	True	Both	Disorders of lipoprotein metabolism and other lipidemias	Endocrine/Metab
MB_288.3	1096	4612	1.3888298764995682e-84	83.85735094952693	0.07	1.3721766509581488	1.234	1.51	3.94392590957077	0.5959287477076084	True	Both	Generalized anxiety disorder	Mental
SO_389	188	5573	2.5230598555669836e-8	7.598072446416985	0.15	0.8339898641733201	0.541	1.127	2.30248704853378	0.3621971959737154	True	Both	Other disorders of eye	Sense organs
EM_256.6	98	5876	0.2833567359306308	0.547666458890732	0.238	-0.2550781732559951	-0.721	0.211	0.7748559225830292	-0.11077904309904026	True	Both	Fluid overload	Endocrine/Metab
MS_741.72	125	5721	5.0967350224209775e-11	10.292707944651784	0.184	1.2111595710115342	0.85	1.573	3.3573755115674357	0.5259999183946189	True	Both	Neck sprain	Muscloskeletal
NS_325.3	86	5917	0.0030701939178380557	2.5128341929960034	0.222	0.6564391665778024	0.222	1.091	1.9279151127796461	0.2850879077499091	True	Both	Lack of coordination	Neurological
PP_903	86	3293	0.08370653788259877	1.0772406201973133	0.224	0.3871953042207494	-0.052	0.826	1.4728441158574064	0.16815678404192236	True	Female	Preterm labor (including history of)	Pregnancy
ID_097	281	5604	0.005805712448173533	2.2361444781950266	0.127	0.35027962168550303	0.101	0.599	1.4194644061354391	0.15212450682117257	True	Both	Drug resistant microorganisms	Infections
GI_522.9	501	5108	0.000014671667595296406	4.833520521039094	0.098	0.423690080286346	0.232	0.615	1.5275880907502182	0.18400626390550578	True	Both	Gastritis	Gastrointestinal
SO_374.5	58	5988	0.013488984680611571	1.870020738556596	0.278	0.6869275458710876	0.142	1.232	1.987599334402679	0.29832884263915627	True	Both	Macular degeneration	Sense organs
GI_556	296	5460	3.450257702507207e-7	6.462148465913074	0.123	0.6281046548896028	0.387	0.87	1.8740552296053337	0.2727823856763008	True	Both	Other digestive system symptoms and diseases	Gastrointestinal
CA_101.41	51	6001	0.6838334937011705	0.16504963156902158	0.325	-0.13215118262746411	-0.768	0.504	0.8762085175595847	-0.05739252939209656	True	Both	Colorectal cancer	Neoplasms
NS_336.41	428	5434	2.080797416193363e-17	16.681770200092107	0.105	0.8888779054473208	0.684	1.094	2.4323987380310808	0.3860347694214919	True	Both	Carpal tunnel syndrome	Neurological
SS_840.1	135	5843	1.0379970745757365e-8	7.9838038704735	0.176	1.0069172043610755	0.662	1.352	2.7371499213719157	0.437298585587464	True	Both	Food allergy	Symptoms
EM_256.4	241	5668	0.5290753227124367	0.27648249448712825	0.145	0.09126148297479678	-0.193	0.375	1.0955554369030303	0.03963435846626178	True	Both	Hyperkalemia [Hyperpotassemia]	Endocrine/Metab
GU_629	65	3348	0.006240442067946857	2.2047846441525665	0.252	0.68794703835068	0.195	1.181	1.9896267102481608	0.2987716025973851	True	Female	Female infertility	Genitourinary
MS_710.4	266	5676	2.3157170389784974e-11	10.63531450881243	0.128	0.853921145757435	0.604	1.104	2.348838958270036	0.37085324158295646	True	Both	Acquired deformities of the ankle and foot	Muscloskeletal
NS_329.8	376	5301	6.385106532694305e-11	10.19483185232769	0.109	0.7104499050963192	0.497	0.924	2.034906567565519	0.3085444734520204	True	Both	Altered mental status, unspecified	Neurological
ID_092.2	606	5260	0.4456772750687752	0.3509795098757817	0.094	-0.07200683279227328	-0.257	0.113	0.9305245377086127	-0.03127217014101438	True	Both	Sepsis	Infections
ID_070	542	5101	5.2445625544352955e-17	16.280290730181143	0.094	0.7873166811011779	0.603	0.971	2.197491936341247	0.3419272901126238	True	Both	Candidiasis	Infections
CV_448	237	5691	0.06311111086678142	1.1998941754096428	0.147	0.2722875979188975	-0.015	0.559	1.3129645528899792	0.11825300126686857	True	Both	Peripheral vascular disease	Cardiovascular
SO_367.2	61	5952	0.0009549393826202213	3.020024195567121	0.259	0.8561369170215011	0.348	1.364	2.354049218378293	0.3718155388161001	True	Both	Keratitis	Sense organs
MS_723.6	108	5878	0.001963657593723522	2.706934238606439	0.2	0.6176149337792481	0.227	1.009	1.8544996584599927	0.2682267576813698	True	Both	Impingement syndrome of shoulder*	Muscloskeletal
RE_494.1	134	5843	0.0007471503715802706	3.1265919832242206	0.18	0.606058028879045	0.254	0.958	1.833190751944021	0.26320765765533083	True	Both	Dysphonia	Respiratory
CA_144.21	180	3176	0.4853896114938301	0.3139095228520131	0.166	0.11577000764670504	-0.209	0.441	1.1227376213688711	0.05027827549086124	True	Female	Leiomyoma of uterus	Neoplasms
DE_660.12	518	5232	9.722413453757277e-14	13.012225914132978	0.097	0.7232760431396233	0.533	0.914	2.0611746590780204	0.31411479442835677	True	Both	Dermatophytosis	Dermatological
MS_709.2	303	5654	2.692759995573716e-13	12.56980235332556	0.123	0.9016706207321464	0.66	1.143	2.463715609363193	0.391590575078251	True	Both	Acquired deformities of toe	Muscloskeletal
CV_444.11	151	5837	0.000013496389673011382	4.869782391118732	0.17	0.7413312574444074	0.407	1.075	2.0987276023325374	0.3219560743705051	True	Both	Varicose veins of lower extremities	Cardiovascular
NS_345	327	5564	0.16428031253574793	0.7844144795922979	0.122	0.16912427527700138	-0.069	0.407	1.1842673049265955	0.07344973950868824	True	Both	Encephalopathy	Neurological
MB_287.2	229	5789	0.000012731588549320405	4.8951174050531625	0.137	0.5967802814527682	0.329	0.865	1.8162615251425034	0.25917838314360675	True	Both	Schizoaffective disorder	Mental
CV_413.32	53	5934	0.5356891331874954	0.27108716349194245	0.298	0.18430621423473378	-0.399	0.768	1.202383953812265	0.08004317182262342	True	Both	Tricuspid value insufficiency*	Cardiovascular
GU_626.2	190	3104	1.1616182151220656e-10	9.934936586498512	0.151	0.9736119621876466	0.677	1.27	2.647489843399935	0.4228343026930924	True	Female	Dysmenorrhea	Genitourinary
RE_463.1	191	5688	5.182366787486786e-7	6.285471852611422	0.15	0.753495793120238	0.459	1.048	2.1244135612656803	0.32723906508943357	True	Both	Chronic rhinitis	Respiratory
SS_840.613	97	5909	0.15358216792931004	0.8136592063062946	0.213	0.3038980095410824	-0.114	0.721	1.3551308386252354	0.13198122860507386	True	Both	Allergy to sulfonamides	Symptoms
MB_280.4	217	5734	1.1989262527611583e-14	13.921207529998652	0.14	1.0837212702172223	0.808	1.359	2.955657913435737	0.47065416757652256	True	Both	Sedative, hypnotic, or anxiolytic related disorders	Mental
MB_280.5	1038	4702	3.456895575289243e-13	12.461313739277559	0.073	0.5276251495183436	0.385	0.67	1.694902385533551	0.22914469094919482	True	Both	Stimulant use disorders	Mental
BI_169	274	5630	0.291773689549792	0.534953872821296	0.133	0.14051069472792613	-0.121	0.402	1.1508613876484535	0.06102301936873067	True	Both	Platelet defects	Blood/Immune
GU_581	420	5387	0.05236965921481116	1.2809202521746754	0.107	0.20841659692644815	-0.002	0.419	1.2317261960263113	0.09051417798221063	True	Both	Renal tubulo-interstitial diseases	Genitourinary
EM_247.5	239	5632	0.10361204526360368	0.9845897533993554	0.141	0.2295196903779779	-0.047	0.506	1.2579956373890238	0.09967913501929868	True	Both	Disorders of calcium metabolism	Endocrine/Metab
CV_438	187	5800	0.3839407579198837	0.4157357821255526	0.166	0.14484060046566422	-0.181	0.471	1.155855312784516	0.06290347353779158	True	Both	Aneurysm or ectasia	Cardiovascular
CM_771	63	5928	0.0006060079553388747	3.217521674617381	0.255	0.8748163335907589	0.375	1.375	2.398434741614211	0.379927906357301	True	Both	Congenital malformations of integument	Congenital
