phecode	cases	controls	p_value	neg_log_p_value	standard_error	beta	conf_int_1	conf_int_2	odds_ratio	log10_odds_ratio	converged	phecode_sex_restriction	phecode_string	phecode_category
MS_721.2	124	4580	1.1111115060223812e-11	10.954242355082345	10.821	73.4917538930455	52.282	94.701	8.26158130282263e+31	31.917063181141486	True	Both	Ganglion cyst	Muscloskeletal
GU_586.2	76	4642	0.9975506283809784	0.0010650534672677458	4350.392	13.354993741585334	-8513.257	8539.967	630957.4720723176	5.800000087822974	False	Both	Cyst of kidney	Genitourinary
EM_208	110	4679	0.9982158459291138	0.0007755403154656696	6013.087	13.445908760759076	-11800.0	11800.0	691009.4377488554	5.8394839789722575	False	Both	Disorders of parathyroid gland	Endocrine/Metab
BI_174	52	4695	0.9980086220240192	0.0008657067273788502	5277.431	13.171542449339512	-10300.0	10400.0	525204.216285095	5.720328203902592	False	Both	Diseases of spleen	Blood/Immune
CV_417	1107	3214	0.9953813664261152	0.0020104935237430983	2480.404	14.358142326447057	-4847.144	4875.86	1720528.9428856568	6.235661982757476	False	Both	Abnormalities of heart beat	Cardiovascular
DE_660.123	121	4590	0.99750452699546	0.0010851246690972793	4514.957	14.121056445843998	-8835.033	8863.275	1357365.7703222493	6.132696893074393	False	Both	Dermatophytosis of foot [Athelet's foot]	Dermatological
CV_423.1	142	4579	0.9976966152276056	0.0010015011609188877	4720.992	13.62888455523186	-9239.346	9266.603	829754.004092449	5.918949356833651	False	Both	Cardiac murmurs	Cardiovascular
NS_329.4	408	4016	0.9151809780088237	0.03849301524647916	50.701	5.399914146806422	-93.971	104.771	221.38740857222191	2.3451529167093352	False	Both	Specified cognitive deficit	Neurological
SO_367.3	51	4717	0.998136725207822	0.000809964788553259	5380.221	12.564272799797871	-10500.0	10600.0	286150.3925868016	5.456594346079336	False	Both	Keratoconjunctivitis	Sense organs
RE_465.11	160	4418	0.9958294264859167	0.0018150445883416378	2013.184	10.523038683232851	-3935.245	3956.291	37161.87626710289	4.570097632982488	False	Both	Streptococcal tonsillitis/pharyngitis	Respiratory
MS_719.11	348	4190	0.9884471219801061	0.005046558769632657	704.477	10.200757422956439	-1370.55	1390.951	26923.570884018463	4.430132660023617	False	Both	Spasm of muscle	Muscloskeletal
RE_462.1	693	3565	0.9943418569110645	0.002464278534694432	1848.707	13.11008946506514	-3610.29	3636.51	493900.55244544894	5.6936395119357455	False	Both	Acute sinusitis	Respiratory
SS_840.611	99	4632	0.9978773353588887	0.0009228413287672584	4911.175	13.06553640695631	-9612.661	9638.792	472378.7630980867	5.674290364647165	False	Both	Penicillin allergy	Symptoms
SO_390.4	269	4324	0.9949947200767763	0.0021792238247317613	2098.258	13.162854987892514	-4099.348	4125.673	520661.2867389189	5.716555287334414	False	Both	Impacted cerumen	Sense organs
GU_612.2	94	3028	0.3690661789823909	0.43289575148359605	13.206	11.861828954084721	-14.021	37.745	141751.23783653168	5.1515268600392154	True	Female	Breast conditions, congenital or relating to hormones	Genitourinary
RE_466.4	74	4672	0.9987364695976091	0.0005490912513188516	7170.739	11.355591072895267	-14000.0	14100.0	85441.83003343281	4.931670541708241	False	Both	Hypertrophy of tonsils and adenoids	Respiratory
GI_556	232	4322	0.9839464275884787	0.0070285467272720725	466.225	9.38115791481857	-904.403	923.165	11862.742850404125	4.074185116268721	False	Both	Other digestive system symptoms and diseases	Gastrointestinal
MS_734	217	4385	0.9958638630572852	0.0018000266003802814	2336.683	12.11313704132949	-4567.702	4591.928	182250.4358438482	5.260668575587279	False	Both	Diseases of the jaws	Muscloskeletal
MS_705	154	4587	0.9978898910697392	0.0009173768879580913	5101.129	13.490611905875392	-9984.539	10000.0	722600.5839908981	5.858898308219994	False	Both	Rheumatoid arthritis and other inflammatory polyarthropathies	Muscloskeletal
GU_614.5	530	2319	0.01762750323942458	1.7538091968401646	6.352	-15.074430724667593	-27.523	-2.626	2.8396049099782793e-7	-6.546742081555974	True	Female	Inflammatory disease of cervix, vagina, and vulva	Genitourinary
GU_615	136	2995	0.4922737510996694	0.3077933209538168	11.503	-7.899101410581755	-30.445	14.646	0.0003710768364071065	-3.430536154609849	True	Female	Endometriosis	Genitourinary
RE_488.1	1013	3330	0.9953406687764279	0.002028250663489916	2519.041	14.710292450619175	-4922.52	4951.941	2446802.065757351	6.388598838486971	False	Both	Dyspnea [Shortness of breath]	Respiratory
EM_200.22	209	4533	0.9978693337621884	0.0009263237840779536	5170.007	13.80597383947469	-10100.0	10100.0	990508.6117950223	5.995858255784509	False	Both	Uninodular goiter [single thyroid nodule]	Endocrine/Metab
CV_416.1	120	4627	0.9978844341122541	0.0009197518323532217	5216.368	13.831053144479576	-10200.0	10200.0	1015664.0007278222	6.006750059558099	False	Both	Paroxysmal tachycardia	Cardiovascular
SS_834.3	80	4654	0.998443705434897	0.0006764166302356754	4934.577	9.625026170031193	-9661.968	9681.218	15138.949972035654	4.180095753818937	False	Both	High risk human papillomavirus (HPV) DNA test positive	Symptoms
EM_236.1	1741	2844	0.9939847086769602	0.00262029667743372	1945.742	14.66918142093123	-3798.914	3828.253	2348251.157862404	6.370744545148136	False	Both	Obesity	Endocrine/Metab
SS_807.21	215	4452	0.9971107897023254	0.001256584232771014	3660.452	13.254847577457639	-7161.099	7187.609	570830.488882048	5.756507161358538	False	Both	Muscle weakness (generalized)	Symptoms
PP_904	113	2976	3.075274983930275e-6	5.512116044550658	15.011	-70.03711761955783	-99.458	-40.616	3.8305954583328564e-31	-30.416733710582978	True	Female	Bleeding in pregnancy	Pregnancy
GU_581	249	4401	0.996740101956332	0.0014180683689442755	3360.105	13.728340066203465	-6571.957	6599.413	916520.8230629959	5.962142336443488	False	Both	Renal tubulo-interstitial diseases	Genitourinary
DE_682.11	189	4428	0.9960366621775811	0.0017246757445922919	2646.287	13.144976373677071	-5173.483	5199.773	511435.3041004149	5.70879070383657	False	Both	Sebaceous cyst [Epidermal cyst]	Dermatological
NS_330.12	62	4724	0.9982855334956323	0.0007452223543358309	6228.57	13.383745137053095	-12200.0	12200.0	649361.6854927166	5.81248666022164	False	Both	Partial epilepsy	Neurological
SO_391.1	445	4040	0.9899409541772506	0.004390708472895704	857.424	10.809949282191766	-1669.709	1691.329	49510.95722748851	4.694701322909902	False	Both	Otitis media	Sense organs
MB_308	53	4706	0.9981402201799868	0.000808444110644234	5560.711	12.96140806436983	-10900.0	10900.0	425665.05680828035	5.629068000052126	False	Both	Symptoms related to mental disorders	Mental
MS_715	731	3819	0.8910894115487814	0.05007871684522559	49.023	6.712523071606103	-89.371	102.796	822.6436119611761	2.915211729646797	False	Both	Other non-inflammatory spondylopathy	Muscloskeletal
MS_713.34	240	4342	0.994719202579914	0.002299498129451994	1827.81	12.097442184154653	-3570.343	3594.538	179412.37105180044	5.253852385721989	False	Both	Pain in wrist*	Muscloskeletal
DE_680.1	70	4646	0.9975409217035829	0.0010692793950757673	4320.678	13.316341116948943	-8455.057	8481.69	607034.6284604494	5.7832134662323105	False	Both	Corns and callosities	Dermatological
GI_523	243	4323	0.9884650842463331	0.005038666751888526	759.938	10.986704083649407	-1478.464	1500.437	59083.329074792506	4.77146495783286	False	Both	Diverticular disease [Bowel diverticulosis]	Gastrointestinal
ID_089.1	713	3572	0.9982826148946765	0.0007464920653557185	7325.075	15.766672879970534	-14300.0	14400.0	7036861.928531295	6.847379029744854	False	Both	Bacterial infections	Infections
GU_614.55	183	4460	0.9999638602480404	0.000015695578472269663	3652.259	-0.16542708477012852	-7158.461	7158.13	0.8475316589177043	-0.07184407007300828	False	Both	Candidiasis of vulva and vagina	Genitourinary
MS_718.4	1317	3011	0.9999919631774199	3.490361724302449e-6	2890000.0	29.062005072254262	-5650000.0	5650000.0	4182812872935.727	12.621468435924342	True	Both	Low back pain	Muscloskeletal
SO_367.2	84	4665	0.9979828676483421	0.0008769141732020586	5286.479	13.364763710962773	-10300.0	10400.0	637152.1187326567	5.804243131611959	False	Both	Keratitis	Sense organs
MS_706.1	70	4702	0.9981888788220569	0.0007872730724995976	5641.944	12.806680060474207	-11000.0	11100.0	364645.18375715194	5.561870481764352	False	Both	Sacroiliitis	Muscloskeletal
GU_593.1	93	4657	0.9978997750232448	0.0009130752859007133	5235.711	13.781671631139607	-10200.0	10300.0	966727.2059182585	5.985303940806519	False	Both	Gross hematuria	Genitourinary
MS_708.11	56	4708	0.9976816889952336	0.001007998555764927	4236.222	12.308666129213568	-8290.535	8315.152	221608.17616223014	5.34558577950691	False	Both	Generalized osteoarthritis	Muscloskeletal
ID_002.1	55	4709	0.998121255105001	0.000816695962936556	5665.15	13.3395007696769	-11100.0	11100.0	621257.4011717236	5.793271575614858	False	Both	Staphylococcus aureus	Infections
EM_215	123	1460	0.9994028016826534	0.0002594374093306053	24300.0	18.157740641477936	-47500.0	47600.0	76878794.4427652	7.885806564424279	False	Male	Testicular dysfunction	Endocrine/Metab
MB_286.3	91	3057	0.18264854878144599	0.7383837740883299	14.347	-19.11973680958373	-47.24	9.0	4.97054269027998e-9	-8.303596191844699	True	Female	Premenstrual dysphoric disorder	Mental
SO_374.7	62	4721	0.9976851052351311	0.0010065114566103815	4477.192	12.989652707587021	-8762.146	8788.125	437859.21361539664	5.641334492744678	False	Both	Non-degenerative maculopathy	Sense organs
EM_239.2	579	4037	0.9955820760863977	0.0019229307926960058	2659.531	14.726019782773573	-5197.858	5227.31	2485587.93421252	6.395429132056686	False	Both	Hyperglyceridemia	Endocrine/Metab
GI_556.8	132	4511	0.9967836801189128	0.0013990811306544484	3180.296	12.819995512764525	-6220.445	6246.085	369533.0692888508	5.567653309218082	False	Both	Nonspecific abnormal findings in stool contents	Gastrointestinal
MS_700.2	89	4690	0.9982897798075336	0.00074337504127441	5778.933	12.386823101440452	-11300.0	11300.0	239623.23183581544	5.379528921267312	False	Both	Sicca syndrome [Sjogren syndrome]	Muscloskeletal
DE_660.1	507	3946	0.998963225567936	0.000450498988114454	13600.0	17.730070659956144	-26700.0	26800.0	50127015.885838024	7.7000718513737	False	Both	Fungal infection of the skin	Dermatological
GU_602.1	238	1325	0.9998251037306769	0.00007596312769995885	100000.0	21.918120526884437	-196000.0	196000.0	3303077765.1929483	9.518918798516305	False	Male	Benign prostatic hyperplasia	Genitourinary
NS_325.3	72	4670	0.9979134397268618	0.0009071283312118419	4982.472	13.029755027868253	-9752.436	9778.496	455775.21977320267	5.658750709154334	False	Both	Lack of coordination	Neurological
EM_230.3	54	4679	0.9981042789052369	0.0008240825730723606	5138.455	12.208642396678812	-10100.0	10100.0	200514.6111578432	5.302146024407699	False	Both	Anorexia	Endocrine/Metab
MB_302.3	67	4697	0.9984386515126791	0.0006786149475512551	6391.654	12.507580889600607	-12500.0	12500.0	270379.25204403076	5.431973362312109	False	Both	Specific developmental disorders of scholastic skills	Mental
GE_961	62	4728	0.9983628243464251	0.0007115990176217429	6111.604	12.540381575701131	-12000.0	12000.0	279394.92890700005	5.446218519288208	False	Both	Genetic syndromes associated with neoplasms	Genetic
MS_712	386	4228	0.9960567953203154	0.0017158973283385103	2650.74	13.100206814570178	-5182.255	5208.455	489043.54548808926	5.689347531359204	False	Both	Joint derangements and related disorders	Muscloskeletal
EM_247	807	3717	0.5761156418461573	0.23949033328718106	12.169	-6.803533110188363	-30.655	17.048	0.0011098470008966195	-2.9547368872008746	False	Both	Disorders of mineral metabolism and mineral deficiencies	Endocrine/Metab
MB_293	175	4532	0.997790384258422	0.0009606856881070109	4520.68	12.51932665506082	-8847.85	8872.888	273573.787730081	5.437074483437209	False	Both	Eating disorders	Mental
MS_708	1018	3503	0.9189954324084126	0.03668664713918973	83.414	8.483174097279171	-155.006	171.972	4832.765244824555	3.684195699472944	False	Both	Osteoarthritis	Muscloskeletal
MS_741	1046	3226	0.9976127432621916	0.0010380119221520953	5422.419	16.22380668932899	-10600.0	10600.0	11115006.490590075	7.045909720640644	False	Both	Sprains and strains	Muscloskeletal
RE_463.4	177	4267	0.9972275408852771	0.0012057358949620536	3827.911	13.301107274269395	-7489.267	7515.869	597857.23936265	5.776597492418401	False	Both	Nasal congestion*	Respiratory
MB_286.1	468	4250	0.997558790433398	0.0010615000437878802	4778.018	14.618859913741042	-9350.125	9379.363	2233007.5540703405	6.348890192254383	False	Both	Bipolar disorder	Mental
GU_593.2	102	4609	0.9976617505234322	0.0010166779320664792	4430.859	12.98492177288226	-8671.339	8697.309	435792.6225740339	5.639279873908155	False	Both	Microscopic hematuria	Genitourinary
EM_200.11	146	4578	0.9977592594929403	0.0009742331475176744	4772.1	13.40175323189882	-9339.743	9366.546	661161.3784324529	5.8203074764427285	False	Both	Secondary hypothyroidism	Endocrine/Metab
RE_462	1056	3185	0.9979672235451341	0.0008837221066545699	6398.782	16.30224141133118	-12500.0	12600.0	12021910.421405476	7.0799734875958125	False	Both	Sinusitis	Respiratory
RE_494.1	177	4532	0.9975534451861633	0.0010638271423209942	4505.594	13.815532865694689	-8816.987	8844.618	1000022.3079792337	6.000009688124223	False	Both	Dysphonia	Respiratory
SO_363.2	308	4311	0.9960008974764425	0.0017402702420733504	2681.367	13.43942059874629	-5241.943	5268.822	686540.5696114912	5.836666206012411	False	Both	Dry eye syndrome [Tear film insufficiency]	Sense organs
SO_387.3	357	4250	0.9956525218626844	0.0018922019052419916	2456.533	13.385112682820992	-4801.33	4828.101	650250.3248065198	5.8130805778023875	False	Both	Astigmatism	Sense organs
CV_406	57	4716	0.9979903409664238	0.0008736620044951839	5292.568	13.330586527043353	-10400.0	10400.0	615743.9724900468	5.789400169228762	False	Both	Pulmonary heart disease	Cardiovascular
DE_672.21	221	4469	0.9969789454556683	0.0013140131717678193	3773.585	14.288074214134774	-7381.803	7410.379	1604101.2905468375	6.205231788222874	False	Both	Actinic keratosis	Dermatological
SO_396.1	69	4673	0.9980465769614902	0.0008491905309179255	5291.881	12.955874525291506	-10400.0	10400.0	423316.1275218459	5.6266648145650136	False	Both	Conductive hearing loss	Sense organs
MB_280.8	74	4664	0.9966891381698125	0.001440274616170513	5100.693	-21.165640577990217	-10000.0	9976.009	6.425088159115365e-10	-9.192120908968706	False	Both	Psychoactive substance abuse	Mental
PP_901.3	63	3095	0.20808183297153293	0.6817658351397688	17.274	-21.746057325905326	-55.603	12.111	3.595897470244722e-10	-9.444192699792467	True	Female	Missed abortion	Pregnancy
MS_723.4	160	4554	0.9975760901486866	0.0010539685520961036	4554.032	13.834808782682968	-8911.904	8939.574	1019485.6391043506	6.008381112505858	False	Both	Lateral epicondylitis (Tennis elbow)	Muscloskeletal
MS_703.1	84	4685	0.997899373396464	0.0009132500773318433	5491.526	14.457804819540558	-10700.0	10800.0	1900836.897528407	6.278944853560704	False	Both	Gout	Muscloskeletal
SS_807.1	282	4309	0.9952945187791095	0.002048387642183087	2085.833	12.301157301579966	-4075.856	4100.458	219950.39036828835	5.342324737100075	False	Both	Chronic fatigue syndrome	Symptoms
SS_805	464	3836	0.9993553637297102	0.0002800522506419503	22000.0	17.753002707448356	-43000.0	43100.0	51289812.69351422	7.710031113058311	False	Both	Fever	Symptoms
NS_350	251	4394	0.9967334469351311	0.001420968070308376	3248.112	13.297863252500271	-6352.885	6379.48	595920.9198926854	5.775188631664896	False	Both	Other symptoms involving nervous  system	Neurological
GI_520	401	4166	0.991966176428696	0.0035031359514750946	1257.492	12.661783834030308	-2451.978	2477.301	315458.9476236757	5.498942850171162	False	Both	Hernia	Gastrointestinal
SS_808	441	4093	0.8377198214801574	0.07690120849503354	18.42	3.772572212171913	-32.33	39.875	43.49179119699278	1.6384072943278056	False	Both	Syncope and collapse	Symptoms
GU_581.3	145	4555	0.997338189039851	0.001157551087319394	4258.21	14.205779082785337	-8331.733	8360.145	1477377.4531400786	6.16949146679031	False	Both	Obstructive and reflux uropathy	Genitourinary
MS_723.51	99	4652	0.9979384124577309	0.0008962602708363188	5308.668	13.716639953857527	-10400.0	10400.0	905859.9149931972	5.957061042213999	False	Both	Achilles tendinitis	Muscloskeletal
GE_978.2	77	4713	0.9985635374124299	0.0006242962717873695	6644.262	11.961929664188869	-13000.0	13000.0	156675.12363166342	5.195000046072044	False	Both	Herediatary connective tissue diseases	Genetic
CA_149	57	4725	0.9982517992331326	0.000759898367467114	5957.277	13.052671751374346	-11700.0	11700.0	466340.69511356705	5.668703315716332	False	Both	Benign neoplasm of the endocrine glands	Neoplasms
CA_136	611	3980	0.9943129009636246	0.0024769256853801125	2007.999	14.312578088140866	-3921.293	3949.918	1643893.5273920037	6.215873685488972	False	Both	Benign neoplasm of the digestive organs	Neoplasms
EM_237	299	4289	0.9951759214472098	0.0021001403995539233	2003.795	12.115189097498101	-3915.25	3939.481	182624.80795988746	5.261559772257863	False	Both	Abnormal weight gain	Endocrine/Metab
PP_909.1	62	3106	0.0008576950073684551	3.0666671179375533	20.092	-66.9759868286894	-106.356	-27.596	8.178967835157175e-30	-29.08730149972468	True	Female	Gestational diabetes mellitus*	Pregnancy
RE_499.1	1344	2813	0.9958533540917418	0.0018046095659807941	2960.668	15.38680656265242	-5787.415	5818.189	4812881.670803814	6.682405184272688	False	Both	Cough	Respiratory
CA_144	283	2777	2.115550790896422e-17	16.674576543511012	7.728	65.59182741785136	50.445	80.739	3.0631531114575807e+28	28.486168705523266	True	Female	Gynecological benign neoplasms	Neoplasms
GI_507	153	4470	0.9963918886424646	0.0015698165953434838	2785.5	12.59634441347825	-5446.883	5472.076	295476.44889411464	5.470522870926457	False	Both	Lesions of mouth	Gastrointestinal
MS_741.5	204	4403	0.9959017266205948	0.0017835146808072653	2459.529	12.633240776695496	-4807.956	4833.222	306582.07401317277	5.486546757874005	False	Both	Sprains and strains of knee and leg	Muscloskeletal
MB_304	4561	130	0.9959426601981323	0.0017656646650437756	4118.067	20.94096291249985	-8050.323	8092.205	1243210411.7468674	9.094544638639332	False	Both	Attention-deficit hyperactivity disorders	Mental
MB_283	307	4137	0.9865241242649797	0.005892290130940594	604.479	10.209828679515034	-1174.546	1194.966	27168.912599422005	4.434072256690944	False	Both	Other mental and behavioral problems	Mental
GU_592	309	4199	0.9987136231420422	0.0005590260072562008	9115.874	14.696930860219993	-17900.0	17900.0	2414326.3455641665	6.382795973507155	False	Both	Cystitis and urethritis	Genitourinary
CA_139.5	130	4583	0.9975782609207078	0.0010530235081101635	4535.533	13.76626985938372	-8875.715	8903.247	951951.9686326332	5.978615036321404	False	Both	Lipoma	Neoplasms
GI_504	114	4592	0.9975583989676124	0.0010616704713010388	4442.832	13.595500577482273	-8694.195	8721.386	802510.7884780292	5.904450879513025	False	Both	Periodontal diseases	Gastrointestinal
NS_331	1783	2540	0.04466788811023543	1.3500045804082355	3.944	7.918991968836449	0.189	15.649	2748.9985723655095	3.439174514301838	True	Both	Headache	Neurological
SO_360	220	4405	0.9962434180581641	0.0016345348660568293	2817.054	13.263236729284591	-5508.06	5534.587	575639.4157259734	5.760150523704832	False	Both	Inflammation of eyelids	Sense organs
MS_716.2	385	4206	0.9947884300482438	0.0022692744630424385	2019.183	13.18885778153551	-3944.336	3970.714	534377.4917228769	5.727848157127636	False	Both	Degenerative disc disease	Muscloskeletal
NS_335	63	4705	0.9981766212128969	0.0007926061761016136	5687.99	12.998583671326122	-11100.0	11200.0	441787.232764429	5.645213161014647	False	Both	Nerve root and plexus disorders	Neurological
CV_400	52	4702	0.9978713082112428	0.0009254644616679412	4886.578	13.037013513584752	-9564.481	9590.555	459095.49319692975	5.661903029447982	False	Both	Rheumatic fever and chronic rheumatic heart diseases	Cardiovascular
RE_467	53	4636	0.997767203613015	0.0009707753256588278	4157.683	11.634856150435725	-8137.274	8160.544	112967.57961145425	5.052953823872346	False	Both	Laryngitis and tracheitis	Respiratory
DE_679.4	273	4255	0.9944959251006761	0.002396992036696279	1733.595	11.95901581640545	-3385.825	3409.743	156219.26065016398	5.193734578058599	False	Both	Pruritus	Dermatological
DE_660	1065	3128	0.9995003306455081	0.00021705787653369132	34100.0	-21.37733487899744	-66900.0	66900.0	5.19925866469836e-10	-9.284058575746508	False	Both	Infection of the skin	Dermatological
CA_140	52	4717	0.9999995410956566	1.992996697960742e-7	615000.0	0.3534909733646928	-1200000.0	1200000.0	1.4240301326926785	0.15351917913489546	False	Both	Benign neoplasm of the breast	Neoplasms
SS_809.1	219	4268	0.9924032862466619	0.0033118062736410786	1199.343	11.419199302187398	-2339.25	2362.088	91053.20656719372	4.95929524469345	False	Both	Acute pain	Symptoms
GI_523.4	74	4693	0.9979987296280923	0.0008700115341325086	5378.876	13.491419926910618	-10500.0	10600.0	723184.6964186132	5.859249227296854	False	Both	Diverticulitis	Gastrointestinal
NS_356	109	4605	0.9976609503792674	0.001017026244843504	4584.993	13.441218266126084	-8972.979	8999.862	687775.8511784136	5.837446923035753	False	Both	Speech disturbance	Neurological
MB_286.2	2337	2135	0.9935684052130539	0.0028022272115685574	1864.942	15.033101884787955	-3640.186	3670.252	3379038.9232344534	6.528793194452784	False	Both	Major depressive disorder	Mental
MB_301	130	4645	0.9983166610696561	0.000731680814943096	6345.45	13.387337951579854	-12400.0	12500.0	651698.9176962379	5.814046999745113	False	Both	Pervasive developmental disorders	Mental
DE_684.2	103	4628	0.998277361521438	0.0007487775073517804	5114.982	11.043290821077182	-10000.0	10000.0	62523.06583975988	4.796040265646651	False	Both	Hypertrichosis and hirsutism	Dermatological
NS_326	75	4713	0.998294135574707	0.0007414801190191636	6083.99	13.007483036364544	-11900.0	11900.0	445736.405117223	5.649078106143277	False	Both	Demyelinating diseases of the central nervous system	Neurological
GI_522.12	67	4718	0.9982586063771626	0.0007569368952088606	6225.53	13.587312802658303	-12200.0	12200.0	795966.8376049128	5.900894974087908	False	Both	Ulcerative colitis	Gastrointestinal
RE_499.4	59	4624	0.9975548072517606	0.0010632341543744212	4082.196	12.510294138782816	-7988.446	8013.467	271113.8544575629	5.4331517114599714	False	Both	Throat pain	Respiratory
EM_232.2	371	4288	0.9968808035616922	0.0013567669141539738	3543.908	13.85435231273921	-6932.078	6959.787	1039605.957954003	6.016868759766194	False	Both	Vitamin B group deficiency	Endocrine/Metab
CV_448.1	146	4593	0.997988111891816	0.0008746320297983387	5151.091	12.988633381559163	-10100.0	10100.0	437413.11971860606	5.640891805075518	False	Both	Raynaud's syndrome	Cardiovascular
CV_416.21	139	4614	0.99768777401244	0.001005349733635444	4996.035	14.478258651005778	-9777.571	9806.528	1940116.6362406057	6.287827839699828	False	Both	Atrial fibrillation	Cardiovascular
MS_721	704	3718	9.276418646748977e-94	93.03261965978932	5.457	112.08347396849274	101.389	122.778	4.7559168941443553e+48	48.67723425706317	True	Both	Synoviopathy and bursopathy	Muscloskeletal
SO_391	639	3761	0.9900878700990731	0.0043262601441784254	932.009	11.578657674473039	-1815.125	1838.283	106794.06945010775	5.0285471358703795	False	Both	Disorders of the middle ear	Sense organs
RE_466	225	4416	0.9971911356322122	0.0012215907409944317	3372.868	11.873832245001658	-6598.825	6622.573	143462.97185076537	5.15673982304912	False	Both	Tonsillitis and adenoiditis	Respiratory
MS_703	100	4654	0.9977693515785028	0.0009698403895823651	5158.365	14.42127531697136	-10100.0	10100.0	1832653.2111530353	6.263080292168231	False	Both	Chrystal arthropathies	Muscloskeletal
EM_200.12	662	4030	0.997249246778254	0.0011962830403554432	4203.402	14.491499551360283	-8224.025	8253.008	1965976.3524474734	6.29357828965922	False	Both	Hypothyroidism (not specified as secondary)	Endocrine/Metab
MS_713.32	258	4294	0.9723282920531254	0.012187077300896942	242.963	8.427963478862615	-467.77	484.626	4573.177230984744	3.6602180325521676	False	Both	Pain in elbow	Muscloskeletal
MS_740	152	4552	0.9975622947274613	0.0010599744265349105	4457.462	13.618505114061913	-8722.846	8750.083	821186.1628431984	5.914441622808304	False	Both	Dislocation	Muscloskeletal
MB_302	123	4606	0.9980760814687477	0.0008363519965322638	5301.486	12.783349498416735	-10400.0	10400.0	356236.2803113705	5.55173814740309	False	Both	Developemental delay	Mental
CA_144.2	237	2844	1.0160801124787616e-11	10.993072048906603	8.306	56.51911071632222	40.239	72.8	3.5151017930706766e+24	24.545937906177684	True	Female	Benign neoplasms of the uterus	Neoplasms
RE_494	206	4497	0.997472031393096	0.0010992728662123743	4402.729	13.949360459997118	-8615.241	8643.14	1143221.21158609	6.058130273856155	False	Both	Voice disturbance	Respiratory
SO_394.2	135	4551	0.9973137748497058	0.0011681824638729793	3921.344	13.201950476771627	-7672.491	7698.895	541419.935044877	5.733534242421922	False	Both	Vertigo	Sense organs
CV_418.1	284	4225	0.9937883358660384	0.002706104892502063	1624.736	12.648966392427857	-3171.775	3197.073	311441.37349812646	5.4933763060111005	False	Both	Abnormal electrocardiogram [ECG] [EKG]	Cardiovascular
RE_499.3	151	4520	0.9974814389178712	0.0010951768948936804	3887.354	12.27063925577084	-7606.802	7631.344	213339.32575948752	5.329070918206701	False	Both	Bronchospasm	Respiratory
GU_582	341	4364	0.9972721231635636	0.0011863206623573702	4410.674	15.079622659339357	-8629.682	8659.841	3539948.2251506997	6.548996910134322	False	Both	Renal failure	Genitourinary
ID_004	204	4341	0.9678640094706892	0.014185659308764361	148.346	5.976461993384955	-284.776	296.729	394.0437695612923	2.595544465031595	False	Both	Streptococcus	Infections
BI_164.2	83	4654	0.9978593281452796	0.0009306784684541883	4842.354	12.991732839024419	-9477.847	9503.831	438770.9662847286	5.642237882349573	False	Both	Macrocytic anemia	Blood/Immune
SO_389	126	4460	0.9953425599320928	0.0020274255010956	1960.888	11.446227403253982	-3831.823	3854.715	93547.76152044762	4.971033399842992	False	Both	Other disorders of eye	Sense organs
SO_386.2	78	4673	0.9979899992922237	0.0008738106905485915	5241.559	13.204351319636828	-10300.0	10300.0	542721.3608673343	5.734576915230196	False	Both	Diplopia	Sense organs
SS_840.1	153	4528	0.9975332749414564	0.0010726085410309072	4060.774	12.554233470508334	-7946.417	7971.525	283292.00671536656	5.45223432076688	False	Both	Food allergy	Symptoms
MB_283.3	69	4660	0.9980911448630876	0.0008297974865148977	5357.765	12.817903115069445	-10500.0	10500.0	368760.66751406784	5.566744592445162	False	Both	High risk sexual behavior	Mental
CV_413	297	4379	0.9970050886174202	0.0013026250857099799	3831.273	14.380965996314181	-7494.777	7523.539	1760249.285220359	6.245574176637549	False	Both	Heart valve disorders	Cardiovascular
CV_446	234	4369	0.9957490684775914	0.0018500912005636543	2353.648	12.539710944692947	-4600.525	4625.604	279207.6208184719	5.44592726794196	False	Both	Hypotension	Cardiovascular
SO_374.4	80	4693	0.9980206782551315	0.0008604603568531587	5664.025	14.050829819504694	-11100.0	11100.0	1265312.6699265155	6.102197856772552	False	Both	Retinopathy	Sense organs
SO_367.12	148	4509	0.9970874524884554	0.0012667489425704137	3527.392	12.87619708634608	-6900.685	6926.437	390896.10453088174	5.592061342498831	False	Both	Allergic conjunctivitis	Sense organs
DE_678	491	3793	0.9944210023302599	0.002429711900786414	1941.27	13.57393058924251	-3791.246	3818.393	785385.9949635388	5.895083152645777	False	Both	Other skin and subcutaneous disorders	Dermatological
CA_138.2	500	3900	0.9958811659434206	0.001792480907673286	2721.227	14.047562838300108	-5319.46	5347.555	1261185.6623147763	6.100779024862919	False	Both	Melanocytic nevi*	Neoplasms
CV_438	122	4622	0.9977390070251883	0.000983048524747033	5012.667	14.204585261559421	-9810.442	9838.851	1475614.780944918	6.168972996819516	False	Both	Aneurysm or ectasia	Cardiovascular
MS_732	56	4641	0.9974706528358747	0.0010998730837514191	3932.019	12.464783801778712	-7694.151	7719.081	259051.92462839262	5.413386823229531	False	Both	Nonspecific abnormal findings on radiological and other examination of musculoskeletal system	Muscloskeletal
SS_834	312	4296	0.9966792003209763	0.0014446049276621129	2493.719	10.3789010574947	-4877.22	4897.978	32173.585136461745	4.507499457489773	False	Both	Abnormal cytological findings in specimens from genital organs	Symptoms
DE_676.2	125	4509	0.996638638348262	0.001462279821836661	2950.369	12.429474659306633	-5770.187	5795.046	250064.62396663745	5.3980522574931715	False	Both	Scar conditions and fibrosis of skin	Dermatological
SS_840.612	66	4654	0.997854812267643	0.0009326439009765842	4601.507	12.37159872007569	-9006.416	9031.159	236002.7461280116	5.372917056450206	False	Both	Allergy to antibiotic agent (excluding penicillin)	Symptoms
CV_410	58	4717	0.9980548873890951	0.0008455743090819893	5581.362	13.606464421362485	-10900.0	11000.0	811357.8014880802	5.90921241641065	False	Both	Inflammation of the heart [Carditis]	Cardiovascular
MS_717.2	217	4443	0.9971275600964696	0.0012492799006312712	3532.044	12.715631542739255	-6909.963	6935.395	332911.35846750607	5.522328612926591	False	Both	Sacrococcygeal disorders	Muscloskeletal
EM_209.1	55	4732	0.9983213608906908	0.0007296362717471342	6265.436	13.181624023824883	-12300.0	12300.0	530525.8820227548	5.724706576070485	False	Both	Pituitary hyperfunction	Endocrine/Metab
RE_498	67	4654	0.9976707567721708	0.0010127574184523008	4418.84	12.899819559306136	-8647.867	8673.666	400239.965236776	5.602320452154292	False	Both	Asphyxia and hypoxemia	Respiratory
NS_333.7	67	4715	0.9983199866797527	0.0007302340879028395	6096.151	12.835969947604886	-11900.0	12000.0	375483.5524908933	5.574590918120775	False	Both	Narcolepsy	Neurological
RE_495.1	154	4576	0.9976453376895135	0.0010238227001531253	4750.597	14.019656366265075	-9296.979	9325.018	1226476.970942461	6.0886593980487165	False	Both	Solitary pulmonary nodule	Respiratory
CV_402	296	4277	0.9935884186378753	0.0027934793162239274	1549.075	12.448073245213177	-3023.683	3048.579	254758.99133783014	5.406129520723587	False	Both	Elevated blood pressure reading without diagnosis of hypertension	Cardiovascular
BI_164	1069	3408	0.9952624088528447	0.0020623989609238357	2420.839	14.374276061933235	-4730.383	4759.132	1748512.635489402	6.24266877505161	False	Both	Anemia	Blood/Immune
SO_369	94	4660	0.9979366518761073	0.0008970264619649456	5389.292	13.936849560609978	-10500.0	10600.0	1129007.5840583374	6.052696859288673	False	Both	Disorders of the cornea	Sense organs
DE_685.8	176	4455	0.996671205573349	0.0014480885848942014	3001.174	12.521008799281493	-5869.672	5894.714	274034.3655666072	5.437805029390013	False	Both	Hyperhidrosis	Dermatological
ID_002	68	4675	0.9979352115937634	0.0008976532623981381	5151.292	13.330674987125782	-10100.0	10100.0	615798.443661835	5.78943858695443	False	Both	Staphylococcus	Infections
GU_596	228	4462	0.997261891815603	0.001190776257427099	4082.113	14.008655463055545	-7986.786	8014.804	1213058.559145375	6.083881766488866	False	Both	Other disorders of bladder	Genitourinary
GU_616	76	2996	8.105062608598594e-6	5.091243626038924	13.987	62.41613463295742	35.002	89.83	1.2793307915574036e+27	27.106982852823858	True	Female	Disorders of uterus, except cervix	Genitourinary
GU_614	572	2258	0.02314246113939093	1.6355904568613875	6.163	-13.996035715688452	-26.075	-1.917	8.348316779676652e-7	-6.078401079844324	True	Female	Inflammatory diseases of female pelvic organs	Genitourinary
GI_511	1537	2889	0.9834530024012116	0.007246389466564089	600.914	12.462997623428018	-1165.307	1190.233	258589.62468690088	5.41261109582813	False	Both	Gastro-esophageal reflux disease [GERD]	Gastrointestinal
NS_355	193	4429	0.9963869757379207	0.0015719579742708727	2794.955	12.656311567311459	-5465.355	5490.668	313737.38683943375	5.496566274931663	False	Both	Coma and other alteration of consciousness	Neurological
RE_460.1	1736	2353	0.9994815469446628	0.00022521968902286359	30600.0	19.85705216932948	-59900.0	59900.0	420540845.9695943	8.62380818400479	False	Both	Acute upper respiratory infection	Respiratory
GU_594.41	111	4586	0.9971732270427835	0.0012293903203624676	3857.707	13.667244414113599	-7547.299	7574.633	862201.6147455602	5.935608831872578	False	Both	Nocturia	Genitourinary
MS_745	723	3852	0.9934280470552314	0.002863582905952647	1629.369	13.4208078859068	-3180.083	3206.925	673880.3729297832	5.82858280753297	False	Both	Fractures	Muscloskeletal
SS_830	132	4593	0.9977119603842296	0.0009948215095158136	4854.142	13.919913415109342	-9500.023	9527.863	1110047.555439789	6.045341584753037	False	Both	Proteinuria	Symptoms
MB_282.2	289	4376	0.9968524068346502	0.0013691382201993258	3613.904	14.256610617258367	-7068.865	7097.379	1554416.2283518007	6.191567321718622	False	Both	Personal history of nicotine dependence	Mental
CA_110.1	51	4747	0.9983282257396754	0.000726649902929004	6226.623	13.046394083204918	-12200.0	12200.0	463422.33281496534	5.66597695907113	False	Both	Malignant neoplasm of the thyroid	Neoplasms
PP_928	56	3090	0.000026658931234380903	4.574157265586632	23.65	-99.33747600774716	-145.691	-52.984	7.215764049537179e-44	-43.14171767636126	True	Female	Poor fetal growth and uterine size date discrepancy	Pregnancy
SS_840	1760	2460	0.9958250498379957	0.0018169533070113745	2982.695	15.607096708233566	-5830.368	5861.583	5998960.176360602	6.7780759789162435	False	Both	Allergy	Symptoms
DE_668.2	240	4377	0.9960829035513235	0.0017045139292063032	2692.53	13.218632715099922	-5264.044	5290.481	550527.7899166661	5.7407792464736955	False	Both	Seborrheic dermatitis	Dermatological
CV_401.1	1415	3158	0.9921802009410289	0.0034094436048631247	1548.115	15.172800896337858	-3019.077	3049.423	3885650.2268498796	6.589463704296245	False	Both	Essential hypertension	Cardiovascular
GU_626.1	884	1988	8.336743620929699e-13	12.079003554113804	5.506	-39.39635398676904	-50.187	-28.605	7.769281484946278e-18	-17.10961914356097	True	Female	Irregular menstrual cycle/bleeding	Genitourinary
EM_247.88	606	3985	0.9951028804743315	0.0021320166286103817	2093.073	12.846585993326029	-4089.501	4115.194	379490.93670259207	5.5792014081970995	False	Both	Iron deficiency	Endocrine/Metab
RE_495	322	4260	0.9940399591294644	0.002596157171480921	1727.627	12.905157838852562	-3373.182	3398.993	402382.2710831231	5.6046388375041625	False	Both	Abnormal findings on diagnostic imaging of lung	Respiratory
EM_204.1	222	4473	0.9972878379380117	0.0011794772082016785	4213.082	14.321099716406966	-8243.169	8271.811	1657962.0351023248	6.21957458162177	False	Both	Impaired fasting glucose	Endocrine/Metab
SS_809.31	345	4153	0.9986878941256623	0.0005702145136657482	9603.734	15.793164301125497	-18800.0	18800.0	7225769.569683086	6.85888410777023	False	Both	Pain in arm*	Symptoms
GI_502.11	150	4574	0.9977062995324917	0.00099728563117095	4851.345	13.946311784153993	-9494.515	9522.407	1139741.2080916583	6.056806250760374	False	Both	Dental caries	Gastrointestinal
GU_626.13	503	2409	3.751661266651267e-12	11.425776380491586	6.984	-48.51094215588505	-62.199	-34.823	8.549988090160017e-22	-21.068034490228715	True	Female	Irregular menstrual cycle	Genitourinary
GI_529	1600	2622	0.9999832797198359	7.261586119184526e-6	1310000.0	27.376898941758746	-2560000.0	2560000.0	775597038333.4957	11.889636142028799	False	Both	Symptoms involving digestive system	Gastrointestinal
EM_203	99	4660	0.9980719545213594	0.0008381477656290634	5543.312	13.395131579187565	-10900.0	10900.0	656797.8601932287	5.817431729209151	False	Both	Metabolic syndrome [Dysmetabolic syndrome X]	Endocrine/Metab
GU_610.1	152	2929	1.0111745885997249e-16	15.99517385299522	10.23	84.94656738427524	64.896	104.997	7.795167859180313e+36	36.89182547161349	True	Female	Cystic mastopathy	Genitourinary
MS_712.6	173	4522	0.9975147920186469	0.0010806554964088418	4304.966	13.408900037627028	-8424.17	8450.988	665903.4956700796	5.823411294733724	False	Both	Instability of joint	Muscloskeletal
NS_348	115	4626	0.9978616210660962	0.0009296805304824389	5106.657	13.686165252954853	-9995.177	10000.0	878670.50382857	5.943826047774316	False	Both	Other diseases of spinal cord	Neurological
MB_280	217	4390	0.9940868413104457	0.0025756749039524936	2491.788	-18.46692621171764	-4902.283	4865.349	9.548075589449083e-9	-8.020084151463495	False	Both	Psychoactive substance related disorders	Mental
GU_626.2	221	2824	4.1609154392790425e-15	14.380811110120934	11.751	-92.24844134619106	-115.281	-69.216	8.64989746022966e-41	-40.06298904082656	True	Female	Dysmenorrhea	Genitourinary
NS_333.6	336	4337	0.9970216134008243	0.0012954269652034295	3810.186	14.222899355788753	-7453.603	7482.049	1502888.3117916146	6.1769267068843705	False	Both	Sleep related movement disorders	Neurological
NS_330	248	4474	0.9977280539415354	0.0009878161943150765	4876.682	13.88618611277215	-9544.235	9572.007	1073232.9641002521	6.030694003458511	False	Both	Epilepsy, recurrent seizures, convulsions	Neurological
DE_683.1	145	4569	0.9975719173567797	0.0010557851797272184	4634.944	14.104852368468515	-9070.218	9098.428	1335548.1549066666	6.125659551685889	False	Both	Ingrowing nail	Dermatological
DE_672.2	338	4306	0.9963310222143884	0.00159634708155496	3117.649	14.336189551789788	-6096.143	6124.815	1683170.1239099503	6.226128013861358	False	Both	Skin changes due to chronic exposure to nonionizing radiation	Dermatological
DE_684.21	69	3065	0.001253966684596797	2.9017140016934793	18.626	-60.09477405105725	-96.602	-23.588	7.964733307750003e-27	-26.09882876159689	True	Female	Hirsutism*	Dermatological
GU_621	108	3017	0.036139535037958456	1.4420174392611944	12.1	25.353144811376133	1.638	49.068	102501658038.16408	11.010730890474715	True	Female	Dysplasia of female genital organs	Genitourinary
GU_625	396	2528	0.013609133574633036	1.8661695232708497	6.854	16.912642978344415	3.478	30.347	22134388.06858798	7.345067519894758	True	Female	Pain and other symptoms associated with female genital organs	Genitourinary
DE_686	89	4660	0.9978226289336501	0.0009466512190681967	5082.782	13.870574341068592	-9948.2	9975.941	1056608.0062649352	6.023913897154922	False	Both	Chronic ulcer of skin	Dermatological
SS_807.2	411	4146	0.988714973381419	0.004928888714613095	779.722	11.028502059300976	-1517.198	1539.255	61605.23066447303	4.789617588013063	False	Both	Weakness	Symptoms
MS_745.6	119	4629	0.9978466364227591	0.000936202273217448	5205.391	14.04854008209492	-10200.0	10200.0	1262418.7505931803	6.10120343645048	False	Both	Fracture of bones in thorax	Muscloskeletal
NS_333.4	89	4659	0.998021149550983	0.0008602552697805533	5395.957	13.382640939382057	-10600.0	10600.0	648645.0575541969	5.812007113266178	False	Both	Circadian rhythm sleep disorder	Neurological
MB_286	3048	1490	0.9882377103015734	0.0051385778262752115	969.212	14.288491303587792	-1885.332	1913.909	1604770.4838237248	6.205412927870779	False	Both	Mood [affective] disorders	Mental
BI_169.1	121	4627	0.9978964944418178	0.0009145030252275783	5300.322	13.973536387238369	-10400.0	10400.0	1171196.4454709988	6.068629745651925	False	Both	Thrombocytopenia	Blood/Immune
GI_502.3	50	4664	0.9977985074177352	0.0009571500467932327	4497.509	12.409369335760482	-8802.545	8827.364	245087.19784082798	5.389320626420199	False	Both	Diseases of pulp and periapical tissues	Gastrointestinal
DE_668.1	120	4538	0.9972705994689456	0.0011869842050904575	3586.893	12.270055205457947	-7017.912	7042.452	213214.7612390397	5.328817268378657	False	Both	Atopic dermatitis	Dermatological
SO_397	343	4236	0.994061178911011	0.0025868863815227206	1730.47	12.88036892031395	-3378.779	3404.54	392530.2645296647	5.593873146970494	False	Both	Other hearing abnormality	Sense organs
MS_710.4	294	4406	0.9973681180872417	0.0011445185721216376	4366.314	14.402639321710259	-8543.415	8572.221	1798816.1673840822	6.254986782261559	False	Both	Acquired deformities of the ankle and foot	Muscloskeletal
ID_056.2	54	4704	0.9981484923129648	0.0008048448900671437	5615.892	13.031806357917878	-11000.0	11000.0	456711.12477423676	5.659641590475448	False	Both	Anogenital (venereal) warts	Infections
MS_718.3	309	4292	0.9956507431452044	0.001892977766156792	2339.858	12.754596299978065	-4573.284	4598.793	346139.2050900825	5.539250791984107	False	Both	Mid back pain	Muscloskeletal
CV_417.2	520	3951	0.9851324628632451	0.006505369479308073	529.034	9.85842925508948	-1027.029	1046.746	19118.835024907956	4.2814614257189465	False	Both	Tachycardia	Cardiovascular
NS_324.341	50	4723	0.9979365037590615	0.0008970909213875886	4950.573	12.803230581899733	-9690.141	9715.748	363389.5149549013	5.560372392254014	False	Both	Essential tremor*	Neurological
EM_200.4	147	4610	0.9981714951152016	0.0007948364844576784	5573.18	12.77201786712876	-10900.0	10900.0	352222.32739984966	5.5468168824637605	False	Both	Thyroiditis	Endocrine/Metab
SS_835	251	4259	0.9577058154158624	0.01876787543334477	135.82	7.2028823071327945	-258.998	273.404	1343.2969843806238	3.128172039786336	False	Both	Cytology and pathology findings	Symptoms
GU_626.11	233	2783	3.8140459657612646e-7	6.41861407726899	9.934	-50.44296849315046	-69.912	-30.973	1.2385031987663466e-22	-21.907102867394833	True	Female	Oligomenorrhea	Genitourinary
PP_938	252	2836	2.963701084265282e-16	15.528165600962799	10.908	-89.16982556118673	-110.549	-67.791	1.879476095842076e-39	-38.725963193498934	True	Female	Other conditions or status of the mother complicating pregnancy, childbirth, or the puerperium	Pregnancy
SO_376.1	142	4606	0.9977076572584338	0.0009966946230920573	4783.221	13.742335211461999	-9361.199	9388.683	929437.8420618378	5.968220350802703	False	Both	Vitreous degeneration	Sense organs
CA_110	70	4720	0.9982755412290091	0.0007495694152007864	6161.126	13.31598213319111	-12100.0	12100.0	606816.7519977854	5.783057561567191	False	Both	Malignant neoplasm of the endocrine glands	Neoplasms
NS_333.2	1022	3403	0.9921093281971319	0.0034404669420857346	1343.139	13.283176045889423	-2619.221	2645.787	587232.466954753	5.768810058879232	False	Both	Insomnia	Neurological
GE_972	167	4549	0.9976229489481256	0.0010335690654985942	4635.76	13.81083884475752	-9072.112	9099.734	995339.1822719346	5.997971100733272	False	Both	Genetic neuromuscular disease	Genetic
NS_333.8	156	4473	0.9963664970957414	0.00158088407719015	2872.448	13.080945498123038	-5616.814	5642.976	479714.06051665405	5.680982447912019	False	Both	Sleep disturbances	Neurological
SO_389.1	55	4633	0.9976568541835789	0.0010188093745086219	4112.172	12.076223299994165	-8047.633	8071.785	175645.54597650087	5.244637141418944	False	Both	Ocular pain	Sense organs
GI_522.9	306	4202	0.9987694400450094	0.0005347544893558095	10300.0	15.8636424183925	-20100.0	20200.0	7753403.129199252	6.8894923651942195	False	Both	Gastritis	Gastrointestinal
MB_288.4	214	4506	0.997725815059729	0.0009887907435434556	4839.184	13.792991072102636	-9470.834	9498.42	977732.1850536359	5.990219911554992	False	Both	Phobic disorders	Mental
CA_130	467	4226	0.9971397568925796	0.0012439676727244078	4195.627	15.040444080403175	-8208.237	8238.318	3403939.789653849	6.531981869493528	False	Both	Cancer (solid tumor, excluding BCC)	Neoplasms
SO_375.1	63	4725	0.997826696105421	0.0009448810180265021	4775.23	13.006941539851319	-9346.271	9372.285	445495.1057453148	5.648842937195613	False	Both	Glaucoma	Sense organs
NS_328	58	4703	0.9978836287987436	0.0009201023171819258	5039.177	13.366321916821226	-9863.239	9889.972	638145.7068031314	5.804919851817954	False	Both	Dementias and cerebral degeneration	Neurological
CM_763	97	4675	0.9981220491592621	0.0008163504605790507	5819.119	13.696253332812791	-11400.0	11400.0	887579.4636341964	5.948207245189617	False	Both	Congenital anomalies of the heart	Congenital
RE_469.1	307	4171	0.9953231013029061	0.002035915902518586	2197.241	12.879474679810746	-4293.634	4319.393	392179.4049681853	5.593484783254459	False	Both	Acute bronchitis	Respiratory
EM_236.11	800	3876	0.9970175444472239	0.0012971993718172282	3917.551	14.643659304254975	-7663.616	7692.903	2289077.152778322	6.359660430709147	False	Both	Morbid obesity	Endocrine/Metab
CV_424.3	64	4718	0.9979630767431305	0.0008855267119832039	5213.011	13.308335082417976	-10200.0	10200.0	602194.0908741694	5.779736489613585	False	Both	Diastolic heart failure	Cardiovascular
GI_522	711	3648	0.9995436654668636	0.0001982288024077827	33700.0	19.29375311478046	-66100.0	66100.0	239425560.5923874	8.379170512952832	False	Both	Gastrointestinal inflammation	Gastrointestinal
MS_711	276	4391	0.9970001336693499	0.0013047834618074917	3709.685	13.947614315719076	-7256.902	7284.797	1141226.7242470386	6.057371933031594	False	Both	Disorder of patella	Muscloskeletal
RE_488.7	55	4712	0.998234110626518	0.0007675939532035527	5842.234	12.930124919581997	-11400.0	11500.0	412555.0455377781	5.61548190289419	False	Both	Apnea	Respiratory
GE_978.22	73	4720	0.9986330800700686	0.0005940518860146254	6747.324	11.559386232752317	-13200.0	13200.0	104755.69802786157	5.020177655072749	False	Both	Ehler's Danlos syndrome	Genetic
CV_413.1	167	4532	0.9974060235050813	0.0011280133312918756	4225.714	13.738105113189118	-8268.509	8295.985	925514.5324941137	5.966383242464882	False	Both	Mitral valve disorders	Cardiovascular
EM_200.9	78	4664	0.9980579125519614	0.0008442579390454444	5144.427	12.521783459815204	-10100.0	10100.0	274246.7314195947	5.438141460185152	False	Both	Abnormal thyroid function studies	Endocrine/Metab
GI_524.1	448	4194	0.9966633916554896	0.0014514934737805206	3230.141	13.507900529329415	-6317.451	6344.467	735201.9698282636	5.8664066619857795	False	Both	Irritable bowel syndrome	Gastrointestinal
MS_721.12	78	4685	0.9982561777289664	0.0007579934849406261	5469.636	11.95421071849814	-10700.0	10700.0	155470.41239317242	5.19164775055245	False	Both	Radial styloid tenosynovitis [de Quervain]	Muscloskeletal
CM_763.3	51	4734	0.9982684344143732	0.0007526612082370966	5894.577	12.792396142041731	-11500.0	11600.0	359473.6445466332	5.555667054809171	False	Both	Congenital malformations of cardiac chambers and connections	Congenital
MB_283.8	69	4633	0.9977378862439524	0.0009835363771574309	4422.142	12.537403842563675	-8654.701	8679.776	278564.2028228809	5.44492530621803	False	Both	Problems related to lifestyle	Mental
EM_256.3	75	4669	0.997949272199014	0.0008915342276321255	5073.936	13.041076440590562	-9931.691	9957.773	460964.5590424213	5.663667536226981	False	Both	Mixed disorder of acid-base balance	Endocrine/Metab
GI_522.1	120	4647	0.9980931592648254	0.0008289209706969143	5813.016	13.892368773896875	-11400.0	11400.0	1079888.9544894267	6.0333790990684575	False	Both	Inflammatory bowel disease	Gastrointestinal
GI_507.1	56	4656	0.9978804291846658	0.0009214948412457301	4556.065	12.103147444312148	-8917.621	8941.827	180438.89080080358	5.256330148726211	False	Both	Stomatitis	Gastrointestinal
EM_204	1111	3369	0.9991905968335644	0.0003516616660575752	18900.0	19.18553814306763	-37000.0	37100.0	214868794.80049816	8.332173347878634	False	Both	Abnormal glucose	Endocrine/Metab
NS_343	129	4627	0.9981405907031278	0.0008082828946923966	5599.626	13.049513250467443	-11000.0	11000.0	464870.08129525045	5.667331596201378	False	Both	Disorders of autonomic nervous system	Neurological
BI_177.4	52	4720	0.9980974597817227	0.0008270497157776756	5297.531	12.631870610859735	-10400.0	10400.0	306162.29337971756	5.485951702412242	False	Both	Lymphedema	Blood/Immune
SO_397.1	301	4303	0.9954841521382437	0.0019656494423932304	2373.974	13.436234085793979	-4639.468	4666.34	684356.3810149262	5.835282321020708	False	Both	Tinnitus	Sense organs
GI_528.1	958	3255	0.9965383456211029	0.00150598550213232	3255.154	14.122659387517356	-6365.861	6394.106	1359543.2932363525	6.133393041797945	False	Both	Nausea	Gastrointestinal
CV_438.1	70	4701	0.9977651018440017	0.0009716901559346438	4932.354	13.815686005252198	-9653.42	9681.051	1000175.4626796996	6.00007619578901	False	Both	Aortic aneurysm and ectasia	Cardiovascular
NS_349	94	4559	0.997103370756457	0.001259815588074819	3348.272	12.155549176537285	-6550.338	6574.649	190146.3231393937	5.279087931873759	False	Both	Disorder of nervous system	Neurological
NS_333.61	76	4675	0.9979618321819917	0.000886068321572335	5236.616	13.376765480024536	-10300.0	10300.0	644845.1439315091	5.8094554336885595	False	Both	Periodic limb movement disorder	Neurological
CA_112	130	4547	0.9971541705547955	0.0012376899882985245	3771.02	13.450194199353836	-7377.613	7404.513	693977.0705250355	5.841345121306498	False	Both	Malignant neoplasm of other and ill-defined sites	Neoplasms
SS_832	184	4398	0.994755112204365	0.0022838202675845806	1760.472	11.57252935071031	-3438.888	3462.033	106141.60212411039	5.025885638676909	False	Both	Other abnormal findings in urine	Symptoms
CA_139	424	4084	0.9910815997362431	0.003890586830319472	1462.284	-16.345099744808675	-2882.368	2849.678	7.969175198223904e-8	-7.098586625328657	False	Both	Benign sarcoma-related cancers	Neoplasms
GU_621.1	100	3029	0.09652696417972267	1.015351352369171	12.625	20.981601089991518	-3.763	45.726	1294772822.40106	9.11219357487857	True	Female	Dysplasia of cervix	Genitourinary
RE_499.12	91	4636	0.997744891494534	0.000980487148463605	4761.698	13.45828848354719	-9319.299	9346.215	699617.113419164	5.844860424266628	False	Both	Chronic cough*	Respiratory
ID_052	448	4057	0.9979971744210002	0.0008706883069224218	5975.291	14.999010070739722	-11700.0	11700.0	3265782.8777473676	6.513987307733564	False	Both	Herpesvirus	Infections
EM_232	1296	3212	0.9444539011752615	0.024819235152203693	124.472	8.672311192986175	-235.287	252.632	5838.978773537283	3.7663368964617026	False	Both	Vitamin deficiencies	Endocrine/Metab
GU_627.2	253	2787	3.1169120791952316e-59	58.50627544798267	9.419	152.85822908470513	134.398	171.318	2.429323800182984e+66	66.38548540499059	True	Female	Symptomatic menopause	Genitourinary
SO_374	268	4440	0.9973397371879018	0.0011568769412361871	4444.709	14.819332701321683	-8696.651	8726.289	2728691.3720045546	6.435954417672417	False	Both	Disorders of the retina	Sense organs
SS_809.21	217	4516	0.9978081346876072	0.0009529597719234202	5038.129	13.840239589845515	-9860.711	9888.391	1025037.3304529113	6.010739682088833	False	Both	Chronic pain syndrome	Symptoms
MS_718.5	492	4158	0.9966032336645123	0.0014777080134711585	3373.481	14.361678304946755	-6597.54	6626.263	1726623.46493522	6.2371976387080235	False	Both	Sciatica	Muscloskeletal
SS_848	141	4499	0.9966892527132416	0.0014402247053463433	3039.951	12.6140297830888	-5945.581	5970.809	300748.54114103946	5.478203529358738	False	Both	Nonspecific abnormal findings of other body structures	Symptoms
EM_214.1	71	3053	1.7657294252978037e-6	5.753075845550639	14.565	69.6008767448735	41.053	98.148	1.687627936397249e+30	30.227276705926926	True	Female	Ovarian failure	Endocrine/Metab
ID_092.2	132	4632	0.9980089564468724	0.0008655611996026141	5652.619	14.10557698344542	-11100.0	11100.0	1336516.2638128358	6.125974247971863	False	Both	Sepsis	Infections
BI_169	125	4614	0.9978268495704242	0.0009448142238635313	5111.623	13.922239155540009	-10000.0	10000.0	1112632.2424098696	6.046351640988414	False	Both	Platelet defects	Blood/Immune
CV_404	267	4417	0.9969308231957869	0.001334976238658692	3820.317	14.695429065829465	-7472.987	7502.378	2410703.2450584606	6.3821437524903954	False	Both	Ischemic heart disease	Cardiovascular
SO_392.1	280	4215	0.9963010941357968	0.0016093927403904493	2717.809	12.599509397300604	-5314.207	5339.406	296413.1085491931	5.4718974059358185	False	Both	Otalgia [ear pain]	Sense organs
CA_135.5	52	4735	0.9982506326662698	0.0007604058885631868	6141.28	13.464807944302288	-12000.0	12100.0	704193.1401389685	5.847691790097552	False	Both	Benign neoplasm of the paranasal sinus and nasal cavity	Neoplasms
PP_908	121	3026	9.931623069194737e-7	6.00297977140454	14.694	-71.89861596626467	-100.699	-43.098	5.954260475044933e-32	-31.225172170629786	True	Female	Edema, proteinuria and hypertensive disorders in pregnancy, childbirth and the puerperium	Pregnancy
SS_840.613	52	4696	0.9980718318986924	0.0008382011228551366	5051.35	12.2071057965195	-9888.257	9912.671	200206.73697473088	5.301478687437618	False	Both	Allergy to sulfonamides	Symptoms
DE_674.2	234	4325	0.9884992122920174	0.005023672427563815	733.809	10.577562544479157	-1427.662	1448.817	39244.34139272787	4.593777045053818	False	Both	Hypepigmentation*	Dermatological
GI_506.5	60	4672	0.9977703340709935	0.0009694127448000641	4628.932	12.9354380573853	-9059.605	9085.476	414752.8407704281	5.617789369323755	False	Both	Disturbances of salivary secretion	Gastrointestinal
ID_097	65	4690	0.9980641724824769	0.000841534004171547	5435.264	13.187049329695384	-10600.0	10700.0	533411.9690783949	5.727062756472681	False	Both	Drug resistant microorganisms	Infections
NS_351.3	363	4087	0.9980725238547388	0.0008379000297084576	6088.375	14.707903511395351	-11900.0	11900.0	2440963.7807601504	6.387561335364462	False	Both	Paresthesia of skin*	Neurological
MS_712.5	115	4642	0.9983991635335382	0.0006957915167402108	5815.464	11.667869116813263	-11400.0	11400.0	116759.21675847397	5.067291173001369	False	Both	Disorder of ligament	Muscloskeletal
NS_350.4	71	4712	0.9982517595717745	0.0007599156223414025	6076.207	13.313554102920776	-11900.0	11900.0	605345.1698014034	5.782003081418891	False	Both	Abnormal posture	Neurological
MS_709.2	292	4421	0.9974906456284256	0.001091168394101867	4566.553	14.361875289528285	-8935.917	8964.641	1726963.6166371405	6.237283188024802	False	Both	Acquired deformities of toe	Muscloskeletal
CA_138	904	3484	0.9991145271660032	0.0003847263231824581	16600.0	18.46932811901618	-32600.0	32600.0	104985008.21426739	8.021127286549293	False	Both	Benign neoplasm of the skin	Neoplasms
DE_660.122	227	4452	0.9970417724844629	0.0012866459215849105	3871.082	14.35241028926136	-7572.828	7601.533	1710695.0181425998	6.233172590637663	False	Both	Dermatophytosis of nail	Dermatological
NS_324.314	51	4703	0.9980566355742058	0.0008448136029408979	5151.489	12.547215637972917	-10100.0	10100.0	281310.87062517274	5.449186514821827	False	Both	Torticollis	Neurological
MS_709.24	116	4644	0.9979206672794797	0.0009039828932131268	5338.66	13.91286740763453	-10400.0	10500.0	1102253.6422967296	6.0422815425872765	False	Both	Hammer toe	Muscloskeletal
SS_800.11	87	4514	0.9958228297650555	0.0018179215157366267	2209.448	11.567188740523783	-4318.871	4342.005	105576.25220311296	5.0235662411429045	False	Both	Pleurodynia*	Symptoms
SO_374.5	61	4727	0.997840781674258	0.0009387504528009543	4805.39	13.004260471889381	-9405.387	9431.395	444302.3027974866	5.647678564174136	False	Both	Macular degeneration	Sense organs
EM_252	142	4542	0.9973030542823301	0.0011728509126559155	4020.035	13.588227423608341	-7865.536	7892.712	796695.1785773045	5.901292188919543	False	Both	Other and unspecified disorders of metabolism	Endocrine/Metab
DE_672	371	4241	0.9955072281533606	0.0019555823108835494	2481.321	13.972032567094796	-4849.328	4877.272	1169436.5003163796	6.067976644861797	False	Both	Skin changes due to solar radiation	Dermatological
SS_840.6	377	4245	0.9961558655110416	0.0016727035086877512	2787.164	13.428351335530893	-5449.312	5476.169	678982.9769976435	5.831858886079229	False	Both	Drug and medical agent allergy	Symptoms
RE_487	165	4518	0.9973354725797995	0.0011587339811765763	4045.252	13.509103214363266	-7915.039	7942.057	736086.7181643798	5.8669289814594485	False	Both	Hemorrhage from respiratory passages	Respiratory
GI_513	112	4603	0.9976938254932776	0.0010027155259873957	4510.534	13.037091418847902	-8827.448	8853.522	459131.2605453528	5.66193686327388	False	Both	Peptic ulcer	Gastrointestinal
GI_520.11	92	4687	0.9979519314082744	0.0008903769760547865	5723.217	14.690789025009776	-11200.0	11200.0	2399543.3947004382	6.380128608366599	False	Both	Inguinal hernia	Gastrointestinal
MS_713.4	285	4409	0.997361434470906	0.001147428899178302	4220.309	13.956383198593912	-8257.698	8285.61	1151278.01260445	6.061180210476591	False	Both	Stiffness of joint	Muscloskeletal
NS_334	95	4632	0.9978660891341112	0.0009277359192273301	4870.511	13.026004287393983	-9532.999	9559.051	454068.9271400009	5.657121783263307	False	Both	Disorders of facial and cranial nerves	Neurological
CA_139.3	57	4692	0.9969814210705414	0.001312934769311327	5785.503	-21.88792757776668	-11400.0	11300.0	3.1202819058344027e-10	-9.505806167322078	False	Both	Benign neoplasm of other connective and soft tissue	Neoplasms
EM_247.52	90	4686	0.9980800289100198	0.0008346343433355127	5623.31	13.53153419998782	-11000.0	11000.0	752784.4418433148	5.876670634739844	False	Both	Hypercalcemia	Endocrine/Metab
SO_387	781	3826	0.9953771745519008	0.002012322482707915	2482.211	14.38164391022164	-4850.662	4879.425	1761442.9872592967	6.245868590906764	False	Both	Disorders of refraction and accommodation	Sense organs
CV_440	289	4383	0.9961908543953523	0.0016574496583073941	3914.759	-18.68934797271156	-7691.475	7654.097	7.643975828615792e-9	-8.116680694918356	False	Both	Embolism and thrombosis	Cardiovascular
CM_771	64	4645	0.9977178499805476	0.0009922578320882675	4433.053	12.679661254388291	-8675.945	8701.304	321149.252268081	5.506706915183299	False	Both	Congenital malformations of integument	Congenital
GU_623.1	113	3035	8.137380914810053e-23	22.08951535398987	12.569	123.59130241462546	98.956	148.227	4.7317375697287e+53	53.67502064990788	True	Female	Uterine/Uterovaginal prolapse	Genitourinary
ID_052.32	102	4588	0.9974326886166685	0.0011164028579719663	3986.468	12.827071385641917	-7800.507	7826.161	372157.11105575226	5.570726321763383	False	Both	Herpes zoster	Infections
NS_329	909	3396	0.6792014669528891	0.16800138476519777	5.015	2.0738526508294646	-7.755	11.903	7.955413583561741	0.9006627625356678	False	Both	Symptoms and signs involving cognitive functions and awareness	Neurological
SO_362.8	66	4730	0.9982879805377743	0.0007441577935853265	6208.362	13.321282330851927	-12200.0	12200.0	610041.5391827674	5.785359408164281	False	Both	Meibomian gland dysfunction of eyelid*	Sense organs
SO_375	181	4571	0.997792453776595	0.0009597849183613733	5284.925	14.622077992629396	-10300.0	10400.0	2240205.123499222	6.350287786157924	False	Both	Abnormal intraocular pressure	Sense organs
ID_056	451	4078	0.9980229042876557	0.0008594916869801635	6041.899	14.971369815349389	-11800.0	11900.0	3176751.8926529647	6.501983297339146	False	Both	Human papillomavirus	Infections
EM_230.1	68	4694	0.9981087422860845	0.0008221404740557081	5589.733	13.249580045005933	-10900.0	11000.0	567831.5262582327	5.754219501081516	False	Both	Protein-calorie malnutrition	Endocrine/Metab
NS_337	345	4298	0.9964736389686404	0.0015341857762240516	3201.74	14.15057892045005	-6261.145	6289.446	1398035.9551688295	6.145518340887931	False	Both	Polyneuropathies	Neurological
GU_626.111	194	2831	3.933594478472808e-6	5.405210414330075	10.83	-49.980375236638515	-71.207	-28.753	1.96697495990234e-22	-21.706201168726043	True	Female	Amenorrhea	Genitourinary
CV_440.3	111	4673	0.9981328762184802	0.0008116395070690922	6004.142	14.050261810417604	-11800.0	11800.0	1264594.1649099947	6.101951173560359	False	Both	Pulmonary embolism	Cardiovascular
EM_209	113	4649	0.9980424886358864	0.0008509695469754485	5685.84	13.949520525856732	-11100.0	11200.0	1143404.2169181136	6.058199789575727	False	Both	Disorders of the pituitary gland and its hypothalamic control	Endocrine/Metab
SS_809.32	348	4211	0.9901701944489807	0.00429015069808973	917.677	11.305912911530061	-1787.308	1809.92	81300.94438581014	4.910095590356233	False	Both	Pain in leg*	Symptoms
MS_745.3	162	4604	0.9980728435080253	0.0008377609379762402	5724.835	13.827394359232265	-11200.0	11200.0	1011954.6941817191	6.005161069314723	False	Both	Fracture of upper limb	Muscloskeletal
CV_440.13	53	4701	0.997166678001691	0.001232242604871306	5987.986	-21.263636135824093	-11800.0	11700.0	5.825325012988202e-10	-9.234679838986988	False	Both	Phlebitis and thrombophlebitis	Cardiovascular
GU_594.3	499	4123	0.9961852723087004	0.001659883204260836	2759.93	13.19541944120311	-5396.168	5422.559	537895.4240728456	5.730697849713402	False	Both	Urinary incontinence and enuresis	Genitourinary
GI_529.1	846	3496	0.9745725351594603	0.011185831818630174	311.566	9.930859679502884	-600.728	620.589	20555.00370341329	4.312917559363599	False	Both	Diarrhea	Gastrointestinal
GU_612.22	85	4656	0.9980272248797837	0.0008576115645400389	5162.874	12.765254518057423	-10100.0	10100.0	349848.1625518259	5.543879597282893	False	Both	Hypertrophy of breast (Gynecomastia)	Genitourinary
SS_812	419	4098	0.9990382155307529	0.0004178986842359218	14100.0	17.023265995864534	-27700.0	27700.0	24723530.399356127	7.393110485975233	False	Both	Edema	Symptoms
BI_177	342	4195	0.9855324422386988	0.006329074831171497	550.566	9.983633943539417	-1069.107	1089.074	21668.913255276177	4.33583713102117	False	Both	Abnormality of the lymph nodes	Blood/Immune
GU_594.1	201	4459	0.9968008864328205	0.001391584476326805	3503.061	14.045539477354279	-6851.827	6879.918	1258636.4084003328	6.099900290369247	False	Both	Retention of urine	Genitourinary
CV_424	165	4600	0.9978873156261872	0.0009184977554771445	5534.715	14.655151326258755	-10800.0	10900.0	2315535.0137641085	6.3646513524512995	False	Both	Heart failure	Cardiovascular
MS_700.1	60	4734	0.9985102782881531	0.0006474603066948883	6572.699	12.271823810568527	-12900.0	12900.0	213592.18761614666	5.329585363818849	False	Both	Lupus	Muscloskeletal
GI_520.14	66	4709	0.9980933298431812	0.0008288467479336115	5631.626	13.457664694489806	-11000.0	11100.0	699180.8360061394	5.844589516121134	False	Both	Ventral hernia	Gastrointestinal
PP_901	81	3069	0.1391696502400745	0.8564554642252304	15.309	-22.64000205828323	-52.645	7.365	1.47086236502514e-10	-9.83242796419067	True	Female	Abnormal products of conception	Pregnancy
MS_713.31	999	3425	0.9923454688223563	0.0033371090111051858	1449.328	13.904387262894396	-2826.726	2854.535	1092945.8931784125	6.038598662520895	False	Both	Pain in shoulder	Muscloskeletal
EM_230.2	239	4429	0.9970736534354021	0.0012727593422104835	3727.848	13.672403357922846	-7292.775	7320.12	866661.1578035209	5.937849332701383	False	Both	Abnormal weight loss and underweight	Endocrine/Metab
ID_056.1	74	4659	0.9980092270737115	0.0008654434333980046	5091.728	12.704199156873022	-9966.899	9992.307	329127.0603534397	5.5173635908298975	False	Both	Plantar wart	Infections
CA_136.42	62	4642	0.9973784069901832	0.0011400383900872727	3962.186	13.018498014862026	-7752.724	7778.761	450673.322136397	5.653861850523016	False	Both	Benign neoplasm of rectum and anus	Neoplasms
GI_527	2049	2208	0.9488582733972571	0.022798651300929094	146.745	9.412303569928453	-278.202	297.027	12238.029688273231	4.087711502418205	False	Both	Abdominal pain	Gastrointestinal
MS_721.1	383	4169	0.9536014895410052	0.020633079228278912	132.224	7.6933937879346175	-251.46	266.847	2193.807259202719	3.3411984692087606	False	Both	Synovitis and tenosynovitis	Muscloskeletal
DE_679.1	629	3576	0.9962353208572701	0.0016380647101635359	3009.873	14.201615042649628	-5885.042	5913.445	1471238.3846639341	6.167683047136948	False	Both	Rash and other nonspecific skin eruption	Dermatological
CV_416	638	3865	0.9574974667853209	0.01886236635423463	171.707	9.150978353848663	-327.388	345.69	9423.655539844945	3.9742194030925773	False	Both	Cardiac arrhythmia and conduction disorders	Cardiovascular
EM_256.31	65	4682	0.9979713745014755	0.0008819157009510361	5111.591	12.996260017203692	-10000.0	10000.0	440761.86380254885	5.644204010851424	False	Both	Acidosis	Endocrine/Metab
DE_680.3	63	4580	0.9966102688661274	0.0014746422613712204	2877.057	12.222921287361373	-5626.706	5651.152	203398.27614446063	5.308347267838835	False	Both	Xerosis cutis*	Dermatological
DE_666	231	4379	0.9962251815634677	0.0016424848121865754	2581.743	12.214359009191964	-5047.909	5072.338	201664.15811976642	5.304628717677341	False	Both	Urticaria	Dermatological
DE_683	263	4332	0.995148850888367	0.0021119541442166903	2159.737	13.131310503781709	-4219.875	4246.138	504493.6357756231	5.702855691950606	False	Both	Nail disorders	Dermatological
DE_668.3	550	3785	0.9950355750022226	0.002161391866367817	2163.81	13.46327560733858	-4227.526	4254.452	703114.9052812877	5.8470263046097966	False	Both	Contact dermatitis	Dermatological
GU_593	429	4061	0.9946970231643891	0.0023091817719698648	1975.799	13.13184212259968	-3859.363	3885.627	504761.9053882173	5.703086571069727	False	Both	Hematuria	Genitourinary
NS_350.5	64	4702	0.997878531889995	0.0009223205768402094	4681.34	12.447071287383547	-9162.811	9187.706	254503.86140785035	5.405694375967079	False	Both	Repeated falls*	Neurological
CA_139.61	223	4379	0.995387286606577	0.0020079104996407766	2249.497	13.004816525425213	-4395.928	4421.938	444549.4273648124	5.647920055156391	False	Both	Hemangioma	Neoplasms
EM_202.1	107	4670	0.9981310305812706	0.000812442557260004	6044.393	14.158434271042749	-11800.0	11900.0	1409061.2648800553	6.148929876303756	False	Both	Type 1 diabetes	Endocrine/Metab
NS_324	401	4186	0.99467444672522	0.002319038978731906	1957.06	13.062669510376574	-3822.704	3848.829	471026.4414472171	5.673045287282399	False	Both	Extrapyramidal and movement disorders	Neurological
EM_247.8	614	3974	0.994935489022733	0.0022050777163087325	2014.946	12.789802750796852	-3936.432	3962.012	358542.5965517877	5.554540759302104	False	Both	Mineral deficiencies	Endocrine/Metab
GU_626	1087	1781	2.449850330175093e-21	20.610860447376115	5.323	-50.48156486506387	-60.914	-40.049	1.1916122007930668e-22	-21.923865058738315	True	Female	Disorders of menstruation and other abnormal bleeding from female genital tract	Genitourinary
EM_256.71	187	4369	0.9891269199833844	0.00474797825937438	731.468	9.968303647590211	-1423.683	1443.619	21339.255732132617	4.329179268084486	False	Both	Dehydration	Endocrine/Metab
GI_554	105	4669	0.9981069853901064	0.0008229049307403835	5833.721	13.8407599339369	-11400.0	11400.0	1025570.8413638485	6.010965664656412	False	Both	Diseases of the pancreas	Gastrointestinal
GU_618.3	123	2974	2.719647799128157e-41	40.56548733449485	15.862	213.4940071717628	182.404	244.584	5.239251351688348e+92	92.71926923410986	True	Female	Atrophic vaginitis	Genitourinary
RE_483	88	4640	0.9975818994224113	0.0010514394937100875	4528.882	13.72543077397528	-8862.72	8890.171	913858.271104331	5.960878846882543	False	Both	Pleural effusion	Respiratory
CV_426	69	4678	0.9978826463836478	0.0009205298797280643	5040.069	13.37489245781677	-9864.978	9891.728	643638.4650772748	5.808641990479245	False	Both	Complications and ill-defined descriptions of heart disease	Cardiovascular
CV_433	129	4611	0.9977226369465694	0.0009901741288238016	4928.574	14.067409070715078	-9645.761	9673.896	1286465.4708177175	6.10939813408731	False	Both	Other cerebrovascular disease	Cardiovascular
SS_829	656	3750	0.9980221413857636	0.0008598236675461256	6478.685	16.059886456795113	-12700.0	12700.0	9434525.62022342	6.974720068178884	False	Both	Abnormal findings on examination of blood	Symptoms
SS_800.1	178	4348	0.08401104096380788	1.0756636340029422	2.576	-4.4510046842115845	-9.5	0.598	0.011666839590689433	-1.9330467732786172	False	Both	Chest pain on breathing	Symptoms
GI_509	57	4692	0.9980268799904286	0.0008577616441830815	5240.389	12.959177798500429	-10300.0	10300.0	424716.7684209683	5.628099407891868	False	Both	Diseases of tongue	Gastrointestinal
CV_440.11	108	4674	0.9980874778755365	0.0008313930876705174	5960.531	14.28735175774793	-11700.0	11700.0	1602942.8158484471	6.204918029400651	False	Both	Deep vein thrombosis [DVT]	Cardiovascular
SO_398	90	4563	0.9971230651239408	0.001251237670372852	3430.4	12.369030634349489	-6711.091	6735.829	235397.4484052217	5.371801750990262	False	Both	Other disorders of ear	Sense organs
DE_684	364	4231	0.9955192521494212	0.0019503368204882511	2202.728	12.370109122256904	-4304.897	4329.637	235651.4586556342	5.372270132337252	False	Both	Diseases of hair and hair follicles	Dermatological
GU_602	286	1276	0.9994569911224456	0.00023588981007461815	29100.0	19.805760037886163	-57000.0	57100.0	399514268.2836583	8.6015322943539	False	Male	Disorders of prostate	Genitourinary
NS_346	126	4601	0.9978641525968714	0.0009285787459978571	4923.981	13.180959022616193	-9637.644	9664.006	530173.1989503003	5.724417769715092	False	Both	Brain damage and brain death	Neurological
CA_101	62	4698	0.9979498041710692	0.0008913027204073079	5248.076	13.485152217321911	-10300.0	10300.0	718666.1599917503	5.856527195608307	False	Both	Malignant neoplasm of the digestive organs	Neoplasms
SS_840.63	55	4682	0.9979680413435342	0.0008833662180255898	4840.631	12.327562716666181	-9475.134	9499.789	225835.63088263603	5.353792463164383	False	Both	Allergy to narcotic agent	Symptoms
CV_431.1	89	4666	0.9978692703068522	0.000926351401224113	5203.336	13.895388701027555	-10200.0	10200.0	1083155.0696739033	6.034690636757062	False	Both	Stroke	Cardiovascular
EM_232.27	64	4706	0.9981038960351157	0.0008242491673013534	5467.931	12.994078929189447	-10700.0	10700.0	439801.57100651425	5.643256776362292	False	Both	Vitamin B12 deficiency	Endocrine/Metab
SO_386	463	4015	0.9969115272463852	0.0013433822436235492	3725.241	14.419799538761241	-7286.919	7315.759	1829950.616183197	6.262439369835063	False	Both	Visual disturbances	Sense organs
SO_396.2	360	4271	0.996076076183791	0.0017074906876632695	2896.303	14.243813436585697	-5662.406	5690.894	1534650.8235095264	6.186009576768562	False	Both	Sensorineural hearing loss	Sense organs
MS_723	917	3520	0.9974563664274374	0.0011060933697976873	5083.616	16.206452476263994	-9947.498	9979.911	10923778.405502131	7.038372881668744	False	Both	Enthesopathy/Enthesitis/Tendinopathy	Muscloskeletal
EM_230.21	207	4470	0.9972004728224909	0.0012175242475361012	3892.117	13.656247099159813	-7614.752	7642.065	852771.6591690581	5.930832758672397	False	Both	Abnormal weight loss	Endocrine/Metab
MS_712.51	103	4673	0.9985419447452786	0.0006336874394322693	6318.917	11.547204072858708	-12400.0	12400.0	103487.28903180285	5.014887010253292	False	Both	Hypermobility syndrome	Muscloskeletal
RE_460.2	339	4105	0.9621050428711774	0.016777508992489983	163.229	7.7553527528903965	-312.167	327.678	2334.0325362892295	3.3681069057934927	False	Both	Acute lower respiratory infection	Respiratory
GI_502.14	61	4727	0.9982691458390395	0.0007523517046145104	6282.203	13.628019077364925	-12300.0	12300.0	829036.1810416952	5.918573484571832	False	Both	Deposits [accretions] on teeth	Gastrointestinal
MS_742	166	4570	0.9977391189178099	0.0009829998202811707	5005.136	14.182543028047862	-9795.703	9824.069	1443444.7871271616	6.159400176436622	False	Both	Cartilage tear of knee	Muscloskeletal
RE_479	180	4489	0.996938180205511	0.0013317713052141706	3626.666	13.917082450913677	-7094.218	7122.052	1106909.494519703	6.0441121126243935	False	Both	Pulmonary insufficiency and acute respiratory distress syndrome	Respiratory
EM_247.51	54	4715	0.9981702048054599	0.0007953978857456413	5620.052	12.888522498221276	-11000.0	11000.0	395743.87402658904	5.597414200863414	False	Both	Hypocalcemia	Endocrine/Metab
MB_284.1	129	4556	0.9976445793099982	0.0010241528376793826	4220.275	12.458615158920932	-8259.128	8284.045	257458.84444675627	5.410707815675566	False	Both	Suicidal ideations	Mental
GI_542.7	103	4643	0.9978813397682395	0.0009210985400162928	5206.498	13.825075151121723	-10200.0	10200.0	1009610.4800584159	6.00415385002993	False	Both	Chronic nonalcoholic liver disease	Gastrointestinal
EM_239.3	478	4178	0.9965385095771963	0.001505914049567469	3474.704	15.074478516893995	-6795.221	6825.37	3521784.984433339	6.5467628374561775	False	Both	Mixed hyperlipidemia	Endocrine/Metab
SO_362	177	4568	0.9978141511199745	0.0009503411367273157	5157.058	14.128062813252853	-10100.0	10100.0	1366909.3675510404	6.135739719778247	False	Both	Other disorders of the eyelids	Sense organs
GU_596.2	133	4606	0.9978327909539352	0.0009422283018743407	4962.819	13.479993376297525	-9713.466	9740.426	714968.222260479	5.8542867394184	False	Both	Overactive bladder	Genitourinary
DE_679	1053	3076	0.9982960979139519	0.0007406264304741855	7813.247	16.68539379538957	-15300.0	15300.0	17634958.976404637	7.2463744537204455	False	Both	Skin symptoms	Dermatological
CA_120	100	4660	0.9980101332909868	0.0008650490833532617	5534.04	13.801512778648432	-10800.0	10900.0	986099.7340764877	5.99392084168423	False	Both	Hemo onc - by cell of origin	Neoplasms
DE_667	69	4616	0.9974429617729829	0.0011119298221732225	3849.492	12.336766927718859	-7532.53	7557.203	227923.8652248222	5.3577898012348335	False	Both	Erythematous conditions	Dermatological
SO_396.8	364	4237	0.9950599903488427	0.0021507356441280217	2227.165	13.789319788064685	-4351.373	4378.952	974149.2335299745	5.98862549315581	False	Both	Bilateral hearing loss	Sense organs
BI_170	113	4614	0.9977767460445433	0.0009666218462454406	4847.454	13.507135802834174	-9487.328	9514.342	734639.9563232807	5.866074545488731	False	Both	Decreased white blood cell count	Blood/Immune
MB_306	75	4688	0.998875495466005	0.000488640904965731	8327.915	11.737013442149406	-16300.0	16300.0	125118.10899693794	5.097320171949779	False	Both	Conduct disorders	Mental
EM_256.7	223	4307	0.997891287817336	0.000916769005911381	5378.379	14.214419318423896	-10500.0	10600.0	1490197.6474560986	6.17324387345048	False	Both	Volume depletion	Endocrine/Metab
CV_448	226	4467	0.9973507697879066	0.0011520727901296185	4180.308	13.879976166319233	-8179.373	8207.133	1066588.8958671575	6.027997057981095	False	Both	Peripheral vascular disease	Cardiovascular
GU_619.23	213	2928	1.2350450437687199e-9	8.90831720280637	11.012	-66.90302823056523	-88.486	-45.32	8.798001199428044e-30	-29.055615983151956	True	Female	Polycystic ovary syndrome	Genitourinary
MB_289	209	4545	0.9979614204145999	0.000886247515141903	5541.925	14.159527570858302	-10800.0	10900.0	1410602.633736661	6.149404690380716	False	Both	Obsessive-compulsive disorder	Mental
MS_745.4	159	4556	0.9976764027029297	0.0010102997042022597	4632.23	13.489986849088147	-9065.514	9092.494	722149.0587205759	5.858626849506417	False	Both	Fracture of foot and toe	Muscloskeletal
RE_465	1079	3057	0.9999801669270522	8.613479556597714e-6	1040000.0	25.93818419796042	-2050000.0	2050000.0	183996799054.36734	11.264810267764334	False	Both	Pharyngitis	Respiratory
MS_745.9	60	4717	0.9979638822090823	0.0008851761887171397	5025.948	12.825707125819966	-9837.852	9863.503	371649.7382345566	5.570133831250827	False	Both	Pathological fracture	Muscloskeletal
GI_520.13	74	4661	0.9977959322321162	0.0009582709047010551	4922.365	13.597505382705274	-9634.06	9661.255	804121.2801198987	5.905321555358665	False	Both	Umbilical hernia	Gastrointestinal
GI_527.3	102	4571	0.997373979815453	0.0011419661457009458	3798.121	12.500505828169741	-7431.68	7456.681	268473.05341385334	5.428900702173558	False	Both	Functional dyspepsia	Gastrointestinal
NS_324.34	189	4518	0.9974734589733832	0.0010986513051279222	4434.079	14.040754602775422	-8676.594	8704.676	1252628.3763485043	6.097822245743051	False	Both	Tremor	Neurological
CA_139.53	91	4650	0.9978552401772098	0.0009324576627368373	5053.174	13.58324138699521	-9890.457	9917.623	792732.7139533475	5.899126780731892	False	Both	Lipoma of skin subcutaneous tissue	Neoplasms
MS_713.2	241	4306	0.9974869650955949	0.0010927708532876335	4521.097	14.239769527536382	-8846.947	8875.426	1528457.3664854849	6.184253329383126	False	Both	Effusion of joint	Muscloskeletal
CV_404.11	54	4728	0.9978610546287063	0.0009299270583550389	4978.858	13.347191846167881	-9745.035	9771.73	626053.9610751974	5.796611767694787	False	Both	Acute myocardial infarction	Cardiovascular
NS_344	57	4735	0.9985205199313433	0.0006430058044136755	6618.308	12.27202668439834	-13000.0	13000.0	213635.5242770548	5.329673470803658	False	Both	Disorders of the circulation of the cerebrospinal fluid	Neurological
SO_387.2	403	4182	0.9946407672940691	0.0023337443316098923	1933.006	12.983717288308815	-3775.639	3801.606	435268.03307632357	5.638756772904371	False	Both	Myopia	Sense organs
GI_530	198	4447	0.9967930502805926	0.001394998609575575	3283.767	13.19852948839728	-6422.866	6449.263	539570.908294246	5.732048526048288	False	Both	Disease of anus and rectum	Gastrointestinal
GI_522.11	61	4723	0.998319396402842	0.0007304908733868133	6246.714	13.157615043988956	-12200.0	12300.0	517940.18623675115	5.714279608611616	False	Both	Crohn's disease	Gastrointestinal
MS_714.31	84	4674	0.9982090471052311	0.0007784982947074958	5709.733	12.816228168730845	-11200.0	11200.0	368143.53016444633	5.566017172492824	False	Both	Idiopathic scoliosis	Muscloskeletal
RE_481	56	4711	0.9978800499726885	0.0009216598807591558	4924.65	13.084629709202371	-9639.052	9665.221	481484.68805332796	5.682582480453941	False	Both	Interstitial pulmonary diseases	Respiratory
EM_200.2	351	4369	0.9976604510768164	0.0010172435975958837	4767.938	13.980517653821757	-9331.005	9358.966	1179401.4875465687	6.071661671205786	False	Both	Goiter	Endocrine/Metab
MS_708.1	110	4624	0.9975858345501855	0.0010497263502496981	4290.965	12.983226219898233	-8397.154	8423.12	435054.3391686016	5.638543504603418	False	Both	Osteoarthritis of more than one site	Muscloskeletal
CV_401.6	67	4695	0.998037905714032	0.0008529637929767836	5480.361	13.47688240488128	-10700.0	10800.0	712747.4327549329	5.852935661698966	False	Both	Secondary hypertension	Cardiovascular
BI_160.11	123	4614	0.997957756950596	0.0008878417903205819	5102.035	13.059040087442646	-9986.745	10000.0	469319.9858758553	5.6714690489297	False	Both	Iron deficiency anemia secondary to blood loss	Blood/Immune
MS_709	313	4391	0.997377377484478	0.001140486674183355	4394.265	14.443841091471558	-8598.156	8627.044	1874478.5864218816	6.27288048351354	False	Both	Acquired deformities of fingers and toes	Muscloskeletal
SS_840.2	134	4443	0.9948252491051565	0.0022532006760400485	1704.433	11.054329120605779	-3329.573	3351.682	63217.03725376801	4.800834138221516	False	Both	Allergy to insects	Symptoms
MS_722	297	4306	0.9955248596125064	0.0019478905760670466	2331.698	13.077993477843357	-4556.965	4583.121	478300.02304208814	5.679700401794087	False	Both	Fasciopathy	Muscloskeletal
GI_516.4	88	4688	0.9983093442510161	0.0007348638386560713	6047.804	12.81483832692401	-11800.0	11900.0	367632.2242947505	5.565413571865397	False	Both	Gastroparesis	Gastrointestinal
PP_910	100	3049	1.930880411816368e-8	7.714244623215194	17.816	-100.09107482130253	-135.01	-65.173	3.396241131306053e-44	-43.4690014826572	True	Female	Obesity or excessive weight gain in pregnancy	Pregnancy
GU_612.8	119	2920	7.020439126729365e-20	19.15363572200825	11.776	107.47916780202449	84.4	130.559	4.760027874903711e+46	46.677609495972895	True	Female	Other specified disorders of breast	Genitourinary
MS_729	52	4706	0.9982137003550468	0.0007764737929125272	5563.775	12.456160267634042	-10900.0	10900.0	256827.58612509072	5.409641669935997	False	Both	Other acquired musculoskeletal deformity	Muscloskeletal
GI_514.2	87	4654	0.9978323041280202	0.0009424401869336763	4963.931	13.48604489458299	-9715.641	9742.613	719307.983359024	5.856914880416914	False	Both	Intestinal obstruction	Gastrointestinal
GI_515	124	4521	0.9969427290144933	0.0013297897198234429	3249.174	12.449956742039975	-6355.813	6380.713	255239.28125989714	5.406947513002148	False	Both	Heartburn	Gastrointestinal
MS_713.38	543	3912	0.9759753624299927	0.010561145546172629	323.442	9.740455545959403	-624.195	643.676	16991.279926883963	4.230226094834094	False	Both	Pain in ankle and joints of foot	Muscloskeletal
EM_252.5	66	4675	0.9980068498126576	0.0008664779254241035	5073.351	12.673464499978783	-9930.912	9956.259	319165.32253417413	5.50401569893754	False	Both	Disorders of carbohydrate metabolism	Endocrine/Metab
EM_239.21	145	4584	0.997747855583415	0.0009791969534009787	4966.956	14.019970500315399	-9721.036	9749.076	1226862.3096418069	6.08879582473335	False	Both	Pure hyperglyceridemia	Endocrine/Metab
GI_510	378	4203	0.9941559635100818	0.0025454779986064094	1781.806	13.050802584712146	-3479.225	3505.327	465469.84077253274	5.667891546949181	False	Both	Diseases of esophagus	Gastrointestinal
GU_594.6	220	4371	0.9951927472568333	0.002092797683213877	2007.523	12.095392511667752	-3922.577	3946.767	179045.01106348768	5.252962224271219	False	Both	Urinary urgency	Genitourinary
NS_325	384	4250	0.9962928642449214	0.0016129802211000675	3011.18	13.99061140218421	-5887.814	5915.795	1191366.3529652515	6.076045330421319	False	Both	Abnormality of gait and mobility	Neurological
MB_287	137	4604	0.9979223805346745	0.0009032372862095908	5277.879	13.743137286504044	-10300.0	10400.0	930183.6200030437	5.968568687567537	False	Both	Psychotic disorder	Mental
NS_331.64	240	4504	0.998042038685943	0.0008511653410662127	5337.221	13.097236403832593	-10400.0	10500.0	487593.0406535169	5.688057498366885	False	Both	Chronic migraine without aura	Neurological
DE_664.42	50	4746	0.9983357996490775	0.0007233551001800647	6344.884	13.233951920845419	-12400.0	12400.0	559026.3679297398	5.7474322929961055	False	Both	Psoriatic arthropathy	Dermatological
GI_524	467	4157	0.9962814933260036	0.001617936951895537	2856.698	13.313568054915041	-5585.712	5612.339	605353.6156326592	5.782009140693012	False	Both	Functional intestinal disorder	Gastrointestinal
RE_474	136	4596	0.9976750068693451	0.0010109073193025789	4775.548	13.915713261971622	-9345.987	9373.818	1105394.9633562162	6.0435174814221755	False	Both	Chronic obstructive pulmonary disease [COPD]	Respiratory
CV_414	115	4653	0.9979595862077525	0.0008870457290089398	5604.112	14.331295889329532	-11000.0	11000.0	1674953.3788466093	6.224002723258572	False	Both	Cardiomyopathy	Cardiovascular
CM_771.1	53	4663	0.9978116861617227	0.0009514140009355258	4573.693	12.544031332163197	-8951.73	8976.818	280416.5154913433	5.447803588379974	False	Both	Congenital malformation of the skin	Congenital
NS_329.41	347	4088	0.9970312592848026	0.0012912253171505756	3669.583	13.653687013153165	-7178.597	7205.905	850591.2825442529	5.929720927446512	False	Both	Attention and concentration deficit	Neurological
GU_581.31	87	4643	0.9978125683962615	0.0009510300112229336	4875.93	13.367568536154467	-9543.279	9570.015	638941.7276430525	5.805461251715415	False	Both	Hydronephrosis	Genitourinary
GU_627.1	83	3060	1.1406567264395535e-26	25.94284503414748	17.19	183.75600005140544	150.063	217.449	6.371135459994998e+79	79.80421683893904	True	Female	Postmenopausal bleeding	Genitourinary
CA_142	647	3985	0.9968687682910484	0.001362010152023612	2962.086	11.62448994921159	-5793.957	5817.206	111802.58367289875	5.048451839882405	False	Both	Lump or mass in breast or nonspecific abnormal breast exam	Neoplasms
SO_392	298	4200	0.9995674579380778	0.0001878912690524001	32600.0	17.650518805836068	-63800.0	63800.0	46293809.491781354	7.665522920104178	False	Both	Otalgia and effusion of ear	Sense organs
MS_718.1	738	3823	0.9905336296249799	0.004130775135404428	1059.101	12.565826929349384	-2063.234	2088.366	286595.4531193805	5.457269295967721	False	Both	Radiculopathy	Muscloskeletal
SO_360.1	58	4654	0.9977868119156159	0.0009622405753558155	4528.58	12.56148239060534	-8863.293	8888.416	285353.02890373796	5.455382486764767	False	Both	Hordeolum	Sense organs
NS_351	850	3556	0.9983317281273781	0.0007251262908088284	7840.771	16.39403507325507	-15400.0	15400.0	13177680.342484426	7.119838968443049	False	Both	Disturbances of skin sensation	Neurological
MS_741.6	291	4259	0.9761172049525182	0.01049803232503777	271.204	8.119067813076597	-523.431	539.669	3357.8891053556695	3.526066349417469	False	Both	Sprains and strains of ankle and foot	Muscloskeletal
DE_676	251	4239	0.9868602330463349	0.005744351195545218	623.462	10.26779380438039	-1211.695	1232.231	28790.30001565148	4.4592461905628005	False	Both	Hypertrophic conditions of skin	Dermatological
MS_726.1	232	4510	0.9977736084988594	0.0009679875033676476	4837.88	13.499482365643024	-9468.571	9495.57	729038.8965791222	5.8627506999490215	False	Both	Osteoporosis	Muscloskeletal
PP_909	104	3055	0.0010489066366069452	2.979263166726289	14.632	-47.9495480398365	-76.627	-19.272	1.4989111028191773e-21	-20.824224123455878	True	Female	Diabetes mellitus or abnormal glucose in pregnancy, childbirth, and the puerperium	Pregnancy
NS_333.11	1093	3517	0.9951670656122107	0.0021040051005605195	2545.899	15.421075724642732	-4974.449	5005.291	4980673.71826445	6.697288092224529	False	Both	Obstructive sleep apnea	Neurological
MB_288	3056	1407	0.7867176620723917	0.1041810996662892	24.372	6.59458599029122	-41.175	54.364	731.1261307061804	2.863992306019968	False	Both	Anxiety and anxiety disorders	Mental
GU_619	502	2468	0.00004983426935986589	4.302471904721282	6.62	-26.852279406646513	-39.827	-13.878	2.178729065428561e-12	-11.661796772830906	True	Female	Noninflammatory disorders of ovary, fallopian tube, and broad ligament	Genitourinary
GI_529.5	750	3665	0.9996817078182972	0.00013825454198375454	48900.0	19.52644236321158	-95900.0	96000.0	302152484.4203807	8.48022616954468	False	Both	Constipation	Gastrointestinal
DE_679.3	116	4578	0.9977604457928626	0.0009737167872845276	4151.198	11.65186766374506	-8124.547	8147.851	114905.76811423186	5.0603418302314145	False	Both	Flushing	Dermatological
GU_622.1	58	3084	0.025999200939540543	1.585039999447681	16.191	36.0456212845133	4.311	67.78	4512470966413977.0	15.654414420638531	True	Female	Polyp of corpus uteri	Genitourinary
MB_296.4	112	4660	0.998320034118435	0.000730213450874937	6046.545	12.731161977927737	-11800.0	11900.0	338121.9735732731	5.529073395230506	False	Both	Borderline personality disorder	Mental
MS_716	633	3934	0.9920824251341713	0.003452243880248274	1309.2	12.991680602678123	-2552.994	2578.977	438748.047091202	5.6422151963926215	False	Both	Intervertebral disc disorder	Muscloskeletal
GI_530.1	64	4676	0.9981034392018068	0.0008244479444340975	5260.382	12.503869201117181	-10300.0	10300.0	269377.54864355724	5.430361396485214	False	Both	Anal fissure	Gastrointestinal
SO_387.4	251	4433	0.9970939786563959	0.0012639063940637649	3896.614	14.192113753806357	-7623.031	7651.415	1457325.9216403393	6.1635566898213465	False	Both	Presbyopia	Sense organs
SS_809.33	411	4079	0.9941356836118971	0.0025543373104566156	1741.058	12.79659959096493	-3399.615	3425.208	360987.8538719561	5.557492589481479	False	Both	Pain in hand and fingers*	Symptoms
BI_179	131	4621	0.9979725946846392	0.0008813847052687401	5429.978	13.797457827891806	-10600.0	10700.0	982109.2443012954	5.992159798946238	False	Both	Immunodeficiencies	Blood/Immune
GI_557.8	256	4327	0.9947873691507441	0.0022697376189877282	1876.45	12.259053852195438	-3665.515	3690.033	210881.965811257	5.324039441363281	False	Both	Hemorrhage of rectum and anus	Gastrointestinal
MS_719	690	3696	0.9973495639601451	0.001152597865835576	4549.801	15.113689261372036	-8902.333	8932.56	3662619.8721606513	6.5637918474143095	False	Both	Disorders of muscle	Muscloskeletal
RE_488	1547	2743	0.9999534327202315	0.00002022438354161541	442000.0	25.793056825325543	-866000.0	866000.0	159141061535.72977	11.20178225065589	False	Both	Abnormalities of breathing	Respiratory
MS_745.1	179	4560	0.9978181081649456	0.0009486188526866421	5125.585	14.016420160560987	-10000.0	10100.0	1222514.2547140648	6.087253931769127	False	Both	Fracture of lower limb	Muscloskeletal
GU_582.2	268	4498	0.9978476107112876	0.0009357782321777687	5658.451	15.26436885063886	-11100.0	11100.0	4258250.063516212	6.629231161568339	False	Both	Chronic kidney disease	Genitourinary
MB_294	131	4547	0.9971570862233852	0.0012364201175346183	3877.606	13.81618831561912	-7586.152	7613.785	1000677.9873844632	6.000294346409568	False	Both	Sexual dysfunction and disorders	Mental
MS_724.5	94	4563	0.9968462479669685	0.0013718214363839477	3187.248	12.598084454979407	-6234.294	6259.49	295991.0377509517	5.471278561348693	False	Both	Exostosis	Muscloskeletal
SS_800.2	61	4661	0.9977506923893128	0.000977962165083169	4553.277	12.836110272767469	-8911.423	8937.095	375536.24597846845	5.574651860564556	False	Both	Precordial pain	Symptoms
ID_092	154	4602	0.9979298342291069	0.0008999934605016292	5488.074	14.23919701844637	-10700.0	10800.0	1527582.5611903637	6.184004691844494	False	Both	Bacteremia, Sepsis, and SIRS	Infections
CV_431.11	80	4686	0.9979290186275989	0.000900348406678157	5310.483	13.783852913046799	-10400.0	10400.0	968838.2119943852	5.986251259502287	False	Both	Cerebral infarction [Ischemic stroke]	Cardiovascular
NS_349.1	81	4597	0.9974291468717019	0.0011179449801058503	3848.26	12.399449726439828	-7530.052	7554.851	242668.0469413906	5.385012594829603	False	Both	Abnormal findings on diagnostic test of central nervous system	Neurological
GE_972.1	116	4603	0.9975990991739936	0.0010439516946505053	4560.251	13.72219367395902	-8924.205	8951.65	910904.8033943354	5.959472992208112	False	Both	Hereditary neuropathy	Genetic
RE_488.6	131	4489	0.9964040063178118	0.0015645349309742083	2715.068	12.23660995490537	-5309.2	5333.673	206201.67112175675	5.314292180617802	False	Both	Wheezing	Respiratory
RE_475.5	101	4641	0.9983276941366327	0.0007268811618712265	5608.629	11.7552721347954	-11000.0	11000.0	127423.58553774405	5.105249821412701	False	Both	Exercise induced bronchospasm	Respiratory
ID_061	132	4415	0.9566032633392378	0.019268141917111126	102.698	5.58849218359327	-195.697	206.874	267.3322277505134	2.4270513174940116	False	Both	Influenza virus	Infections
GI_523.2	207	4372	0.9925954472840643	0.0032277211031755387	1271.814	11.80290017165346	-2480.907	2504.513	133639.36857691675	5.125934415004042	False	Both	Diverticula of colon	Gastrointestinal
CA_103.21	76	4703	0.9979468214748948	0.0008926007520519168	5298.663	13.634946900202133	-10400.0	10400.0	834799.5375350779	5.921582199801635	False	Both	Basal cell carcinoma	Neoplasms
EM_200.21	62	4720	0.9983870568599332	0.0007010578406833586	5956.825	12.041874949215407	-11700.0	11700.0	169714.84905904916	5.229719842213252	False	Both	Diffuse goiter	Endocrine/Metab
GU_596.5	67	4712	0.9981532827568964	0.0008027605725642831	5790.58	13.402407389270603	-11300.0	11400.0	661594.0235156505	5.82059157337959	False	Both	Neuromuscular dysfunction of bladder	Genitourinary
NS_336.4	455	4147	0.9953825698893953	0.0020099684414345387	2333.9	13.506567908407334	-4560.854	4587.867	734222.8768261205	5.8658279120728505	False	Both	Mononeuritis of upper limb	Neurological
EM_244	67	4633	0.9973141812741712	0.0011680054805894046	3952.089	13.303447780704447	-7732.649	7759.256	599258.1668790346	5.7776139614480035	False	Both	Disorders of lipoprotein metabolism and other lipidemias	Endocrine/Metab
MS_710.41	164	4585	0.9978926447711424	0.0009161784434354942	5380.748	14.211530840644029	-10500.0	10600.0	1485899.4552685507	6.171989423489584	False	Both	Flat foot [pes planus]	Muscloskeletal
MS_741.1	145	4533	0.9971915164066383	0.001221424906988669	3877.643	13.648991512494844	-7586.392	7613.69	846606.6927600072	5.927681697420829	False	Both	Sprains and strains of shoulder and upper arm	Muscloskeletal
MS_719.1	454	4005	0.9976615499279378	0.0010167652537714973	5001.879	14.659589445830187	-9788.842	9818.161	2325834.4732377464	6.366578803291199	False	Both	Cramp and spasm	Muscloskeletal
NS_331.1	163	4491	0.9971489173897055	0.0012399779259995947	3463.514	12.376207294029184	-6775.986	6800.738	237092.89231697313	5.374918534687651	False	Both	Tension headache	Neurological
NS_329.8	97	4596	0.9973827894017242	0.0011381301344493267	4054.35	13.299050272778658	-7933.081	7959.679	596628.7101064738	5.775704148021707	False	Both	Altered mental status, unspecified	Neurological
DE_685	226	4366	0.9954755575408205	0.001969398977069347	2123.848	12.043445160900097	-4150.622	4174.709	169981.54662913087	5.230401776483333	False	Both	Disorders of sweat glands	Dermatological
SO_363	325	4286	0.9957508954743411	0.0018492943593673243	2509.91	13.366494155022119	-4905.966	4932.699	638255.6293377368	5.804994653918175	False	Both	Disorders of lacrimal system	Sense organs
GU_599	261	4269	0.9972576503444092	0.0011926233664633296	4105.005	14.109035853487248	-8031.553	8059.771	1341147.1039984836	6.127476416144648	False	Both	Other symptoms/disorders or the urinary system	Genitourinary
RE_486	196	4348	0.9950990373200763	0.002133693906349089	2018.086	12.39606239179	-3942.98	3967.772	241847.4396779283	5.383541494082823	False	Both	Other respiratory disorders	Respiratory
SO_386.4	58	4706	0.9980768338457471	0.0008360246136182295	5519.265	13.303271279198098	-10800.0	10800.0	599152.4062436187	5.777537307817748	False	Both	Visual field defects	Sense organs
CA_138.1	118	4525	0.9966635568966254	0.0014514214702253077	3078.774	12.87427396120161	-6021.412	6047.161	390145.0847873242	5.591226139860579	False	Both	Nevus, non-neoplastic	Neoplasms
SO_361	86	4674	0.9979618019292961	0.0008860814869846512	5270.839	13.46438568741199	-10300.0	10300.0	703895.8525037377	5.8475084062601494	False	Both	Disorders of eyelid function	Sense organs
MB_296	197	4551	0.9979510707075466	0.0008907515409271853	5407.067	13.885104393081255	-10600.0	10600.0	1072072.6545480543	6.030224218565789	False	Both	Personality disorders	Mental
GI_546.3	52	4680	0.9981031044563171	0.0008245935988198759	5079.896	12.076986233221282	-9944.336	9968.49	175779.60293147157	5.2449684791095414	False	Both	Hepatomegaly	Gastrointestinal
EM_204.4	387	4250	0.9962932559798431	0.001612809459783258	3097.256	14.389020216609369	-6056.122	6084.9	1774483.9684243565	6.249072080067783	False	Both	Hyperglycemia	Endocrine/Metab
MB_290	1178	3280	0.9977798632783095	0.0009652650343994116	5791.178	16.114140936253875	-11300.0	11400.0	9960530.948814657	6.998282489226358	False	Both	Reaction to severe stress, and adjustment disorders	Mental
MS_723.52	63	4721	0.9982813901436113	0.0007470248833650518	5905.264	12.719701415428515	-11600.0	11600.0	334269.026206686	5.524096136177586	False	Both	Posterior tibial tendinitis	Muscloskeletal
EM_200.3	101	4658	0.998059114948901	0.000843734728884198	5441.214	13.235977377770316	-10700.0	10700.0	560159.7992285105	5.748311937761922	False	Both	Thyrotoxicosis [hyperthyroidism]	Endocrine/Metab
EM_256	599	3857	0.9899419404163349	0.004390275802667264	955.354	12.04342017447137	-1860.415	1884.502	169977.29945039225	5.2303909250152145	False	Both	Disorders of fluid, electrolyte and acid-base balance	Endocrine/Metab
BI_177.2	264	4290	0.9873652539212779	0.005522159976289215	627.014	9.92937474839919	-1218.996	1238.854	20524.50358996557	4.312272661979258	False	Both	Enlargement of lymph nodes [Lymphadenopathy]	Blood/Immune
MS_713.37	1258	3188	0.9792289799250218	0.009115742221303354	448.168	11.668301940200875	-866.725	890.061	116809.76381639164	5.067479145810247	False	Both	Pain in knee	Muscloskeletal
MS_713.3	2514	1860	0.9939744662959358	0.0026247718292542396	2154.618	16.27158260692079	-4206.701	4239.245	11658925.790763699	7.066658538018629	False	Both	Pain in joint	Muscloskeletal
CA_136.4	574	4038	0.9953269424068768	0.0020342398969703966	2510.495	14.703571377373867	-4905.775	4935.182	2430412.0707336343	6.385679913464067	False	Both	Benign neoplasm of colon, rectum, anus and anal canal	Neoplasms
EM_239.1	874	3715	0.9940676500660222	0.0025840592137135283	2006.928	14.921846427120226	-3918.585	3948.429	3023260.452822422	6.480475563106068	False	Both	Hypercholesterolemia	Endocrine/Metab
MS_741.4	69	4673	0.9980392105432422	0.0008523959991563782	5217.141	12.821059518320418	-10200.0	10200.0	369926.4637775074	5.568115400959721	False	Both	Sprains and strains of hip and thigh	Muscloskeletal
EM_239	1534	2993	0.9901833848860845	0.0042843653331852685	1230.854	15.143948665470914	-2397.285	2427.573	3775142.4138275855	6.576933339640132	False	Both	Hyperlipidemia	Endocrine/Metab
BI_168.1	55	4710	0.9981362740159379	0.000810161104533747	5480.922	12.802535457834285	-10700.0	10800.0	363137.00193203194	5.560070503708151	False	Both	Hypo-coagulability	Blood/Immune
GU_582.1	165	4543	0.9974356479689838	0.0011151143214234856	4419.045	14.202562726468525	-8646.966	8675.371	1472633.3143465647	6.168094620990083	False	Both	Acute kidney failure	Genitourinary
CA_103.2	106	4671	0.9979107686944485	0.0009082907729070219	5366.588	14.052227926247738	-10500.0	10500.0	1267082.9493338238	6.102805046816169	False	Both	Keratinocyte carcinoma	Neoplasms
BI_164.3	73	4641	0.9976071688606597	0.0010404386539730097	4356.893	13.066208313868346	-8526.288	8552.42	472696.264307795	5.674582170111415	False	Both	Acute posthemorrhagic anemia	Blood/Immune
MB_307	859	3652	0.9928738741610557	0.0031059168972102703	1519.823	13.574133156812007	-2965.223	2992.372	785545.104810359	5.895171126623422	False	Both	Behavioral and emotional disorders with onset usually in childhood and adolescence	Mental
CV_448.9	78	4670	0.9976563850248732	0.0010190136061380246	4609.578	13.539667620800417	-9021.067	9048.147	758932.121432216	5.880202934517752	False	Both	Peripheral vascular disease NOS [includes PAD]	Cardiovascular
CA_105.1	118	3051	8.474731404294597e-27	26.071874057311454	12.691	136.004663625453	111.132	160.878	1.1643268848630083e+59	59.06607492564215	True	Female	Malignant neoplasm of the breast, female	Neoplasms
DE_669.3	53	4721	0.9985118995312199	0.000646755159876236	6361.853	11.86522810581795	-12500.0	12500.0	142233.89164435028	5.153003092880109	False	Both	Hidradenitis suppurativa	Dermatological
GI_550	323	4348	0.9971457066009765	0.0012413763430747747	3803.494	13.606366965745144	-7441.104	7468.317	811278.7339655011	5.909170091973808	False	Both	Disorders of the gallbladder	Gastrointestinal
MS_741.3	137	4515	0.997009543268967	0.0013006846480074466	3419.333	12.815627722916132	-6688.954	6714.585	367922.5462736108	5.565756402188812	False	Both	Sprains and strains of wrist and hand	Muscloskeletal
SO_394.21	105	4604	0.9975523422510513	0.001064307315990043	4288.422	13.155544600271298	-8391.997	8418.308	516868.9296030013	5.7133804263299455	False	Both	Paroxysmal vertigo	Sense organs
GI_557.2	186	4429	0.99622812117223	0.0016412033208084151	2656.137	12.556532119874303	-5193.376	5218.489	283943.9447083554	5.453232611502351	False	Both	Blood in stool	Gastrointestinal
NS_345	55	4703	0.9981148298592145	0.0008194916731343542	5419.627	12.805021854093367	-10600.0	10600.0	364041.02783274226	5.5611503318832956	False	Both	Encephalopathy	Neurological
NS_333.1	1231	3353	0.9937098896202733	0.0027403879637950524	1904.258	15.012345345866795	-3717.265	3747.29	3309624.6623621723	6.519778744135913	False	Both	Sleep apnea	Neurological
BI_168.2	86	4674	0.9981175590141637	0.0008183041791919863	5585.729	13.178366705576025	-10900.0	11000.0	528800.6018045726	5.7232919407292036	False	Both	Hyper-coagulability	Blood/Immune
RE_479.6	104	4582	0.997126225495245	0.00124986118065851	3774.027	13.593101260871547	-7383.364	7410.55	800587.6190816818	5.903408869548648	False	Both	Pulmonary collapse [Atelectasis]	Respiratory
CV_404.1	76	4695	0.9978605029481357	0.000930167163821361	5136.325	13.772875792191945	-10100.0	10100.0	958261.3159923315	5.98148395648784	False	Both	Myocardial infarction [Heart attack]	Cardiovascular
EM_202.2	578	4123	0.9971720250031305	0.001229913839735863	4391.369	15.564541412890762	-8591.36	8622.489	5749028.3327822	6.7595944489731	False	Both	Type 2 diabetes	Endocrine/Metab
GI_506	105	4603	0.9975618974800743	0.0010601473705038043	4357.474	13.315190937028044	-8527.177	8553.808	606336.8307928642	5.782713949439469	False	Both	Diseases of salivary glands	Gastrointestinal
CV_444.11	150	4566	0.9975614933583508	0.0010603233073259097	4459.681	13.629764223054096	-8727.184	8754.444	830484.2331226224	5.919331391714756	False	Both	Varicose veins of lower extremities	Cardiovascular
GU_614.52	357	2551	0.05011947817044721	1.2999934594032478	7.501	-14.694478399203147	-29.397	0.008	4.1521125451871733e-7	-6.381730883220456	True	Female	Vaginitis and vulvovaginitis	Genitourinary
SO_362.6	68	4728	0.9979621871227887	0.0008859138579474294	5168.201	13.199700916521818	-10100.0	10100.0	540203.3471874358	5.732557270818721	False	Both	Dermatochalasis of eyelid	Sense organs
GI_545	110	4595	0.9975277576906273	0.0010750105844282412	4410.532	13.66603873114286	-8630.818	8658.15	861162.6993684609	5.9350852104114615	False	Both	Nonspecific abnormal results of function study of liver	Gastrointestinal
MS_705.1	105	4666	0.998150853684028	0.000803817458560392	5657.809	13.11233154696322	-11100.0	11100.0	495009.1602638917	5.6946132357320565	False	Both	Rheumatoid arthritis	Muscloskeletal
GU_594.2	654	3680	0.9872595988486706	0.005568635047235331	651.348	10.400991994301148	-1266.218	1287.02	32892.23840899923	4.517093429444887	False	Both	Dysuria	Genitourinary
SS_809.34	733	3670	0.999303305922687	0.0003026758418319493	21200.0	18.46859736379032	-41400.0	41500.0	104908317.89521635	8.020809923587079	False	Both	Pain in foot and toes*	Symptoms
MS_724.51	55	4694	0.9978734578672123	0.000924528887398734	4701.941	12.531746780573185	-9203.103	9228.167	276992.79682048573	5.442468475411776	False	Both	Calcaneal spur	Muscloskeletal
CA_107	64	1544	0.20425993758880956	0.6898168051260474	4.582	-5.8167691941483675	-14.797	3.164	0.0029772084056303915	-2.526190763523461	False	Male	Malignant neoplasm of male genitalia	Neoplasms
SS_840.8	1312	2933	0.999675968210862	0.00014074802263236308	51300.0	20.830582748026938	-101000.0	101000.0	1113287011.569831	9.046607142297175	False	Both	Allergies related to other diseases/symptoms	Symptoms
GI_514	147	4561	0.9974932249493397	0.0010900453927016433	4419.537	13.885221465240027	-8648.249	8676.019	1072198.1717552252	6.030275062358329	False	Both	Gastrointestinal obstruction	Gastrointestinal
NS_333.5	98	4652	0.9979758017769143	0.0008799890554809069	5384.715	13.660800217552293	-10500.0	10600.0	856663.2822823285	5.932810152865703	False	Both	Parasomnias	Neurological
RE_479.3	80	4673	0.9979510541033483	0.0008907587668443583	5230.846	13.432685349896653	-10200.0	10300.0	681932.0850962333	5.833741124602768	False	Both	Respiratory failure	Respiratory
EM_232.4	1090	3407	0.998188994304955	0.0007872228279180597	7279.264	16.52218921014508	-14300.0	14300.0	14979440.868329253	7.175495602927454	False	Both	Vitamin D deficiency	Endocrine/Metab
MS_721.5	222	4388	0.9958150606931571	0.0018213097471728738	2440.646	12.80135219097247	-4770.776	4796.379	362707.5680688815	5.559556617439446	False	Both	Bursitis	Muscloskeletal
RE_462.2	553	3858	0.9949050031477914	0.002218385162122862	2080.908	13.288005126688748	-4065.218	4091.794	590075.1181576145	5.770907302023044	False	Both	Chronic sinusitis	Respiratory
CV_425	102	4614	0.9975528730309944	0.001064076235645376	4456.372	13.667798836219546	-8720.661	8747.997	862679.770918487	5.935849614333836	False	Both	Cardiomegaly	Cardiovascular
MS_716.3	253	4392	0.9966497727048239	0.001457427950338693	3242.297	13.61407973522792	-6341.171	6368.4	817560.132176739	5.912519705200369	False	Both	Spinal disc displacement (herniation)	Muscloskeletal
CV_417.3	104	4569	0.997087493600795	0.0012667310355535472	3662.181	13.36803467624005	-7164.374	7191.11	639239.6334221773	5.805663693782377	False	Both	Bradycardia	Cardiovascular
RE_471.2	225	4439	0.9970342924563093	0.0012899041071764647	3678.498	13.672871808234719	-7196.05	7223.396	867067.2406005624	5.938052778086875	False	Both	Deviated nasal septum	Respiratory
MS_714	330	4296	0.9962514846983169	0.0016310183729395281	2867.707	13.472728271142747	-5607.129	5634.075	709792.7259701148	5.851131544339233	False	Both	Deforming dorsopathies	Muscloskeletal
CV_433.2	68	4702	0.9978018797921526	0.0009556822142454227	4795.732	13.211948184085825	-9386.251	9412.675	546860.0420750863	5.737876191540162	False	Both	Occlusion and stenosis of precerebral arteries	Cardiovascular
GU_624	65	3024	0.003309084010595398	2.480292206888241	15.217	44.699530679049346	14.875	74.524	2.5867801375191642e+19	19.412759517576244	True	Female	Symptoms involving female genital tract	Genitourinary
CV_401	1475	3095	0.9917121391294648	0.003614370718716899	1446.432	15.02478745778019	-2819.931	2849.98	3351060.623692922	6.525182284683124	False	Both	Hypertension	Cardiovascular
MB_291	189	4490	0.99737928848578	0.0011396545553244302	3987.449	13.097096703845983	-7802.159	7828.353	487524.9286699989	5.687996827433579	False	Both	Dissociative and somatoform disorders	Mental
EM_200.41	137	4628	0.9982612123189272	0.0007558031763066696	5750.867	12.5325698072413	-11300.0	11300.0	277220.86311859376	5.442825911352197	False	Both	Chronic thyroiditis	Endocrine/Metab
GU_618	548	2244	5.552524462878938e-6	5.255509519394539	6.039	27.4357491034099	15.599	39.273	822610867166.5917	11.915194442493009	True	Female	Noninflammatory disorders of vagina	Genitourinary
GI_520.1	223	4476	0.9972660633988037	0.001188959591423338	4286.986	14.689306714104335	-8387.649	8417.028	2395989.1602494316	6.3794848489199	False	Both	Hernia of the abdominal wall	Gastrointestinal
NS_331.3	121	4590	0.9977618147152174	0.0009731209378303655	4624.903	12.973560684992464	-9051.67	9077.617	430869.5628973494	5.634345816129199	False	Both	Headache syndromes, non migraine	Neurological
DE_660.6	535	3858	0.9897999098361729	0.004452590086040931	1233.98	-15.775525942513609	-2434.332	2402.781	1.4085625389438857e-7	-6.851223865955256	False	Both	Cellulitis and abscess	Dermatological
SO_388	83	4625	0.9976452522751287	0.0010238598827030502	4507.301	13.302139551598115	-8820.845	8847.449	598474.7124835759	5.7770458047660584	False	Both	Blindness and low vision	Sense organs
ID_088	199	4467	0.9971571517094859	0.001236391596199653	3726.621	13.27791171933707	-7290.765	7317.321	584149.2062527146	5.766523790906608	False	Both	Sexually transmitted disease	Infections
NS_324.31	88	4650	0.99796326580075	0.0008854444377236919	5019.305	12.812631837810995	-9824.844	9850.47	366821.9420624575	5.564455305819235	False	Both	Dystonia	Neurological
RE_466.1	95	4596	0.9979663439326071	0.00088410489581442	4557.13	11.615270610211358	-8920.195	8943.426	110776.5745829554	5.0444479318278095	False	Both	Acute tonsillitis and adenoiditis	Respiratory
EM_229	88	4655	0.9978878953540584	0.0009182454498927176	5194.442	13.750382233933085	-10200.0	10200.0	936947.222818048	5.971715128257648	False	Both	Other endocrine disorders, NOS	Endocrine/Metab
CM_750	79	4688	0.9983474837166769	0.0007182723450661693	5934.593	12.29127550136373	-11600.0	11600.0	217787.58834172104	5.338033125794893	False	Both	Congenital malformations of nervous system	Congenital
RE_463	1511	2710	0.9989223653816459	0.00046826312187486666	13700.0	18.46270163092943	-26800.0	26800.0	104291626.18913133	8.01824943933882	False	Both	Rhinitis and nasal congestion	Respiratory
NS_325.2	117	4627	0.9979020849693548	0.0009120699788417291	5122.152	13.467927470754352	-10000.0	10100.0	706393.3192412051	5.849046583221834	False	Both	Difficulty walking	Neurological
EM_236	1973	2578	0.9760406000959245	0.01053211672788334	393.01	11.80332478757885	-758.481	782.088	133696.12603028002	5.126118823357366	False	Both	Overweight and obesity	Endocrine/Metab
CV_444.1	189	4507	0.9973153011195293	0.0011675178284576123	4169.234	14.028544273693951	-8157.52	8185.577	1237426.3712733153	6.092519367200745	False	Both	Varicose veins	Cardiovascular
SO_376.2	81	4647	0.9977006768156297	0.0009997331668721084	4648.525	13.396018937519058	-9097.546	9124.338	657380.9339059767	5.817817104035989	False	Both	Vitreous opacities	Sense organs
ID_089.3	823	3494	0.9984683750659142	0.0006656861782277691	8812.195	16.915963608950975	-17300.0	17300.0	22208010.363638923	7.346509651443625	False	Both	Fungal infections	Infections
CV_401.2	79	4687	0.997772937314308	0.000968279645635755	4912.221	13.71105301254509	-9614.064	9641.487	900813.0402351025	5.95463466443129	False	Both	Hypertensive heart disease	Cardiovascular
RE_475	1196	3386	0.9941684983060587	0.002540002239665509	1868.852	13.65900444003844	-3649.223	3676.541	855126.2860877101	5.932030256600711	False	Both	Asthma	Respiratory
CV_444.5	110	4638	0.9978051281548451	0.0009542683627336214	4996.874	13.74573673707978	-9779.947	9807.438	932604.7317664671	5.969697614608558	False	Both	Venous insufficiency (chronic) (peripheral)	Cardiovascular
SS_819	708	3445	0.9999722926133343	0.000012033331843726753	736000.0	25.570512230797224	-1440000.0	1440000.0	127389126964.81383	11.105132361274844	False	Both	General symptoms and other findings	Symptoms
DE_660.12	408	4108	0.9993033590414904	0.00030265275654599766	21200.0	18.48914015190859	-41500.0	41500.0	107085715.57881889	8.029731543109751	False	Both	Dermatophytosis	Dermatological
RE_463.2	1198	3127	0.9992517045431634	0.00032510223917737085	20000.0	18.777237738432774	-39200.0	39300.0	142840293.92820573	8.15485073518685	False	Both	Allergic rhinitis	Respiratory
RE_463.21	475	3936	0.9961261752926767	0.0016856477582862257	2772.033	13.458604284230589	-5419.626	5446.544	699838.0878718046	5.844997574760809	False	Both	Seasonal allergic rhinitis	Respiratory
GI_550.1	237	4470	0.9975943530399952	0.0010460178800658407	4509.88	13.597448674751504	-8825.604	8852.799	804075.6813404398	5.905296927407263	False	Both	Gallstones [Cholelithiasis]	Gastrointestinal
GI_510.2	290	4332	0.9961018212070731	0.0016962658652584415	2779.154	13.578005048485746	-5433.463	5460.619	788592.5462354072	5.896852667811855	False	Both	Esophagitis	Gastrointestinal
RE_466.2	50	4713	0.998555314595134	0.0006278725478549798	6431.601	11.64534961201756	-12600.0	12600.0	114159.24196491537	5.057511076333401	False	Both	Chronic tonsillitis and adenoiditis	Respiratory
SO_367.1	376	4053	0.9952778340532177	0.0020556680451051194	2176.361	12.880558682828056	-4252.709	4278.47	392604.759127442	5.593955559783242	False	Both	Conjunctivitis	Sense organs
GU_592.11	221	4352	0.994493528717149	0.0023980385340925604	1500.94	10.358574353096023	-2931.429	2952.146	31526.20403408024	4.498671681934149	False	Both	Acute cystitis	Genitourinary
CV_444	247	4431	0.9970593507670871	0.0012789891873739995	3840.183	14.153246598533734	-7512.467	7540.774	1401770.4440389827	6.14667689875917	False	Both	Venous insufficiency	Cardiovascular
MS_715.4	336	4327	0.9967707018705552	0.001404735736014106	3543.264	14.340781899056918	-6930.33	6959.011	1690917.6015665603	6.228122444938456	False	Both	Spinal stenosis	Muscloskeletal
GU_608	82	1458	0.9958822379497491	0.001792013415970089	2509.065	12.948964069381404	-4904.728	4930.626	420400.9044480492	5.623663641695821	False	Male	Other disorders of male genital organs	Genitourinary
EM_234	56	4715	0.9983494882929907	0.0007174003284869341	5999.259	12.410134591946866	-11700.0	11800.0	245274.824117107	5.389652972959188	False	Both	Other nutritional deficiencies	Endocrine/Metab
BI_164.6	110	4632	0.9979373995775813	0.000896701068061395	5176.729	13.382305604537715	-10100.0	10200.0	648427.5807306049	5.8118614791936904	False	Both	Anemia secondary to chronic diseases and conditions	Blood/Immune
SO_374.1	61	4727	0.9981532639648967	0.0008027687489255759	5890.133	13.63296226503759	-11500.0	11600.0	833144.4079749701	5.920720283701082	False	Both	Retinal detachments and breaks	Sense organs
GU_591	688	3691	0.9988642118944508	0.0004935468422548661	11200.0	15.906699042247425	-21900.0	21900.0	8094529.671121861	6.908191619343797	False	Both	Urinary tract infection [UTI]	Genitourinary
GU_622	90	3033	2.346462815958112e-6	5.629586323596025	12.954	61.15780653538224	35.768	86.548	3.634945499223542e+26	26.56049790362314	True	Female	Polyp of female genital organs	Genitourinary
GU_586	204	4455	0.9967795299012733	0.0014008893668924556	3459.574	13.963780433905024	-6766.677	6794.604	1159825.863225905	6.064392788953548	False	Both	Other disorders of the kidney and ureters	Genitourinary
EM_256.5	212	4426	0.9966915072544393	0.0014392423192201573	3057.962	12.680121251779825	-5980.815	6006.175	321297.0140688334	5.506906689512133	False	Both	Hypokalemia [Hypopotassemia]	Endocrine/Metab
GI_526.1	60	4700	0.9980982463337008	0.0008267074695913176	5513.1	13.140456401959954	-10800.0	10800.0	509128.84747686697	5.706827705061467	False	Both	Bacterial enteritis	Gastrointestinal
MS_706	120	4612	0.9978033389356176	0.0009550471207417744	4912.232	13.523914392541927	-9614.274	9641.322	747070.1678302742	5.873361394412927	False	Both	Inflammatory spondylopathies	Muscloskeletal
GI_500	74	4691	0.9983974794834176	0.0006965240637195665	6138.027	12.328000335331234	-12000.0	12000.0	225934.48239800087	5.353982518535793	False	Both	Disorders of tooth develoment	Gastrointestinal
CA_104	64	4665	0.9978278019350959	0.000944399716552501	4787.922	13.034877307367935	-9371.119	9397.189	458115.81731765455	5.660975286875812	False	Both	Malignant sarcoma-related cancers	Neoplasms
CA_105	137	4647	0.9985477675672492	0.0006311549348228376	5594.412	10.18241473342686	-11000.0	11000.0	26434.221890811452	4.422166531177656	False	Both	Malignant neoplasm of the breast	Neoplasms
SO_371	388	4317	0.9971710041513767	0.001230358447586202	4182.995	14.83134381050632	-8183.688	8213.351	2761663.6021342175	6.441170776112843	False	Both	Cataract	Sense organs
MS_730	525	4059	0.9944838223352986	0.0024022773235133354	1890.953	13.073211704807335	-3693.126	3719.272	476018.3604327315	5.677623704150829	False	Both	Other disorders and symptoms of the musculoskeletal system	Muscloskeletal
SS_809.3	1688	2555	0.9987723140340906	0.0005335047957296793	12200.0	18.77221537571307	-23900.0	23900.0	142124696.65982315	8.152669550771567	False	Both	Pain in limb	Symptoms
GU_594.4	605	3797	0.9923136774815918	0.0033510225376603233	1319.081	12.70740128303433	-2572.644	2598.059	330182.65589687217	5.5187542565521115	False	Both	Frequency of urination and polyuria	Genitourinary
MS_713.35	114	4591	0.9975453227160479	0.0010673633521641455	4344.243	13.365004793826236	-8501.194	8527.924	637305.7437073324	5.804347832569242	False	Both	Pain in joints of hand	Muscloskeletal
GU_625.1	147	2941	0.4811169092297366	0.31774937921026414	11.095	-7.816693137457221	-29.563	13.93	0.00040295198885994426	-3.3947466963286876	True	Female	Dyspareunia	Genitourinary
ID_089	2402	1771	0.9729970580794214	0.011888472847583374	355.201	12.02343218006981	-684.158	708.205	166613.5236965923	5.221710249342303	False	Both	Infections	Infections
EM_204.2	64	4707	0.998130267773848	0.0008127744607585031	5579.794	13.075487850264599	-10900.0	10900.0	477103.08148453844	5.678612221562928	False	Both	Impaired glucose tolerance (oral)	Endocrine/Metab
MS_714.6	116	4588	0.9974583332147662	0.001105237027534914	4165.364	13.268818515703114	-8150.695	8177.232	578861.4961152355	5.762574662745559	False	Both	Spondylolisthesis	Muscloskeletal
NS_333.64	260	4465	0.9976378031861168	0.0010271026288830585	4839.033	14.326338507128721	-9470.003	9498.656	1666670.5423352667	6.2218497595240745	False	Both	Restless legs syndrome	Neurological
ID_020	53	4719	0.9981505164498147	0.000803964188868902	5677.742	13.16092641429907	-11100.0	11100.0	519658.12078080483	5.715717718464837	False	Both	Borrelia	Infections
CV_416.4	102	4611	0.9974649002322289	0.00110237775014638	4302.662	13.670769596007284	-8419.392	8446.733	865246.395817019	5.937139798916711	False	Both	Heart block	Cardiovascular
CA_120.1	50	4722	0.9981434499139654	0.0008070388437816804	5654.908	13.158081675716051	-11100.0	11100.0	518181.92995864537	5.714482264195774	False	Both	Myeloid	Neoplasms
EM_215.1	121	1465	0.9968443246931742	0.0013726593469479272	3624.268	14.334207597534729	-7089.101	7117.769	1679837.4614041257	6.225267262065001	False	Male	Testicular hypofunction	Endocrine/Metab
DE_664	196	4532	0.9977173151448124	0.0009924906396608284	4935.586	14.120342950973733	-9659.451	9687.692	1356397.6422263372	6.132387026189371	False	Both	Papulosquamous disorders	Dermatological
BI_168	259	4322	0.994658851158783	0.0023258483640199905	1780.902	11.921688803751698	-3478.581	3502.425	150495.5513731346	5.1775236624371415	False	Both	Coagulation defects, purpura and other hemorrhagic conditions	Blood/Immune
GU_629	151	2983	0.05816837104434975	1.2353130980781286	11.294	-21.3956556803852	-43.531	0.74	5.104871345097886e-10	-9.292015198693257	True	Female	Female infertility	Genitourinary
NS_352	53	4683	0.9979139781384705	0.0009068940131655258	4858.051	12.701100598844203	-9508.904	9534.306	328108.81941208465	5.516017904176125	False	Both	Disturbances of sensation of smell and taste	Neurological
RE_472	146	4578	0.9977876471521482	0.0009618770323014325	4840.927	13.422809564425755	-9474.62	9501.466	675230.6157217813	5.829452125468297	False	Both	Diseases of vocal cords and larynx, not elsewhere classified	Respiratory
CA_144.21	180	2912	1.7534996046316555e-11	10.756094327704526	9.403	63.23450287247727	44.806	81.663	2.899984411514166e+27	27.462395663412206	True	Female	Leiomyoma of uterus	Neoplasms
PP_916	87	3037	6.4535918949561786e-9	8.190198501493693	20.399	-118.40769277766061	-158.389	-78.426	3.768707324938184e-52	-51.42380758823353	True	Female	Maternal infections and carrier state in pregnancy	Pregnancy
PP_900	80	3059	0.04507522106262434	1.3460621346878126	15.778	-31.618385511150958	-62.543	-0.694	1.8548536364546605e-14	-13.73169035418259	True	Female	Spontaneous abortion or history of recurrent pregnancy loss	Pregnancy
DE_682.1	202	4413	0.9959578242271161	0.001759052232181072	2605.204	13.198321385153957	-5092.907	5119.304	539458.6335210041	5.731958147958046	False	Both	Cutaneous cyst	Dermatological
MS_717	329	4268	0.9955409479720503	0.00194087213825717	2209.391	12.34745057649703	-4317.979	4342.674	230371.97785112314	5.362429650945786	False	Both	Other and unspecified dorsopathies	Muscloskeletal
MS_718	2323	2009	5.429301004605506e-68	67.2652560800582	4.188	72.96508142650363	64.757	81.173	4.879015919493145e+31	31.688332235151975	True	Both	Back pain	Muscloskeletal
BI_176	60	4677	0.9978814845604062	0.0009210355240724599	4841.623	12.85532495004991	-9476.552	9502.262	382821.8246201004	5.582996688879873	False	Both	Other diseases of blood and blood-forming organs	Blood/Immune
CA_106	87	3075	1.1355571189958678e-11	10.944791015701561	13.453	91.32143428705315	64.954	117.689	4.575040999311031e+39	39.6603949903576	True	Female	Gynecological malignant neoplasms	Neoplasms
NS_331.61	284	4367	0.9971465917419778	0.0012409908310282943	3446.075	12.323937505480597	-6741.859	6766.507	225018.41121939116	5.352218053950749	False	Both	Migraine with aura	Neurological
ID_052.1	265	4352	0.9961999192882187	0.0016534977900263617	2687.284	12.798760471972042	-5254.18	5279.778	361768.7490761336	5.5584310481789165	False	Both	Herpes simplex	Infections
GU_610	179	2884	9.132906280030341e-20	19.039390998968155	9.551	86.89832914493282	68.18	105.617	5.488641111192292e+37	37.73946483425684	True	Female	Benign mammary dysplasias	Genitourinary
BI_179.9	73	4693	0.9981152476787795	0.0008193098737180152	5624.46	13.28603706327204	-11000.0	11000.0	588914.9549163441	5.770052582941132	False	Both	Immunodeficiency NOS	Blood/Immune
PP_911	55	3087	1.3649700939680504e-7	6.864876863763834	28.813	-151.84126836297096	-208.314	-95.369	1.1380858527427939e-66	-65.94382497522909	True	Female	Excessive vomiting in pregnancy	Pregnancy
RE_471	492	3929	0.9950252718725513	0.0021658888066193216	2165.0	13.49863775700038	-4229.823	4256.82	728423.4039880176	5.862383891076153	False	Both	Other disorders of nose and nasal sinuses	Respiratory
CA_139.6	226	4374	0.9952989642845149	0.002046447860421224	2202.315	12.975840089896446	-4303.483	4329.434	431852.80927458126	5.635335749101022	False	Both	Hemangioma and lymphangioma	Neoplasms
DE_664.4	169	4594	0.997992348361114	0.0008727884493871246	5691.998	14.322324893555477	-11100.0	11200.0	1659994.5771586238	6.220106669296722	False	Both	Psoriasis	Dermatological
NS_348.2	65	4691	0.9979529955249538	0.0008899138878628619	5202.66	13.347644263676651	-10200.0	10200.0	626337.2629291499	5.796808250122362	False	Both	Myelopathies	Neurological
CV_404.2	232	4475	0.9971914084066674	0.0012214719428821324	4202.91	14.794473242323717	-8222.758	8252.347	2661693.792809627	6.425158091806501	False	Both	Coronary atherosclerosis [Atherosclerotic heart disease]	Cardiovascular
MS_719.9	85	4661	0.9979989572036543	0.0008699125011412148	5185.064	13.00381889268092	-10100.0	10200.0	444106.15144966566	5.647486788760578	False	Both	Contractures	Muscloskeletal
GU_588	51	4721	0.9980908963618066	0.0008299056156663018	5450.843	13.042279936280499	-10700.0	10700.0	461519.66186737036	5.664190207764116	False	Both	Disorders and findings from impaired renal function	Genitourinary
RE_468	335	4253	0.9947348873964984	0.0022926501912897182	1983.014	13.085687355089263	-3873.55	3899.722	481994.197746169	5.683041810226425	False	Both	Pneumonia	Respiratory
GI_542.2	281	4374	0.9968106934253	0.001387311705481172	3471.03	13.874448841514578	-6789.219	6816.968	1060709.7754785377	6.025596571318746	False	Both	Fatty liver disease (FLD)	Gastrointestinal
NS_347	93	4622	0.9977681949240538	0.0009703438415425135	4629.628	12.94979319130026	-9060.954	9086.853	420749.6125934412	5.624023724770005	False	Both	Other disorders of the brain and CNS	Neurological
EM_214	88	3016	0.00007994903228550006	4.097186788648339	13.143	51.84431039929018	26.084	77.605	3.278671642818705e+22	22.5156979244911	True	Female	Disorders of ovarian function	Endocrine/Metab
SS_834.1	214	4441	0.997606021521184	0.0010409381326307754	3487.868	10.465039368951237	-6825.631	6846.561	35067.82663274967	4.544908850835811	False	Both	Abnormal Papanicolaou smear	Symptoms
RE_469	539	3816	0.9942977700642536	0.0024835345869604177	1835.324	13.11659291598152	-3584.052	3610.285	497123.0778557498	5.696463924782058	False	Both	Bronchitis	Respiratory
EM_208.2	103	4688	0.9982173286433776	0.0007748952303897309	6017.202	13.443927127927171	-11800.0	11800.0	689641.466615765	5.8386233667682035	False	Both	Hyperparathyroidism	Endocrine/Metab
CV_403	150	4575	0.9975285342201767	0.0010746725062499723	4610.426	14.280924839223653	-9021.989	9050.551	1592673.8671669615	6.202126854149916	False	Both	Angina pectoris	Cardiovascular
NS_331.6	1098	3465	0.9920228232848544	0.0034783359983937214	1215.519	12.152853003356565	-2370.221	2394.527	189634.34622189475	5.2779169987391175	False	Both	Migraine	Neurological
MS_715.1	607	3939	0.9981333975833935	0.0008114126576674363	6958.307	16.278550781800465	-13600.0	13700.0	11740450.9354415	7.069684777917808	False	Both	Spondylosis	Muscloskeletal
DE_685.82	153	4485	0.9968393060246286	0.0013748458323283475	3119.26	12.356488421334557	-6101.28	6125.993	232463.48114637932	5.366354737087022	False	Both	Generalized hyperhidrosis	Dermatological
GI_526	158	4438	0.9956511933460321	0.0018927813923857951	2219.445	12.09697175909381	-4337.936	4362.13	179327.99082507507	5.253648082713915	False	Both	Intestinal infection	Gastrointestinal
GU_605.1	202	1338	0.992768699460805	0.003151923960721277	1454.259	13.180266020888652	-2837.116	2863.476	529805.9152863378	5.724116802888871	False	Male	Male erectile dysfunction*	Genitourinary
CV_446.2	119	4587	0.9977479232140202	0.0009791675155049714	4505.772	12.717828072347103	-8818.434	8843.869	333643.4118172671	5.523282553614617	False	Both	Orthostatic hypotension	Cardiovascular
MB_283.4	57	4656	0.9977751960041631	0.0009672965207248629	4549.789	12.686549108156354	-8904.736	8930.109	323368.9169427377	5.509698272066926	False	Both	Patient's noncompliance with medical treatment and regimen	Mental
MS_745.61	73	4703	0.9981106166169679	0.0008213249208387867	5691.155	13.476615953718097	-11100.0	11200.0	712557.5456713601	5.852819943429099	False	Both	Fracture of vertebrae	Muscloskeletal
EM_200.411	133	4633	0.998268224817809	0.0007527523927699163	5775.106	12.534637700858278	-11300.0	11300.0	277794.7195044155	5.443723986139213	False	Both	Hashimoto thyroiditis [Chronic lymphocytic thyroiditis]	Endocrine/Metab
MS_713	2587	1806	0.9629409274650772	0.01640035426990412	261.194	12.135931556772547	-499.794	524.066	186452.45577999522	5.270568107861858	False	Both	Symptoms related to joints	Muscloskeletal
SS_800	1265	3036	0.99749805224623	0.001087943660803416	5297.107	16.610306543526068	-10400.0	10400.0	16359290.881143186	7.213764474574847	False	Both	Chest pain	Symptoms
GU_626.16	416	2550	0.00011322835540684513	3.9460448005802196	7.202	-27.803584184490187	-41.92	-13.687	8.415052146146365e-13	-12.074943188456613	True	Female	Excessive menstruation	Genitourinary
EM_200	1063	3587	0.9965188534293831	0.0015144803424293463	3380.794	14.750349782198608	-6611.484	6640.985	2546803.9604645255	6.4059955165516875	False	Both	Disorders of thyroid gland	Endocrine/Metab
DE_662	209	4477	0.9973894129979682	0.0011352460043259063	4039.854	13.21796291484333	-7904.75	7931.186	550159.1697264492	5.740488355918281	False	Both	Rosacea	Dermatological
NS_346.1	78	4685	0.9982126861102009	0.0007769150623155504	5721.892	12.817425792179675	-11200.0	11200.0	368584.6916086215	5.566537293748049	False	Both	Postconcussion syndrome	Neurological
NS_329.1	316	4320	0.9963671082222035	0.0015806177005409803	3028.98	13.791463347050435	-5922.901	5950.484	976239.6195053735	5.989556428994956	False	Both	Memory loss	Neurological
EM_239.11	492	4157	0.996384013091994	0.0015732493025619914	3311.25	15.006530579311537	-6474.925	6504.938	3290435.8109776187	6.51725342310741	False	Both	Pure hypercholesterolemia	Endocrine/Metab
SO_394	162	4506	0.9970785056872651	0.0012706458563370424	3605.766	13.202722699294702	-7053.969	7080.374	541838.1931865542	5.7338696144024945	False	Both	Disorders of vestibular function	Sense organs
DE_684.1	260	4378	0.996672823837306	0.0014473834350591057	3136.576	13.07954998169787	-6134.496	6160.655	479045.07856204023	5.680376382829163	False	Both	Alopecia	Dermatological
DE_682.4	606	3968	0.9944811065052797	0.002403463337378065	1686.914	11.668323089410029	-3294.623	3317.96	116812.23427664184	5.067488330795079	False	Both	Acne	Dermatological
CA_106.1	57	3115	0.000011762846338643316	4.929487576253545	16.2	70.9874026502117	39.236	102.739	6.752074968524971e+30	30.82943725563122	True	Female	Malignant neoplasm of external female genital organs and cervix	Neoplasms
GI_512	423	4194	0.9959226539379212	0.0017743887573323494	2679.861	13.694672686728103	-5238.736	5266.126	886177.6228291112	5.947520779317195	False	Both	Aphagia and dysphagia	Gastrointestinal
MS_734.62	67	4659	0.9980254276129157	0.0008583936512072462	4794.328	11.864821059742932	-9384.846	9408.575	142176.0076785416	5.152826315015847	False	Both	Arthralgia of temporomandibular joint	Muscloskeletal
PP_900.1	60	3083	0.03953333657098888	1.4030365301240693	18.523	-38.13197507104871	-74.437	-1.827	2.7510193338418338e-17	-16.560506357428814	True	Female	Spontaneous abortion	Pregnancy
PP_941	54	3064	0.0023674799850333136	2.625713683888081	21.221	-64.50811542942779	-106.101	-22.915	9.648980551121676e-29	-28.015518568978507	True	Female	Abnormal forces of labor	Pregnancy
CV_431.2	64	4696	0.9978728150589895	0.0009248086504806995	4958.286	13.218960545705775	-9704.844	9731.282	550708.2993622172	5.740921621496817	False	Both	Transient cerebral ischemic attack [TIA]	Cardiovascular
CV_413.11	65	4671	0.9977665853051544	0.0009710444543435514	4702.143	13.162114593496968	-9202.868	9229.192	520275.93471408304	5.716233738133996	False	Both	Mitral valve insufficiency	Cardiovascular
CA_148	81	4687	0.9980707569778549	0.0008386688571651379	5605.611	13.55408672226864	-11000.0	11000.0	769954.5162412666	5.886465070719403	False	Both	Benign neoplasm of the eye, brain and other parts of central nervous system	Neoplasms
GU_627	344	2678	6.932945686397102e-88	87.15908220210765	9.16	182.04004291668642	164.087	199.993	1.1454763425138968e+79	79.05898612414805	True	Female	Menopausal and postmenopausal disorders	Genitourinary
SO_390	461	4007	0.9951385457733162	0.0021164514390390435	2246.598	13.68844612856749	-4389.562	4416.939	880676.9292858923	5.944816619466791	False	Both	Disorders of external ear	Sense organs
GI_532	149	4488	0.9966392790793954	0.0014620006174234936	3044.059	12.821734647076134	-5953.425	5979.068	370176.29609570577	5.568408605652903	False	Both	Other disorders of the intestines	Gastrointestinal
CA_107.2	59	1551	0.9984813668237711	0.0006600353111787128	7818.227	14.880631879750357	-15300.0	15300.0	2901190.9403758724	6.462576312609194	False	Male	Malignant neoplasm of the prostate	Neoplasms
GU_585	347	4335	0.9971109905384978	0.0012564967580053338	4013.617	14.532684046719837	-7852.013	7881.078	2048634.530950286	6.3114644887338445	False	Both	Kidney stone disease	Genitourinary
EM_247.42	55	4686	0.9978674040872677	0.0009271636214713851	4786.209	12.792654270792182	-9368.004	9393.589	359566.44700629625	5.555779158701113	False	Both	Hypomagnesemia*	Endocrine/Metab
CV_431	172	4539	0.9974632576168655	0.0011030929426062242	4431.352	14.088775943037579	-8671.201	8699.379	1314248.9806101162	6.118677648832503	False	Both	Stroke and transient cerebral ischemic attacks	Cardiovascular
RE_487.1	126	4584	0.9976742732075327	0.001011226687224672	4603.175	13.41765847679123	-9008.64	9035.475	671761.3864695902	5.827215036532822	False	Both	Epistaxis	Respiratory
GI_502.1	205	4492	0.9974010331507219	0.0011301862565919023	4309.875	14.0386742867006	-8433.161	8461.238	1250025.2220321016	6.09691877595114	False	Both	Diseases of hard tissues of teeth	Gastrointestinal
DE_680	230	4250	0.9965256421003853	0.0015115217708948415	3138.429	13.666211599789435	-6137.541	6164.874	861311.5802668299	5.935160286310762	False	Both	Epidermal thickening	Dermatological
RE_465.1	1069	3063	0.9994552107395467	0.00023666344132059391	27200.0	18.552749408555474	-53200.0	53300.0	114118667.57072079	8.057356692269462	False	Both	Acute Pharyngitis	Respiratory
GU_581.1	51	4689	0.9982352870223077	0.0007670821475123762	5216.39	11.537306155284492	-10200.0	10200.0	102468.03295257522	5.010588399268476	False	Both	Acute pyelonephritis	Genitourinary
CA_136.41	534	4066	0.9948211622724037	0.0022549848010009893	2212.384	14.360047698949161	-4321.834	4350.554	1723810.316549343	6.236489475521109	False	Both	Benign neoplasm of the colon	Neoplasms
EM_252.51	57	4694	0.9980642647663904	0.0008414938480436563	5199.619	12.61472604187588	-10200.0	10200.0	300958.0128703143	5.478505910707944	False	Both	Disorders of intestinal carbohydrate absorption	Endocrine/Metab
PP_926	131	2984	3.0689819310803394e-11	10.513005668510244	15.888	-105.54811822607779	-136.688	-74.408	1.4488875450248181e-46	-45.838965320857625	True	Female	Mental disorders complicating pregnancy, childbirth and the puerperium	Pregnancy
MS_710	361	4304	0.9969121970758994	0.0013430904392295307	3676.453	14.227861173852963	-7191.488	7219.943	1510363.9010853653	6.179081597089865	False	Both	Acquired deformities of limbs	Muscloskeletal
MS_700.11	54	4744	0.998561202303515	0.0006253118567392916	6681.505	12.04853374240634	-13100.0	13100.0	170848.71604365137	5.232611719352209	False	Both	Systemic lupus erythematosus [SLE]	Muscloskeletal
CM_766	79	4674	0.9980496653187483	0.0008478466513124192	5370.3	13.12707795403263	-10500.0	10500.0	502362.8538653153	5.7010175189502	False	Both	Congenital deformities of feet	Congenital
GI_540	68	4697	0.9979873269493387	0.000874973613346804	5328.902	13.442231777600446	-10400.0	10500.0	688473.2732583125	5.837887085476414	False	Both	Hepatitis	Gastrointestinal
MS_721.11	145	4608	0.9978143402974954	0.0009502587980016787	5120.55	14.026833057025602	-10000.0	10100.0	1235310.6773625556	6.09177619524434	False	Both	Trigger finger	Muscloskeletal
BI_160	582	4008	0.9949803996011739	0.002185474459195416	2061.442	12.968896123039139	-4027.383	4053.32	428864.42530733993	5.632320022612374	False	Both	Deficiency anemias	Blood/Immune
EM_247.4	70	4671	0.9978779805342853	0.000922560536715849	4865.573	12.940284872780712	-9523.408	9549.289	416767.9507124623	5.619894314504786	False	Both	Disorders of magnesium metabolism	Endocrine/Metab
MS_730.1	155	4630	0.9981934513020168	0.0007852836711858005	6227.437	14.100007687154582	-12200.0	12200.0	1329093.4977199945	6.123555533324668	False	Both	Segmental and somatic dysfunction	Muscloskeletal
BI_180	194	4510	0.9974740465654948	0.001098395470815555	4392.174	13.904825208115156	-8594.598	8622.408	1093424.6484355158	6.038788859713647	False	Both	Other disorders involving the immune mechanism	Blood/Immune
NS_336	632	3908	0.9913584610562001	0.003769282437143099	1156.75	12.528501345162132	-2254.66	2279.717	276095.29177418124	5.441059000721382	False	Both	Mononeuropathies	Neurological
SO_396.9	127	4555	0.9973028460397487	0.001172941595836974	3937.006	13.308605253235543	-7703.081	7729.698	602356.8081237711	5.779853823308826	False	Both	Unilateral hearing loss	Sense organs
EM_200.1	739	3961	0.9973040229656267	0.001172429081393795	4372.458	14.774153793557257	-8555.086	8584.635	2608155.41933732	6.416333467331912	False	Both	Hypothyroidism	Endocrine/Metab
EM_200.23	131	4610	0.9979447850175438	0.0008934869947589682	5068.829	13.056456259852967	-9921.666	9947.779	468108.9092283675	5.670346906865313	False	Both	Multinodular goiter	Endocrine/Metab
MB_286.4	439	4207	0.9966112580462836	0.001474211204935537	3304.237	14.033658003961964	-6462.151	6490.219	1243770.4430736175	6.094740232038085	False	Both	Dysthymic disorder	Mental
DE_686.2	77	4675	0.9978737344016716	0.0009244085340892478	5130.999	13.673506434303267	-10000.0	10100.0	867617.6787173464	5.938328392686517	False	Both	Non-pressure chronic ulcer	Dermatological
NS_354	878	3444	0.9967807628700732	0.0014003521656368754	3727.976	15.04136401744973	-7291.658	7321.741	3407072.640762554	6.532381393076545	False	Both	Dizziness and giddiness	Neurological
SO_390.1	195	4393	0.9951566194580578	0.002108563863680098	2008.338	12.191246229526818	-3924.08	3948.462	197056.59082258862	5.2945909650073215	False	Both	Otitis externa	Sense organs
DE_669	68	4704	0.998407664371142	0.0006920937460682219	6159.377	12.292256562380878	-12100.0	12100.0	218001.35609712198	5.33845919518105	False	Both	Neutrophilic and Eosinophilic dermatoses	Dermatological
BI_160.1	525	4080	0.9957300681544135	0.001858378242450274	2430.914	13.009259764562087	-4751.495	4777.514	446529.0615158342	5.649849729395311	False	Both	Iron deficiency anemia	Blood/Immune
MB_286.11	229	4519	0.9978896663927241	0.0009174746702883144	5394.625	14.268318886699692	-10600.0	10600.0	1572722.7118720638	6.196652158529625	False	Both	Bipolar I disorder	Mental
NS_336.411	116	4611	0.9978479772508027	0.0009356187027487757	4848.568	13.077381364650552	-9489.941	9516.095	478007.33887492394	5.679434564412152	False	Both	Carpal tunnel syndrome, bilateral*	Neurological
MB_299	294	4296	0.9950185646483589	0.002168816290328166	2047.965	12.786152537859872	-4001.152	4026.725	357236.2254442674	5.552955491965801	False	Both	Mental disorder, not otherwise specified	Mental
CA_142.1	393	4255	0.9971879194194373	0.0012229914611406054	3304.786	11.6474776190804	-6465.613	6488.908	114402.43230171013	5.0584352580582435	False	Both	Lump or mass in breast	Neoplasms
SO_374.42	57	4731	0.998148071693544	0.0008050279016463863	5903.343	13.701954849134232	-11600.0	11600.0	892654.4662900456	5.9506833822665	False	Both	Diabetic retinopathy	Sense organs
NS_355.2	169	4462	0.9966317623729887	0.001465276101837471	2983.599	12.595179995797077	-5835.151	5860.341	295132.5911285355	5.470017170752893	False	Both	Alteration of consciousness	Neurological
DE_668	1149	3081	0.9928977610009576	0.0030954686436685894	1548.973	13.788112209138855	-3022.143	3049.719	972973.5814341645	5.988101048291861	False	Both	Dermatitis [eczema]	Dermatological
CV_413.2	93	4651	0.997689547447407	0.0010045777563137668	4739.423	13.724075409157642	-9275.375	9302.823	912620.4987613957	5.960290219421277	False	Both	Aortic valve disorders	Cardiovascular
GU_620	71	2995	0.013387747515646682	1.8732924867531158	14.673	36.29101299338543	7.532	65.05	5767487815644118.0	15.760986685706506	True	Female	Noninflammatory disorders of vulva and perineum	Genitourinary
GI_546	186	4453	0.9966292781028151	0.0014663586543040394	3121.636	13.18761857739101	-6105.106	6131.481	533715.6990532046	5.727309977605728	False	Both	Other disorders of liver	Gastrointestinal
DE_670	430	4152	0.993615137403103	0.0027818007820676204	1661.893	13.29900834803499	-3243.952	3270.55	596603.6971250728	5.775685940336877	False	Both	Seborrheic keratosis	Dermatological
PP_904.1	84	3022	0.00010328553024716826	3.985960516563396	17.186	-66.73007836107823	-100.415	-33.045	1.0459121084240705e-29	-28.980504809187863	True	Female	Hemorrhage in early pregnancy	Pregnancy
MS_728	216	4375	0.9952027344350136	0.002088439377125019	2037.153	12.248416459916331	-3980.498	4004.995	208650.6205044551	5.319419680594625	False	Both	Chondropathies	Muscloskeletal
MS_728.1	136	4579	0.9976434685799278	0.0010246363607886932	4589.778	13.555809866826944	-8982.243	9009.355	771282.4029178541	5.8872134228925965	False	Both	Chondromalacia	Muscloskeletal
MB_290.1	554	4139	0.9973372073435549	0.0011579785706934736	4270.587	14.252323127227546	-8355.944	8384.449	1547765.9509554454	6.189705288457021	False	Both	Posttraumatic stress disorder	Mental
MB_288.3	1458	3086	0.9990351873643132	0.00041921506828182	14800.0	17.848911454718877	-28900.0	28900.0	56452574.526378386	7.751683752764151	False	Both	Generalized anxiety disorder	Mental
GI_542	340	4298	0.9964455490060519	0.0015464284359600618	3127.244	13.931428350911386	-6115.354	6143.217	1122903.5577466995	6.050342457831334	False	Both	Chronic liver disease	Gastrointestinal
MS_713.36	764	3797	0.9904799788322755	0.004154298692362858	1050.02	12.528694118848286	-2045.473	2070.53	276148.5208117202	5.441142721269534	False	Both	Pain in hip	Muscloskeletal
GU_594.32	174	4531	0.9977763237496059	0.0009668056552994855	4314.878	12.025430117676088	-8444.981	8469.032	166946.7398830321	5.222577942619897	False	Both	Stress incontinence	Genitourinary
CV_416.2	144	4609	0.9976865024598891	0.001005903242080276	5007.549	14.519605531512891	-9800.097	9829.136	2022015.878727929	6.305784561747981	False	Both	Atrial fibrillation and flutter	Cardiovascular
MB_288.42	135	4641	0.9982451634430204	0.0007627853110314392	6197.029	13.62951757366003	-12100.0	12200.0	830279.419949302	5.919224273243948	False	Both	Social phobia	Mental
CA_135	71	4698	0.9981001337725788	0.000825886204232323	5718.057	13.61544428400521	-11200.0	11200.0	818676.4943475586	5.913112321204634	False	Both	Benign neoplasm of the head and neck	Neoplasms
GI_529.2	324	4285	0.9959275887097455	0.001772236844375386	2515.734	12.840388173538795	-4917.907	4943.588	377146.1939183393	5.576509729263673	False	Both	Flatulence, eructation, and gas pain	Gastrointestinal
MS_723.5	246	4436	0.9972440711439774	0.0011985369956697917	3991.233	13.78592269294406	-7808.886	7836.458	970845.5705278149	5.987150153490423	False	Both	Tendinitis	Muscloskeletal
GU_623	150	2973	1.7978682768556242e-22	21.745242130584074	10.589	103.2666731986129	82.513	124.02	7.049305539063787e+44	44.848146334664015	True	Female	Pelvic organ prolapse and fistulas	Genitourinary
RE_463.5	126	4515	0.9967633578888102	0.0014079355316046886	3128.69	12.69165585193502	-6119.427	6144.811	325024.50287615403	5.511916102710494	False	Both	Postnasal drip	Respiratory
SO_367	534	3872	0.9992809023139447	0.0003124124980226686	19700.0	17.764809871726634	-38600.0	38700.0	51898989.184191376	7.715158899351292	False	Both	Inflammation of the eye	Sense organs
CV_424.2	61	4727	0.9980717335733521	0.0008382439075059685	5699.521	13.774180607574982	-11200.0	11200.0	959512.4861939561	5.982050630608595	False	Both	Systolic heart failure	Cardiovascular
BI_168.21	81	4689	0.9982053108396236	0.0007801238485708889	5832.978	13.120183699500657	-11400.0	11400.0	498911.3479346052	5.698023382250128	False	Both	Primary thrombophilia	Blood/Immune
NS_336.5	161	4529	0.9973712650537191	0.0011431482575959156	4093.461	13.486468012940678	-8009.551	8036.523	719612.4001692435	5.8570986383848505	False	Both	Mononeuritis of lower limb	Neurological
DE_672.1	58	4681	0.997971871236751	0.0008816995330919917	5006.432	12.725775728847168	-9799.701	9825.152	336305.6603528897	5.526734176976658	False	Both	Acute skin changes due to ultraviolet radiation	Dermatological
MB_284	157	4519	0.9975195395702455	0.0010785885290096426	4012.473	12.473979050359311	-7851.828	7876.776	261444.95687240566	5.417380268947815	False	Both	Suicide ideation and attempt or self harm	Mental
NS_324.3	362	4242	0.9955381600026172	0.001942088362902046	2378.998	13.303634228767928	-4649.447	4676.054	599369.9078203916	5.777694934813135	False	Both	Abnormal involuntary movements	Neurological
GI_500.4	66	4702	0.9985182417040552	0.0006439966930821649	6400.399	11.886243099879145	-12500.0	12600.0	145254.56457693537	5.162129788838115	False	Both	Disturbances in tooth eruption	Gastrointestinal
MS_723.2	129	4590	0.997535359436573	0.0010717010186418459	4483.441	13.849230793029587	-8773.533	8801.232	1034295.2067170638	6.014644512017346	False	Both	Rotator cuff tear or rupture	Muscloskeletal
CV_416.5	143	4569	0.9974934093575132	0.001089965103991137	4502.792	14.145748794926147	-8811.164	8839.456	1391299.5479613876	6.143420644026	False	Both	Premature depolarization [Premature beats]	Cardiovascular
GI_550.2	56	4679	0.9979955232806066	0.0008714068277493048	4998.591	12.557669352590931	-9784.501	9809.617	284267.0387336929	5.453726505395823	False	Both	Cholecystitis	Gastrointestinal
RE_460	1909	2212	0.9905612898381161	0.004118647823566852	1146.024	13.557401529722764	-2232.609	2259.723	772511.001999186	5.887904673305302	False	Both	Respiratory infection	Respiratory
MB_286.12	132	4648	0.9982155500820226	0.0007756690298902996	6133.772	13.718047543582617	-12000.0	12000.0	907135.8919172415	5.95767235066439	False	Both	Bipolar II disorder*	Mental
GU_612.7	86	3009	0.0022394150853642268	2.6498654005811657	13.349	40.79966696867715	14.637	66.962	5.2368511271991744e+17	17.71907022798686	True	Female	Other signs and symptoms in breast	Genitourinary
CV_418	363	4124	0.9791677457992696	0.009142900807281059	392.0	10.236040506842738	-758.07	778.543	27890.47486535192	4.445455908659966	False	Both	Abnormal results of cardiovascular function studies	Cardiovascular
RE_498.1	63	4668	0.997750838842583	0.0009778984178536135	4585.156	12.925138984440993	-8973.816	8999.666	410503.19229290873	5.613316538775323	False	Both	Hypoxemia	Respiratory
SO_361.3	68	4705	0.9980625918444815	0.0008422217985256411	5412.47	13.14247102314255	-10600.0	10600.0	510155.58313209703	5.707702643924193	False	Both	Ptosis of eyelid	Sense organs
RE_463.23	74	4677	0.9982282416458792	0.0007701473355930973	5611.966	12.461772047561778	-11000.0	11000.0	258272.89760980016	5.412078834992268	False	Both	Allergic rhinitis, due to animal hair and dander	Respiratory
SO_371.3	226	4507	0.997480634367604	0.0010955271890131844	4532.806	14.312614967132163	-8869.824	8898.449	1643954.1536450046	6.21588970183139	False	Both	Nuclear cataract	Sense organs
MS_727	503	4025	0.9533051451234695	0.020768063022424982	132.028	7.7311320802256045	-251.039	266.501	2278.179823802903	3.3575880013071884	False	Both	Other disorders of bone	Muscloskeletal
MS_741.72	65	4625	0.9975840587446172	0.001050499439861586	4034.929	12.217514040335491	-7896.098	7920.533	202301.41958042476	5.305998930293207	False	Both	Neck sprain	Muscloskeletal
ID_070	370	4128	0.9993291084000697	0.00029146230054535573	18900.0	15.925312801159464	-37100.0	37100.0	8246610.300059374	6.916275472126774	False	Both	Candidiasis	Infections
MB_301.1	108	4670	0.9984448333304715	0.0006759260281668505	6645.319	12.952481354752369	-13000.0	13000.0	421882.1779028253	5.625191179323709	False	Both	Autism	Mental
MB_280.3	87	4622	0.9979506760320813	0.000890923298256429	4859.277	12.480806876331114	-9511.526	9536.488	263236.16561118735	5.420345556090764	False	Both	Cannabis use disorders	Mental
NS_330.3	188	4527	0.9977366151584348	0.0009840896545117049	4749.501	13.47307946622773	-9295.377	9322.323	710042.0454641602	5.851284066426713	False	Both	Convulsions	Neurological
BI_164.1	525	4080	0.9957300723295501	0.0018583764214358486	2430.917	13.009261782987487	-4751.5	4777.519	446529.9628023435	5.649850605986325	False	Both	Microcytic anemia	Blood/Immune
CV_436	266	4396	0.9965480362908012	0.0015017622989493848	3343.736	14.466366069610032	-6539.135	6568.068	1917180.2976933226	6.28266295722407	False	Both	Atherosclerosis [ASCVD]	Cardiovascular
RE_471.3	151	4576	0.9978066602371323	0.0009536015247373733	4960.655	13.636578256503476	-9709.068	9736.341	836162.5044610616	5.9222906888413265	False	Both	Hypertrophy of nasal turbinates	Respiratory
MS_722.1	272	4341	0.9959218059025345	0.0017747585624012937	2563.133	13.100894135190982	-5010.548	5036.75	489379.79074228555	5.689646030912118	False	Both	Plantar fascial fibromatosis [Plantar fasciitis]	Muscloskeletal
EM_230	354	4246	0.9954745367405831	0.0019698443201359803	2309.676	13.100152852224559	-4513.782	4539.982	489017.1562632833	5.689324095810272	False	Both	Malnutrition and underweight	Endocrine/Metab
SO_391.2	243	4343	0.9950314391532964	0.002163197007957392	1950.734	12.147625478571053	-3811.221	3835.516	188645.61453811638	5.275646713570757	False	Both	Eustachian tube disorders	Sense organs
GI_556.3	87	4634	0.997845543983799	0.0009366777375368787	4598.524	12.41699581810493	-9000.524	9025.358	246963.49671383316	5.392632765618725	False	Both	Abdominal or pelvic swelling, mass, or lump	Gastrointestinal
GI_525	159	4565	0.9978687998320268	0.000926556162183095	4874.344	13.019696968982787	-9540.519	9566.558	451213.98282200197	5.654382549681718	False	Both	Intestinal malabsorption	Gastrointestinal
NS_333.3	420	4173	0.9951202282594775	0.0021244455705422627	2144.0	13.112543571682899	-4189.05	4215.275	495114.12556956126	5.694705316897839	False	Both	Hypersomnia	Neurological
NS_326.1	65	4728	0.998319707337446	0.0007303556088990799	6117.613	12.883302530444292	-12000.0	12000.0	393683.48601421085	5.595147197662157	False	Both	Multiple sclerosis	Neurological
GI_557	462	4036	0.9992244456577086	0.00033694964955089014	18100.0	17.587392243876813	-35400.0	35500.0	43461769.33973738	7.63810740258375	False	Both	Gastrointestinal hemorrhage	Gastrointestinal
CV_416.52	75	4645	0.9976553467600862	0.0010194655782891232	4551.439	13.374819181219173	-8907.282	8934.031	643591.3031684248	5.808610166857256	False	Both	Ventricular premature depolarization*	Cardiovascular
MS_724	1208	3050	0.9902692514895226	0.00424670586949361	1235.043	-15.06256383789835	-2435.702	2405.577	2.873502914001477e-7	-6.541588358114721	False	Both	Other symptoms and disorders of the soft tissue	Muscloskeletal
GI_554.1	54	4735	0.998263363967922	0.0007548671003909899	6123.135	13.327323340914043	-12000.0	12000.0	613737.9600758194	5.787982985499379	False	Both	Pancreatitis	Gastrointestinal
GU_612	513	2406	4.6873714394386463e-20	19.32907063049794	6.158	56.47276591067168	44.404	68.542	3.3559123766874253e+24	24.52581061281878	True	Female	Other nonmalignant breast conditions	Genitourinary
MS_707	312	4286	0.995154850369419	0.0021093359091066332	2167.406	13.161641374005264	-4234.876	4261.199	520029.7882459584	5.71602822152002	False	Both	Other arthropathies	Muscloskeletal
SO_376	208	4511	0.9974859573991542	0.0010932095930807025	4541.482	14.309712899099958	-8886.832	8915.452	1639190.2028474584	6.214629349698896	False	Both	Disorders of vitreous body	Sense organs
GE_978	85	4699	0.9985087828896789	0.0006481107194207354	6475.259	12.102029015362538	-12700.0	12700.0	180237.1955336341	5.255844421204994	False	Both	Genetic disorders relating to growth and musculoskeletal system	Genetic
MB_282	317	4325	0.9964603168000659	0.0015399920341607385	3173.21	14.077466764432135	-6205.299	6233.454	1299469.6328181254	6.113766134969301	False	Both	Nicotine dependence (current and history of)	Mental
CV_423	150	4570	0.997674344784455	0.0010111955292985383	4707.406	13.721056019928952	-9212.625	9240.067	909869.0981225901	5.958978915340539	False	Both	Abnormal cardiac sounds	Cardiovascular
ID_052.3	158	4524	0.997343000903828	0.001155455748993256	3963.442	13.198501557181432	-7755.005	7781.402	539555.8376332127	5.732036395675372	False	Both	Varicella zoster virus	Infections
CV_438.12	50	4730	0.9978898032688279	0.0009174151000427219	5101.264	13.491530158406913	-9984.803	10000.0	723264.4185436611	5.859297100227428	False	Both	Thoracic aneurysm	Cardiovascular
MS_711.1	91	4666	0.9978788857337063	0.0009221665777920982	5120.385	13.61216163093515	-10000.0	10000.0	815993.4695690788	5.911686683090305	False	Both	Derangement of meniscus	Muscloskeletal
MS_741.7	148	4459	0.9959747642617591	0.001751665472597529	2399.371	12.104599551331743	-4690.575	4714.784	180701.09771091637	5.256960790791954	False	Both	Back sprain	Muscloskeletal
ID_097.1	50	4719	0.9981874610327904	0.0007878899281922058	5767.631	13.10222766612129	-11300.0	11300.0	490032.8291565952	5.6902251760365985	False	Both	Methicillin resistant Staphylococcus aureus	Infections
CA_116	71	4712	0.9980772203028385	0.0008358564540696659	5687.961	13.707128456286137	-11100.0	11200.0	897284.6769387254	5.952930251304108	False	Both	Secondary malignant neoplasm	Neoplasms
GU_594.31	160	4563	0.9977130485404251	0.0009943478457809863	4622.82	13.250261623627246	-9047.31	9073.811	568218.6800099101	5.754515506915735	False	Both	Urge incontinence	Genitourinary
MS_745.5	152	4562	0.9976169404835905	0.0010361847339263855	4643.514	13.86890694152432	-9087.251	9114.989	1054847.6865428071	6.023189754733718	False	Both	Fracture of hand or wrist	Muscloskeletal
EM_256.4	84	4656	0.9978300409713847	0.0009434251996948416	4931.798	13.412734343269378	-9652.735	9679.56	668461.6744863493	5.8250765125161275	False	Both	Hyperkalemia [Hyperpotassemia]	Endocrine/Metab
CV_440.1	215	4473	0.9964068029464553	0.001563315988983145	4253.54	-19.15547693160385	-8355.941	8317.63	4.796031980684924e-9	-8.319117929620587	False	Both	Venous thromboembolism	Cardiovascular
NS_330.1	124	4647	0.9981528205801424	0.0008029616647851421	5954.84	13.786039499449892	-11700.0	11700.0	970958.9782298597	5.987200881911356	False	Both	Epilepsy	Neurological
EM_202	654	4033	0.9970094729382274	0.0013007152838758643	4120.351	15.443398012712501	-8060.295	8091.182	5093103.933125924	6.706982538756685	False	Both	Diabetes mellitus	Endocrine/Metab
MS_723.6	89	4639	0.9977546926302864	0.0009762209695001827	4770.833	13.425501069021669	-9337.235	9364.086	677050.4499748232	5.83062103106232	False	Both	Impingement syndrome of shoulder*	Muscloskeletal
GI_525.1	69	4718	0.9984273234131867	0.0006835424000310921	6362.031	12.53993965838735	-12500.0	12500.0	279271.48672816047	5.446026597037375	False	Both	Celiac disease	Gastrointestinal
SO_387.1	116	4612	0.9977434554726864	0.0009811122148693074	4822.895	13.639933733340046	-9439.061	9466.341	838972.9409166579	5.923747953915602	False	Both	Hypermetropia	Sense organs
GI_558	109	4541	0.9969455666748239	0.001328553562085057	3303.407	12.646015583885902	-6461.912	6487.204	310523.7242024316	5.492094786144176	False	Both	Abnormal findings on diagnostic imaging of the digestive tract	Gastrointestinal
SO_380	94	4665	0.9980838416770059	0.0008329752975154162	5573.079	13.384031595529885	-10900.0	10900.0	649547.7272973823	5.8126110675574045	False	Both	Disorders of optic nerve and visual pathways	Sense organs
NS_329.5	106	4648	0.9978016590014613	0.0009557783136730063	5118.094	14.10145022160911	-10000.0	10000.0	1331012.1444080109	6.124182018078224	False	Both	Mild cognitive impairment	Neurological
ID_052.31	61	4729	0.9984008071881905	0.000695076542625524	6426.219	12.880021307304547	-12600.0	12600.0	392393.83961604093	5.5937221805586725	False	Both	Varicella [chickenpox]	Infections
MB_298	57	4730	0.9983475003256821	0.000718265119927274	6404.669	13.26472805402434	-12500.0	12600.0	576498.5214714222	5.760798197810031	False	Both	Impulse disorders	Mental
SO_396	637	3906	0.9947483237991314	0.0022867839889640336	2166.207	14.258075133283201	-4231.429	4259.945	1556694.3636030948	6.1922033529468665	False	Both	Hearing impairment	Sense organs
EM_256.2	102	4621	0.9976845664808889	0.0010067459775593708	4675.544	13.568286431605996	-9150.329	9177.466	780965.6389303403	5.892631926129248	False	Both	Hyposmolality and/or hyponatremia	Endocrine/Metab
MS_724.1	786	3675	0.9998303166486283	0.00007369879607777455	99200.0	21.10576107429018	-194000.0	195000.0	1465937892.5826995	9.166115570932673	False	Both	Myalgia	Muscloskeletal
MS_734.6	160	4520	0.9974348919721054	0.001115443490926987	3953.561	12.710271755135887	-7736.128	7761.548	331131.7975897041	5.520000886746275	False	Both	Temporomandibular joint disorders	Muscloskeletal
RE_471.5	50	4736	0.9982531144755817	0.0007593261649805396	6106.013	13.36849236097549	-12000.0	12000.0	639532.2706073602	5.80586246373743	False	Both	Nasal polyps	Respiratory
SS_840.61	208	4457	0.9971114218206814	0.0012563089118841735	3637.389	13.168452765278793	-7115.983	7142.32	523584.00544811325	5.718986371164197	False	Both	Allergy to other anti-infective agents	Symptoms
GU_592.1	291	4244	0.9216170276836488	0.03544950987492888	29.096	2.862969117046351	-54.164	59.89	17.51344929750202	1.2433716893926552	False	Both	Cystitis	Genitourinary
DE_675	55	4681	0.9980414875325774	0.000851405173580458	4685.164	11.500362289972117	-9171.253	9194.253	98751.54122389096	4.994543882423135	False	Both	Atrophic conditions of skin	Dermatological
RE_463.1	273	4313	0.9947879962203571	0.0022694638591921044	1933.809	12.632271117617435	-3777.565	3802.829	306284.9380055303	5.486125640287076	False	Both	Chronic rhinitis	Respiratory
CA_103	341	4240	0.9938930053199149	0.00266036580410547	1706.488	13.06155526656596	-3331.593	3357.716	470501.8954405401	5.672561377343954	False	Both	Malignant neoplasm of the skin	Neoplasms
RE_479.31	62	4695	0.9980139934923868	0.0008633692798432749	5313.6	13.226042164938344	-10400.0	10400.0	554622.047326972	5.7439971296524615	False	Both	Acute respiratory failure	Respiratory
CV_416.211	90	4689	0.9978042310029938	0.0009546588480725369	5071.121	13.95568404129399	-9925.259	9953.171	1150473.3694965271	6.0608765703192535	False	Both	Paroxysmal atrial fibrillation*	Cardiovascular
MB_309	122	4503	0.996644531712427	0.0014597117416209515	2899.319	12.192992582344274	-5670.367	5694.753	197401.0218166527	5.295349396399399	False	Both	Signs and symptoms involving emotional state	Mental
SO_381	89	4668	0.9980174591859019	0.0008618611557427855	5462.756	13.573577111579047	-10700.0	10700.0	785108.4276169412	5.894929639247059	False	Both	Strabismus	Sense organs
SO_374.71	54	4733	0.9974153906430693	0.0011239346741142814	3865.039	12.520147594075725	-7562.816	7587.857	273798.46733739355	5.437431012721362	False	Both	Puckering of macula	Sense organs
BI_181	814	3798	0.9956426991835635	0.001896486488757931	2595.956	14.176759387280766	-5073.804	5102.157	1435120.5165109662	6.156888373166162	False	Both	Autoimmune disease	Blood/Immune
GU_603	90	1471	0.9994402380507365	0.00024316959063780375	25100.0	17.63595764338766	-49300.0	49300.0	45624601.856120475	7.659199087602738	False	Male	Disorders of testis	Genitourinary
MB_288.2	311	4353	0.9971423680475112	0.0012428304111865229	3695.877	13.236852002901497	-7230.55	7257.023	560649.9433813441	5.748691782630127	False	Both	Panic disorder [episodic paroxysmal anxiety]	Mental
GU_604	58	1510	0.9998626801853014	0.00005964133284167328	118000.0	20.275912343238915	-231000.0	231000.0	639317873.4808503	8.805716846222694	False	Male	Disorders of penis	Genitourinary
MS_700	215	4527	0.9979586797874733	0.0008874401873715233	5223.03	13.362696498410852	-10200.0	10300.0	635836.3503303711	5.803345352607738	False	Both	Diffuse diseases of connective tissue	Muscloskeletal
BI_168.3	57	4661	0.9982204365067003	0.000773543094184819	4617.845	10.299428181441755	-9040.51	9061.109	29715.62204965299	4.472984825958998	False	Both	Spontaneous ecchymoses	Blood/Immune
GU_619.2	468	2533	4.606625861026269e-6	5.336617058658967	6.893	-31.581657575519923	-45.091	-18.072	1.924245083479079e-14	-13.715739614406333	True	Female	Ovarian cyst	Genitourinary
SS_826	62	4673	0.9979627131520517	0.0008856849399093037	4980.874	12.717980885397065	-9749.616	9775.052	333694.4007804167	5.523348919478979	False	Both	Other abnormal immunological findings in serum	Symptoms
BI_171	187	4433	0.996391795759872	0.001569857079815285	2757.016	12.467859210021022	-5391.185	5416.121	259849.84138356353	5.414722456058766	False	Both	Elevated white blood cell count [Leukocytosis]	Blood/Immune
NS_336.41	355	4276	0.9963316375956888	0.001596078840764982	2958.388	13.601564359109355	-5784.733	5811.936	807391.8224587566	5.907084346413133	False	Both	Carpal tunnel syndrome	Neurological
GI_520.2	186	4431	0.9960560846983482	0.0017162071694144859	2558.701	12.647621160512811	-5002.314	5027.61	311022.6942962818	5.492792079213516	False	Both	Diaphragmatic hernia	Gastrointestinal
NS_351.1	325	4151	0.9825724757945336	0.007635405658123439	431.064	9.416120804431406	-835.454	854.286	12284.834392880455	4.089369306298968	False	Both	Anesthesia of skin*	Neurological
GI_502	288	4357	0.996664077088991	0.0014511947973291717	3285.333	13.73588262471091	-6425.398	6452.87	923459.8711855172	5.965418027982704	False	Both	Diseases of teeth and supporting structures	Gastrointestinal
EM_204.3	127	4602	0.9978444836966903	0.0009371392088416811	4949.333	13.370833613486674	-9687.144	9713.886	641031.3312969515	5.8068792567837795	False	Both	Hypoglycemia	Endocrine/Metab
GU_612.5	213	2816	0.001175808466661098	2.9296634169050964	8.82	28.618944301764568	11.332	45.906	2685651078321.2334	12.429049588152864	True	Female	Mastodynia	Genitourinary
GI_529.7	111	4631	0.9978928221031896	0.0009161012664734692	5030.371	13.285004425285235	-9846.062	9872.632	588307.1328469911	5.769604113961659	False	Both	Fecal incontinence and encopresis	Gastrointestinal
GU_602.4	81	1518	0.9988829522690094	0.00048539882292008825	11400.0	15.952558252055823	-22300.0	22300.0	8474381.69354801	6.928108021108028	False	Male	Elevated prostate specific antigen [PSA]	Genitourinary
CV_417.1	662	3828	0.9997842320969014	0.0000937169206029199	75800.0	20.491445048801793	-148000.0	149000.0	793088241.3869017	8.89932151091833	False	Both	Palpitations	Cardiovascular
EM_204.5	295	4382	0.9971180537556592	0.00125342036490349	3892.074	14.05813999831202	-7614.267	7642.383	1274596.2226643714	6.105372627090301	False	Both	Prediabetes*	Endocrine/Metab
BI_160.2	68	4698	0.9980690336468256	0.0008394187376694947	5410.147	13.093149647886412	-10600.0	10600.0	485604.433139839	5.686282642810573	False	Both	Megaloblastic anemia	Blood/Immune
PP_932	152	2917	1.4439383628624846e-7	6.840451345021248	12.844	-67.55642382370601	-92.731	-42.382	4.5773899973540334e-30	-29.339382083752902	True	Female	Known or suspected fetal abnormality affecting management of mother	Pregnancy
CA_132	96	4671	0.9980750993445007	0.000836779350076557	5529.261	13.339383104835282	-10800.0	10900.0	621184.3053185013	5.793220474423429	False	Both	Sequelae of cancer	Neoplasms
GI_516	200	4412	0.9961764755994426	0.0016637182129319312	2569.531	12.313436722323296	-5023.874	5048.501	222667.9043566771	5.347657621769871	False	Both	Other diseases of stomach and duodenum	Gastrointestinal
CV_416.11	83	4684	0.9980674517133882	0.0008401070923663491	5593.168	13.547168984138896	-10900.0	11000.0	764646.5532428507	5.883460735222404	False	Both	Supraventricular tachycardia	Cardiovascular
MS_709.21	168	4565	0.9977972967468978	0.0009576769948485629	4924.091	13.593852357758763	-9637.447	9664.635	801189.1638312321	5.90373506678214	False	Both	Hallux valgus (Bunion)	Muscloskeletal
MS_726	236	4500	0.9977300759296595	0.000986936057296312	4735.096	13.471023906445005	-9267.146	9294.088	708584.0106437186	5.850391348155853	False	Both	Osteoporosis and low bone density	Muscloskeletal
EM_211	95	4665	0.9980605261506951	0.0008431206603289816	5558.384	13.511165394893496	-10900.0	10900.0	737606.2280765296	5.867824575084415	False	Both	Disorders of adrenal glands	Endocrine/Metab
MS_714.3	160	4560	0.9978191189068981	0.0009481789334000804	4821.064	13.177571425695307	-9435.935	9462.29	528380.2245060062	5.722946555065439	False	Both	Scoliosis	Muscloskeletal
EM_247.5	160	4567	0.9977215935950351	0.0009906282851535931	4811.12	13.738455798820047	-9415.884	9443.361	925839.1540586076	5.966535543299278	False	Both	Disorders of calcium metabolism	Endocrine/Metab
SO_360.4	128	4611	0.9977994059566915	0.0009567589554738294	5029.837	13.872486006419923	-9844.426	9872.171	1058629.8190794832	6.024744122868252	False	Both	Blepharitis	Sense organs
