phecode	cases	controls	p_value	neg_log_p_value	standard_error	beta	conf_int_1	conf_int_2	odds_ratio	log10_odds_ratio	converged	phecode_sex_restriction	phecode_string	phecode_category
MS_745.3	151	2404	0.000046671717349239784	4.330946218365408	0.17	0.6901820811253073	0.358	1.022	1.994078584262284	0.29974226934122344	True	Both	Fracture of upper limb	Muscloskeletal
GI_502.14	81	2464	0.08539318141919972	1.0685768060117034	0.229	0.39448330925737507	-0.055	0.844	1.4836174214593663	0.17132192441341193	True	Both	Deposits [accretions] on teeth	Gastrointestinal
GI_520.2	140	2292	0.18186674803943026	0.7402466987545191	0.179	0.2394011381347333	-0.112	0.591	1.270488075596085	0.10397059325327282	True	Both	Diaphragmatic hernia	Gastrointestinal
SS_840.61	161	2350	0.0018350788417407112	2.7363452721217696	0.164	0.5120500507382335	0.19	0.834	1.6687086281483159	0.22238051149389493	True	Both	Allergy to other anti-infective agents	Symptoms
MS_718.5	289	2180	3.203202377197445e-8	7.494415621897033	0.128	0.7103997225350496	0.459	0.962	2.034804453304213	0.3085226794425732	True	Both	Sciatica	Muscloskeletal
ID_054.31	220	2322	2.8287207193101754e-6	5.548409928488503	0.142	0.6665146781607895	0.388	0.945	1.947438030363611	0.28946364683275266	True	Both	Chronic hepatitis C	Infections
EM_208.2	60	2513	0.1196013085627293	0.922264068688213	0.265	0.41172995641725335	-0.107	0.93	1.5094267702744826	0.17881204810627946	True	Both	Hyperparathyroidism	Endocrine/Metab
MS_703.1	84	2466	0.8806504551649349	0.05519643610112572	0.238	0.03580948193579088	-0.432	0.503	1.036458363638422	0.01555186040452815	True	Both	Gout	Muscloskeletal
MS_742	99	2436	0.00019177401207250247	3.7172102458525464	0.209	0.7790320236746007	0.37	1.188	2.1793616736569494	0.33832930910780257	True	Both	Cartilage tear of knee	Muscloskeletal
CV_440.1	204	2271	0.0008639414667004082	3.0635156806115527	0.148	0.4932465810740541	0.203	0.783	1.6376242787612152	0.2142142683781066	True	Both	Venous thromboembolism	Cardiovascular
EM_204.1	122	2419	0.027468991059920983	1.5611572919866439	0.191	0.42221369079202037	0.047	0.798	1.5253344397840447	0.18336507609498026	True	Both	Impaired fasting glucose	Endocrine/Metab
GI_516	168	2279	0.11631010887698943	0.9343825377332463	0.163	0.2558996296631095	-0.063	0.575	1.2916230807896942	0.11113579708377412	True	Both	Other diseases of stomach and duodenum	Gastrointestinal
EM_230.2	168	2297	0.0002383978468624969	3.6226976713309584	0.162	0.5947851480238207	0.278	0.912	1.8126414535217585	0.25831190770475415	True	Both	Abnormal weight loss and underweight	Endocrine/Metab
CV_416.5	74	2440	0.09252662721549737	1.0337332684647096	0.243	0.40905226589893334	-0.068	0.886	1.50539039901189	0.17764914188992847	True	Both	Premature depolarization [Premature beats]	Cardiovascular
NS_348	78	2458	0.00030513164309857005	3.51551275233626	0.236	0.8512857118636598	0.389	1.313	2.342656898251774	0.369708687185469	True	Both	Other diseases of spinal cord	Neurological
EM_204.3	107	2398	0.9196082866666301	0.036397123921488465	0.205	0.020686619317826796	-0.381	0.422	1.0209020705149061	0.008984084618965386	True	Both	Hypoglycemia	Endocrine/Metab
DE_672.21	97	2437	0.042800516869594976	1.368550986307913	0.231	0.4671920990176496	0.015	0.919	1.595507869474522	0.2028989505921628	True	Both	Actinic keratosis	Dermatological
MS_709.24	75	2485	0.0034196478857701075	2.4660186100666044	0.241	0.7050496660070363	0.233	1.177	2.0239472038022064	0.3061991794145866	True	Both	Hammer toe	Muscloskeletal
SO_389	81	2356	0.04050514601733659	1.3924897978974227	0.228	0.46666081961428335	0.02	0.913	1.5946604341379644	0.20266821887893205	True	Both	Other disorders of eye	Sense organs
SO_371.3	167	2366	0.09898804247014595	1.0044172640173676	0.187	0.3077371780470617	-0.058	0.673	1.360343413837224	0.13364855830231742	True	Both	Nuclear cataract	Sense organs
MS_745.4	144	2359	0.01752504105468906	1.756340955968777	0.174	0.4127927877740175	0.072	0.753	1.5110318892109416	0.1792736298997159	True	Both	Fracture of foot and toe	Muscloskeletal
MB_299	333	2031	4.1750028995535357e-19	18.3793432185613	0.121	1.079716929261753	0.843	1.317	2.9438461164171486	0.468915104395903	True	Both	Mental disorder, not otherwise specified	Mental
ID_056	222	2247	1.018701994437183e-12	11.991952843569523	0.145	1.0308958035732145	0.747	1.314	2.8035761636955834	0.4477123589090657	True	Both	Human papillomavirus	Infections
BI_164.1	310	2140	0.000025867867371802456	4.587239374408159	0.125	0.5239738048246794	0.28	0.768	1.6887249974516914	0.2275589320972097	True	Both	Microcytic anemia	Blood/Immune
GI_502.11	279	2173	0.00002780244831565583	4.555916957925066	0.129	0.5386715395919977	0.287	0.791	1.713728728548794	0.23394207720313356	True	Both	Dental caries	Gastrointestinal
MB_280.3	529	1821	1.6300558409685524e-8	7.787797517676343	0.103	0.5817812964014223	0.38	0.784	1.7892227298278283	0.25266440670165785	True	Both	Cannabis use disorders	Mental
SS_848	74	2417	0.3957851680586659	0.4025404848920561	0.243	0.20666175520482166	-0.27	0.684	1.2295666069306264	0.08975205990589465	True	Both	Nonspecific abnormal findings of other body structures	Symptoms
MS_734	119	2324	1.0376476370562764e-9	8.983950098570299	0.196	1.199055678415776	0.814	1.584	3.3169831445443307	0.5207432646307315	True	Both	Diseases of the jaws	Muscloskeletal
MS_719.8	67	2463	0.3481529534964145	0.45822991620934206	0.252	0.23640338713988124	-0.257	0.73	1.2666851716309944	0.10266868653808861	True	Both	Rhabdomyolysis	Muscloskeletal
GI_527.3	53	2433	0.01252238987156163	1.9023127790342074	0.28	0.6984103873897519	0.15	1.247	2.010554163669066	0.30331577734728177	True	Both	Functional dyspepsia	Gastrointestinal
MS_745.7	136	2394	0.9581612061660194	0.01856141674764297	0.184	0.009669350604494985	-0.352	0.371	1.0097162498148058	0.004199345611120036	True	Both	Skull and face fracture	Muscloskeletal
SO_394.2	55	2485	0.6501598951559744	0.1869798232890412	0.282	0.12802928344548323	-0.425	0.681	1.1365862853722668	0.05560241132240068	True	Both	Vertigo	Sense organs
MS_724.1	397	1972	2.4391250098656173e-10	9.61276594068523	0.115	0.7272578825192015	0.502	0.952	2.0693982872214214	0.3158440852987326	True	Both	Myalgia	Muscloskeletal
GE_972	95	2415	0.0015633778772146084	2.8059360378769167	0.212	0.6719141551135445	0.256	1.088	1.9579816164345338	0.291808609878498	True	Both	Genetic neuromuscular disease	Genetic
NS_333.8	87	2428	8.519688228301362e-7	6.06957629762834	0.227	1.1195650782442321	0.674	1.565	3.063521521348926	0.4862209356130524	True	Both	Sleep disturbances	Neurological
GI_522.1	66	2495	0.9693164522876481	0.013534415884273657	0.26	-0.009991068108683871	-0.519	0.499	0.9900586768061732	-0.004339065747920962	True	Both	Inflammatory bowel disease	Gastrointestinal
DE_685.8	86	2400	4.6122020880211353e-7	6.336091671934659	0.228	1.1475438306567662	0.701	1.594	3.150445371612649	0.4983719533963532	True	Both	Hyperhidrosis	Dermatological
DE_660.122	162	2339	0.042826943398553675	1.3682829205254863	0.17	0.3448866954319903	0.011	0.679	1.4118299438229451	0.14978238870796082	True	Both	Dermatophytosis of nail	Dermatological
EM_230.21	138	2336	3.2081089310407623e-6	5.493750893708719	0.178	0.8301393249339964	0.481	1.18	2.293638279005643	0.3605249280297252	True	Both	Abnormal weight loss	Endocrine/Metab
EM_239.1	446	2001	0.012128204651003002	1.9162034833766453	0.118	0.29670771827169784	0.065	0.529	1.3454219997063634	0.12885852478350301	True	Both	Hypercholesterolemia	Endocrine/Metab
MS_707	189	2260	0.00008141095246756518	4.089317164198604	0.158	0.6230214824684073	0.313	0.933	1.864553254295663	0.2705747919432128	True	Both	Other arthropathies	Muscloskeletal
SO_397	185	2286	0.006480423175105336	2.1883966335410667	0.157	0.42727661813659273	0.12	0.735	1.5330766798902025	0.1855638775030051	True	Both	Other hearing abnormality	Sense organs
GI_502.3	124	2325	0.03420582039820955	1.4658999889218576	0.186	0.39368021648418033	0.029	0.758	1.4824264173374204	0.17097314565355712	True	Both	Diseases of pulp and periapical tissues	Gastrointestinal
RE_498.1	135	2341	0.5557677439469612	0.25510666272661436	0.188	-0.11073253767986038	-0.479	0.258	0.8951781433362671	-0.048090530081507266	True	Both	Hypoxemia	Respiratory
RE_488	935	1291	1.1283753541249707e-18	17.947546408234874	0.093	0.8229650411961965	0.64	1.006	2.277241953472979	0.3574091761907905	True	Both	Abnormalities of breathing	Respiratory
GU_625	139	912	5.8121413551685965e-9	8.235663831913042	0.188	1.095795848904316	0.727	1.465	2.9915625680454254	0.4758980904716339	True	Female	Pain and other symptoms associated with female genital organs	Genitourinary
SO_396.9	57	2468	0.01055032758493174	1.9767340554260526	0.271	0.6920762704174058	0.162	1.223	1.9978593261541735	0.3005649052984621	True	Both	Unilateral hearing loss	Sense organs
CA_103	166	2322	0.011795022730136322	1.9283012178505972	0.173	0.4345252947010939	0.096	0.773	1.5442298308480422	0.18871193773606942	True	Both	Malignant neoplasm of the skin	Neoplasms
MS_711.1	51	2495	0.0000885567613942212	4.052778274405047	0.298	1.1690301549018274	0.585	1.754	3.2188693195742797	0.5077033454523674	True	Both	Derangement of meniscus	Muscloskeletal
BI_164	772	1592	1.0419340713167545e-6	5.982159760277548	0.093	0.4548821333453919	0.272	0.637	1.5759876156983528	0.19755280042828285	True	Both	Anemia	Blood/Immune
MB_290.1	689	1781	8.974586960647666e-31	30.046985529918366	0.093	1.0691135891513708	0.887	1.251	2.912796420964108	0.46431013229622065	True	Both	Posttraumatic stress disorder	Mental
MS_715.1	404	1996	4.21259015168778e-11	10.375450791886399	0.119	0.787171254296494	0.553	1.021	2.1971723853468297	0.34186413205382876	True	Both	Spondylosis	Muscloskeletal
MS_713.35	78	2441	0.0005163987541930713	3.2870148141355306	0.233	0.8092263361553421	0.352	1.266	2.246169534116721	0.351442532403051	True	Both	Pain in joints of hand	Muscloskeletal
ID_002	135	2355	0.0037760425669065125	2.4229631185931395	0.178	0.5160831151294497	0.167	0.865	1.6754522270393684	0.22413204910416062	True	Both	Staphylococcus	Infections
MS_719.11	154	2271	5.786846164685606e-6	5.237558062602097	0.169	0.7649324576942074	0.434	1.096	2.148849231521727	0.3322059454052869	True	Both	Spasm of muscle	Muscloskeletal
MB_287.5	67	2476	0.0002908940203250375	3.5362652061043716	0.251	0.9111453324739621	0.418	1.404	2.4871695387307144	0.39570539010534556	True	Both	Drug-induced psychotic disorder	Mental
DE_664	104	2433	0.011355890632198358	1.9447787987863243	0.203	0.5128370591109377	0.116	0.91	1.670022432730063	0.22272230488737202	True	Both	Papulosquamous disorders	Dermatological
NS_351.3	193	2182	0.0003169417485661743	3.4990205504035243	0.152	0.546378966172757	0.249	0.844	1.7269881994635048	0.23728937003683187	True	Both	Paresthesia of skin*	Neurological
ID_002.1	116	2391	0.00781323188903873	2.1071692860660205	0.191	0.508898368591362	0.134	0.884	1.663457667981881	0.2210117533287956	True	Both	Staphylococcus aureus	Infections
GI_510.2	217	2234	0.047421993883552505	1.3240201898259907	0.145	0.2880668403172345	0.003	0.573	1.333846455864138	0.12510583916908014	True	Both	Esophagitis	Gastrointestinal
SS_807.2	295	2075	0.038347251143456974	1.4162657622499515	0.13	0.2697267983036005	0.014	0.525	1.30960661510596	0.11714086012468511	True	Both	Weakness	Symptoms
MS_741.5	109	2347	0.0007909859464070285	3.101831232623813	0.197	0.6613001641611376	0.275	1.048	1.9373095180758717	0.28719901217689664	True	Both	Sprains and strains of knee and leg	Muscloskeletal
ID_004	108	2344	0.003243185147757459	2.4890282575082905	0.198	0.5822164752730636	0.195	0.97	1.790001531203171	0.2528534024842526	True	Both	Streptococcus	Infections
GU_626.16	122	939	0.00002525161344096746	4.5977108675998615	0.195	0.8207819874962776	0.439	1.203	2.2722760344070174	0.35646108801521725	True	Female	Excessive menstruation	Genitourinary
CA_103.21	53	2528	0.20497097640030093	0.6883076300738179	0.292	0.3697197034122455	-0.202	0.941	1.447328876457034	0.16056722704284507	True	Both	Basal cell carcinoma	Neoplasms
SS_840.63	57	2476	0.11773687399261774	0.9290874992337116	0.269	0.42135623510269393	-0.107	0.949	1.5240270936663096	0.18299268782062925	True	Both	Allergy to narcotic agent	Symptoms
MB_286.11	363	2122	2.7243706268834297e-25	24.564733810760302	0.118	1.2224505088288384	0.992	1.453	3.395498245400036	0.5309035103841869	True	Both	Bipolar I disorder	Mental
MS_701	103	2468	0.13206199375295502	0.8792221504268544	0.205	0.30836999383245695	-0.093	0.71	1.3612045330592404	0.13392338670597587	True	Both	Osteomyelitis, periostitis, and other infections involving bone	Muscloskeletal
NS_333.3	134	2376	1.0868167381794154e-8	7.963843681587438	0.183	1.0479487461448194	0.689	1.407	2.8517953580688524	0.4551183577681267	True	Both	Hypersomnia	Neurological
GI_555	135	2401	0.06466031921084343	1.1893621557225191	0.195	-0.3600942967950925	-0.742	0.022	0.6976105405312022	-0.15638696606294047	True	Both	Ascites	Gastrointestinal
GU_592.1	136	2318	0.03101943411455899	1.5083661292550414	0.182	0.3919041717907433	0.036	0.748	1.479795898416544	0.17020181924358388	True	Both	Cystitis	Genitourinary
SS_800	1026	1234	8.94655077963254e-9	8.048344368717352	0.091	0.522090949808451	0.344	0.7	1.6855483646272016	0.2267412185534379	True	Both	Chest pain	Symptoms
GU_614.5	254	761	1.6905159333618984e-12	11.771980731589403	0.149	1.051853387178574	0.76	1.344	2.862952363118527	0.4568141218228994	True	Female	Inflammatory disease of cervix, vagina, and vulva	Genitourinary
SO_391.2	53	2467	0.0005393789338892477	3.2681060194595335	0.285	0.9870167083420639	0.428	1.546	2.6832176991304784	0.42865590997926967	True	Both	Eustachian tube disorders	Sense organs
CV_404.2	251	2247	0.5673758288555542	0.24612916980603555	0.152	0.08717589411221666	-0.212	0.386	1.09108857889775	0.03786000976791787	True	Both	Coronary atherosclerosis [Atherosclerotic heart disease]	Cardiovascular
MB_284.1	509	1885	1.0693436913825364e-7	6.970882688353959	0.103	0.5480571183167606	0.346	0.75	1.7298887815414028	0.23801818225276675	True	Both	Suicidal ideations	Mental
MS_713.32	157	2256	3.969513094821052e-8	7.40126276104567	0.168	0.925021016246989	0.595	1.255	2.5219212611213178	0.40173152300060555	True	Both	Pain in elbow	Muscloskeletal
CV_424	224	2317	0.5616213867585695	0.25055636246232854	0.149	0.0867141707404957	-0.206	0.38	1.0905849140861106	0.03765948585541368	True	Both	Heart failure	Cardiovascular
GU_626.2	68	1038	0.000026521768454022524	4.5763975208322325	0.261	1.0965616192182122	0.585	1.608	2.9938542952085223	0.47623066029336436	True	Female	Dysmenorrhea	Genitourinary
NS_348.2	51	2500	0.07711708498769804	1.1128493950502971	0.287	0.5076639385354929	-0.055	1.071	1.661405512721517	0.22047564716723608	True	Both	Myelopathies	Neurological
PP_916	57	1054	0.0005655511923581295	3.2475280776485143	0.287	0.9902417679599185	0.427	1.553	2.691885205277321	0.4300565355751129	True	Female	Maternal infections and carrier state in pregnancy	Pregnancy
GI_556.8	75	2411	0.042281412587668925	1.373850511696168	0.238	0.48391648074244226	0.017	0.951	1.622416137002337	0.2101622572884839	True	Both	Nonspecific abnormal findings in stool contents	Gastrointestinal
MS_741.72	62	2432	0.0000937675768747223	4.027947306808809	0.265	1.0361539820320185	0.516	1.556	2.8183566927620514	0.44999595679858684	True	Both	Neck sprain	Muscloskeletal
CV_444	198	2302	0.08201130516534288	1.086126276488153	0.154	0.26741475989881813	-0.034	0.569	1.3065822518858685	0.11613675460353973	True	Both	Venous insufficiency	Cardiovascular
MS_721.11	54	2512	0.15455695322217428	0.8109114520817865	0.283	0.40328020536037584	-0.152	0.958	1.4967262236221817	0.17514236784882142	True	Both	Trigger finger	Muscloskeletal
DE_660.123	95	2403	0.0041205942983511285	2.3850401427335752	0.212	0.6074244401351548	0.192	1.022	1.8356973565584511	0.26380108252386986	True	Both	Dermatophytosis of foot [Athelet's foot]	Dermatological
DE_676.2	56	2462	0.08487058643488658	1.0712427969448817	0.274	0.4712828941582721	-0.065	1.007	1.6020481336334877	0.20467556034833184	True	Both	Scar conditions and fibrosis of skin	Dermatological
CV_424.3	70	2486	0.17262518430012108	0.7628958447465035	0.248	0.3384896016117744	-0.148	0.825	1.4028271617365182	0.14700416616162368	True	Both	Diastolic heart failure	Cardiovascular
GU_621	59	1059	0.33482037263521636	0.4751881245919362	0.27	0.26021813567186797	-0.269	0.789	1.2972130242398594	0.11301130041344398	True	Female	Dysplasia of female genital organs	Genitourinary
ID_089.1	585	1712	8.449888995075053e-8	7.073148996274334	0.098	0.5266980908884895	0.334	0.719	1.693331839756772	0.22874207450184839	True	Both	Bacterial infections	Infections
MS_728.1	61	2481	0.001350329626242478	2.8695602038130272	0.263	0.8428529548871074	0.327	1.358	2.322984903101651	0.3660463873633212	True	Both	Chondromalacia	Muscloskeletal
MB_283	505	1694	7.138486663299886e-8	7.146393847529	0.104	0.5595707062764091	0.356	0.763	1.749921108875011	0.24301846997054982	True	Both	Other mental and behavioral problems	Mental
GI_514.2	74	2453	0.9347601484789503	0.029299811111445362	0.246	0.02014323330476021	-0.462	0.502	1.0203474773018213	0.008748095071947192	True	Both	Intestinal obstruction	Gastrointestinal
SS_809.31	278	2080	0.003171135355770995	2.498785220284531	0.131	0.3867161292682979	0.13	0.644	1.472138534910081	0.16794868100420643	True	Both	Pain in arm*	Symptoms
ID_059	179	2227	0.005165712146914152	2.2868697980252293	0.157	0.4391633084995974	0.131	0.747	1.5514086249158627	0.1907262015357506	True	Both	Coronavirus	Infections
CA_142	235	2277	0.009721644805489659	2.0122602505556393	0.154	0.3974456142541455	0.096	0.699	1.488018864750331	0.17260843712722376	True	Both	Lump or mass in breast or nonspecific abnormal breast exam	Neoplasms
ID_015.2	51	2518	0.42283156902196617	0.373832595299768	0.306	-0.24489347978847	-0.844	0.354	0.7827879165355051	-0.10635588692621807	True	Both	Clostridium difficile	Infections
SO_390.1	111	2378	0.010591205004963238	1.9750546256116333	0.195	0.4987536100702844	0.116	0.881	1.6466676012137655	0.21660594068285063	True	Both	Otitis externa	Sense organs
RE_466	72	2445	0.00003489078957395143	4.457289202414023	0.247	1.0231290376020201	0.539	1.508	2.7818857848329586	0.444339295305542	True	Both	Tonsillitis and adenoiditis	Respiratory
CV_404.11	91	2443	0.7299754140607114	0.13669176688992196	0.229	-0.07918659456127458	-0.529	0.37	0.9238675197061783	-0.0343903010586716	True	Both	Acute myocardial infarction	Cardiovascular
DE_668	492	1842	2.7432282179065814e-10	9.561738060549102	0.107	0.6758991635966849	0.466	0.886	1.9657997571181378	0.2935392770730635	True	Both	Dermatitis [eczema]	Dermatological
NS_329.4	143	2378	1.9075020520180117e-21	20.71953498617538	0.206	1.956641874814533	1.553	2.36	7.075526620941308	0.8497587692927849	True	Both	Specified cognitive deficit	Neurological
NS_336.5	89	2435	0.08987931515573414	1.046340245389744	0.219	0.37212144477412207	-0.058	0.802	1.4508091637859108	0.16161029006326685	True	Both	Mononeuritis of lower limb	Neurological
SO_387.1	101	2425	0.1712542776818513	0.7663585716578963	0.211	0.2889115033695169	-0.125	0.703	1.3349735826369815	0.1254726716717539	True	Both	Hypermetropia	Sense organs
GI_546.3	68	2427	0.4470452107737114	0.3496485533856142	0.263	-0.20001505151146143	-0.716	0.316	0.8187184300354086	-0.08686543316902234	True	Both	Hepatomegaly	Gastrointestinal
DE_670	174	2311	0.0006018536694893574	3.2205090872443303	0.176	0.6043186334316284	0.259	0.95	1.830004879844793	0.2624522478106702	True	Both	Seborrheic keratosis	Dermatological
DE_681	262	2065	7.42258187085541e-7	6.12944500345039	0.134	0.6630058468186907	0.4	0.926	1.9406167730850918	0.28793978074295	True	Both	Localized swelling, mass and lump of skin and subcutaneous tissue	Dermatological
RE_474.1	83	2452	0.27822007909269963	0.5556115302588378	0.233	0.25311582946838224	-0.204	0.711	1.288032460309679	0.10992680802048292	True	Both	Emphysema	Respiratory
CV_431.2	52	2513	0.6054088194216053	0.21795125665622517	0.304	-0.15686460536140778	-0.752	0.438	0.8548197889992782	-0.06812543251439067	True	Both	Transient cerebral ischemic attack [TIA]	Cardiovascular
NS_325.2	95	2430	0.011792513267689994	1.92839362645972	0.212	0.534118159022481	0.118	0.95	1.7059432081251145	0.23196456914778707	True	Both	Difficulty walking	Neurological
MS_708	619	1778	2.9567331182267538e-12	11.529187874159113	0.112	0.784093591441384	0.564	1.004	2.1904206246611024	0.34052752005869585	True	Both	Osteoarthritis	Muscloskeletal
MS_710	189	2299	5.950347115269526e-8	7.2254576988346395	0.154	0.8363800554749657	0.534	1.139	2.307997015363522	0.36323524286671327	True	Both	Acquired deformities of limbs	Muscloskeletal
GI_542	444	1959	0.989398018807355	0.004628963611917202	0.11	-0.0014665908921874435	-0.218	0.215	0.9985344840266821	-0.0006369323316865828	True	Both	Chronic liver disease	Gastrointestinal
MB_288.42	63	2500	9.164347224096063e-6	5.037898464370013	0.269	1.1911632924142372	0.665	1.717	3.2909072689994083	0.5173156449412128	True	Both	Social phobia	Mental
DE_662	55	2488	0.0012297028670876708	2.9101998143925556	0.279	0.9004698766543235	0.354	1.447	2.460759092800909	0.3910690985510745	True	Both	Rosacea	Dermatological
RE_498	145	2330	0.9744320855674686	0.011248424264275969	0.179	0.005744479789616248	-0.346	0.357	1.0057610109527948	0.0024947958740350455	True	Both	Asphyxia and hypoxemia	Respiratory
RE_468	378	2003	0.0010582061023944505	2.9754297383354356	0.115	0.37720121684029545	0.151	0.603	1.4581976937857632	0.16381640704093225	True	Both	Pneumonia	Respiratory
GI_542.3	81	2477	0.13621266847632904	0.8657824989320017	0.25	-0.3731283608738462	-0.864	0.118	0.6885768408460389	-0.16204758816911663	True	Both	Hepatic failure	Gastrointestinal
GI_522	566	1761	0.002480234716670857	2.6055072178304552	0.1	0.30212351742264004	0.106	0.498	1.3527283019043046	0.13121057646985354	True	Both	Gastrointestinal inflammation	Gastrointestinal
CV_416.211	98	2471	0.49731405975252674	0.3033692624918351	0.222	0.15097897247012682	-0.285	0.587	1.1629722033919618	0.06556933462719906	True	Both	Paroxysmal atrial fibrillation*	Cardiovascular
BI_177.2	145	2318	0.005196594584726077	2.284281163585886	0.173	0.4844710952803502	0.145	0.824	1.6233162021499916	0.21040312332188066	True	Both	Enlargement of lymph nodes [Lymphadenopathy]	Blood/Immune
GI_550.1	159	2343	0.7822870836768431	0.10663384032048707	0.171	0.04724665386240752	-0.288	0.382	1.0483805643069815	0.020518961060836585	True	Both	Gallstones [Cholelithiasis]	Gastrointestinal
RE_488.1	720	1531	1.3023894352978681e-9	8.885259135343732	0.096	0.5823776451156844	0.394	0.771	1.7902900487177824	0.252923397657552	True	Both	Dyspnea [Shortness of breath]	Respiratory
NS_330.3	279	2193	0.008157069246596128	2.0884658508855627	0.129	0.34128568162042217	0.088	0.594	1.4067550675294185	0.1482184882803394	True	Both	Convulsions	Neurological
RE_462.1	278	2102	7.740576934267353e-14	13.111226668512076	0.132	0.9841934800605309	0.726	1.242	2.6756530464320814	0.42742979751544663	True	Both	Acute sinusitis	Respiratory
MB_308	243	2197	8.150330077479972e-6	5.088824802557526	0.137	0.6107386701061518	0.342	0.879	1.8417913726625288	0.2652404343120322	True	Both	Symptoms related to mental disorders	Mental
MS_718.4	875	1483	6.4188718418643674e-27	26.192541295281096	0.093	1.0028789577189616	0.82	1.186	2.7261189228299885	0.43554479735422963	True	Both	Low back pain	Muscloskeletal
DE_668.1	61	2473	0.0008951026523715274	3.048127155966696	0.264	0.8760968387940045	0.359	1.393	2.4015079169690865	0.3804840227011189	True	Both	Atopic dermatitis	Dermatological
SO_363	170	2315	0.0027614637328222807	2.5588606561298155	0.166	0.49597461322524194	0.171	0.821	1.642097869720795	0.21539903768782215	True	Both	Disorders of lacrimal system	Sense organs
RE_494.1	74	2484	0.0010487722115845339	2.9793188282929712	0.24	0.7864926276213733	0.316	1.257	2.195681831378341	0.34156940823355153	True	Both	Dysphonia	Respiratory
EM_247.5	123	2348	0.4151873228327516	0.38175591553492266	0.19	0.154865303398187	-0.218	0.527	1.1675006921377198	0.0672571467041055	True	Both	Disorders of calcium metabolism	Endocrine/Metab
MS_722.1	148	2362	3.6682146751714453e-6	5.435545256013415	0.173	0.798817660147238	0.461	1.137	2.2229111377183313	0.34692210184881267	True	Both	Plantar fascial fibromatosis [Plantar fasciitis]	Muscloskeletal
BI_180	95	2454	0.06884519018294735	1.1621263960021504	0.212	0.38652482271281363	-0.03	0.803	1.471856932094863	0.16786559762280767	True	Both	Other disorders involving the immune mechanism	Blood/Immune
MS_718.2	550	1786	1.37600422710034e-22	21.861380231940963	0.103	1.0114406412657369	0.809	1.214	2.749559291682152	0.43926308927439595	True	Both	Cervicalgia	Muscloskeletal
SO_397.1	175	2306	0.0017044837575715982	2.76840713291009	0.16	0.5034072340128217	0.189	0.818	1.6543484309733376	0.21862698388194746	True	Both	Tinnitus	Sense organs
MB_280.41	167	2343	1.8278457762063365e-7	6.738060450488474	0.162	0.8466931580137277	0.529	1.165	2.331922787651699	0.36771416639059995	True	Both	Sedative, hypnotic or anxiolytic-related abuse or dependance	Mental
SO_392.1	136	2303	0.000027048814180799727	4.567851769597106	0.179	0.7501530694005833	0.4	1.1	2.1173240893384286	0.32578733862346043	True	Both	Otalgia [ear pain]	Sense organs
CV_417.1	242	2164	4.4345617915448244e-7	6.353149289229474	0.137	0.6920709165874253	0.423	0.961	1.9978486299836489	0.30056258015964443	True	Both	Palpitations	Cardiovascular
MS_713.36	402	2030	3.932003516605651e-14	13.405386102426437	0.116	0.8789507448860334	0.651	1.107	2.4083713842304433	0.38172345836875715	True	Both	Pain in hip	Muscloskeletal
DE_664.4	92	2461	0.0395334484499974	1.4030353010760934	0.215	0.4420453788077094	0.021	0.863	1.5558863430993441	0.1919778687670208	True	Both	Psoriasis	Dermatological
ID_092.1	52	2482	0.3469306133945046	0.4597573760250535	0.304	-0.2857124767404277	-0.881	0.31	0.7514786524792936	-0.12408335205927894	True	Both	Systemic inflammatory response syndrome	Infections
GI_542.4	93	2477	0.0016068608885687495	2.794021719964762	0.261	-0.8235134349749987	-1.335	-0.312	0.4388869417399139	-0.3576473405828343	True	Both	Portal hypertension	Gastrointestinal
MB_288.2	247	2198	1.2941312574338376e-13	12.88802167305813	0.138	1.0216387282220192	0.751	1.292	2.777743002134456	0.44369206216547896	True	Both	Panic disorder [episodic paroxysmal anxiety]	Mental
DE_672.2	125	2392	0.007802440376898064	2.1077695413531905	0.202	0.5374141418867262	0.142	0.933	1.7115752441549572	0.23339599631817642	True	Both	Skin changes due to chronic exposure to nonionizing radiation	Dermatological
EM_236.1	882	1577	5.445587083308364e-9	8.263955292529532	0.089	0.5184301839119326	0.344	0.693	1.6793892470790774	0.22515136812504033	True	Both	Obesity	Endocrine/Metab
GU_626.111	88	994	0.000036966665403849314	4.432189723406426	0.227	0.9376663485942383	0.492	1.383	2.5540142794127747	0.40722332106084863	True	Female	Amenorrhea	Genitourinary
DE_674.2	67	2445	0.11452541238368588	0.9410981357392897	0.252	0.39765234842047287	-0.096	0.892	1.4883265208902368	0.17269822063488066	True	Both	Hypepigmentation*	Dermatological
MS_712	120	2380	7.051945208610381e-8	7.151691070690726	0.192	1.035682459338589	0.659	1.412	2.8170280868817628	0.4497911770947382	True	Both	Joint derangements and related disorders	Muscloskeletal
GI_526.12	51	2518	0.42283156902196617	0.373832595299768	0.306	-0.2448934797884706	-0.844	0.354	0.7827879165355046	-0.10635588692621831	True	Both	Intestinal infection due to C. difficile	Gastrointestinal
ID_059.1	172	2230	0.0054134861538871586	2.2665229696815405	0.16	0.4447129491118903	0.131	0.758	1.5600423200207165	0.19313637983021556	True	Both	Sars-CoV-2*	Infections
SS_834	168	2369	8.777730889765542e-6	5.056617738013875	0.167	0.7406322846247794	0.414	1.067	2.0972611613436043	0.3216525143319403	True	Both	Abnormal cytological findings in specimens from genital organs	Symptoms
MS_723.4	68	2471	0.003603767696901621	2.4432432119230976	0.249	0.7238903569019982	0.236	1.211	2.062441256041891	0.31438158750551337	True	Both	Lateral epicondylitis (Tennis elbow)	Muscloskeletal
EM_230.1	167	2332	0.07428560000368332	1.1290953645037947	0.175	-0.3115010432738547	-0.654	0.031	0.7323468464666533	-0.13528318420094118	True	Both	Protein-calorie malnutrition	Endocrine/Metab
SS_823.1	91	2389	0.07465325821881907	1.12695123287433	0.215	0.38381723393545536	-0.038	0.806	1.4678771390364902	0.16668970675753778	True	Both	Nonspecific elevation of levels of transaminase or lactic acid dehydrogenase [LDH]	Symptoms
ID_092.2	285	2222	0.2740657662678836	0.5621452090773214	0.133	-0.1459178696881911	-0.407	0.116	0.8642286796408767	-0.06337132561665919	True	Both	Sepsis	Infections
CV_416.2	167	2378	0.9645122531194151	0.015692250727876732	0.179	0.007973525702278255	-0.343	0.359	1.0080053989159847	0.0034628582138132445	True	Both	Atrial fibrillation and flutter	Cardiovascular
CA_136.41	312	2164	0.053925196677400325	1.268208262252234	0.14	0.2693512691149995	-0.005	0.543	1.309114911926629	0.11697776987028202	True	Both	Benign neoplasm of the colon	Neoplasms
GU_594.32	62	2498	0.48556669834735144	0.3137511061583366	0.267	0.18595749653742377	-0.337	0.709	1.2043710693490655	0.08076031461474621	True	Both	Stress incontinence	Genitourinary
MB_309.7	60	2380	0.011061777611884595	1.9561750769193036	0.263	0.6691384625893757	0.153	1.185	1.9525543971298487	0.2906031419317914	True	Both	Restlessness and agitation*	Mental
RE_499	799	1411	5.899541458756028e-23	22.229181742539367	0.095	0.9390594367920903	0.752	1.126	2.5575747259948147	0.40782833157798026	True	Both	Other symptoms and disorders of the respiratory system	Respiratory
CA_138	298	2132	2.146090703215341e-7	6.668351926790634	0.13	0.6720888125512445	0.418	0.926	1.9583236223527936	0.29188446263991447	True	Both	Benign neoplasm of the skin	Neoplasms
SS_835	175	2238	0.02846135301880657	1.5457444579188364	0.162	0.35490288938275294	0.037	0.672	1.4260421637223977	0.15413236647044978	True	Both	Cytology and pathology findings	Symptoms
MS_716	440	1982	3.1025332485567785e-11	10.508283555651193	0.114	0.7551591329190525	0.532	0.978	2.1279501233281057	0.3279614443855888	True	Both	Intervertebral disc disorder	Muscloskeletal
CV_413	169	2324	0.007837566704201267	2.1058187499388024	0.165	0.4393225548518675	0.115	0.763	1.5516557007527016	0.1907953613478047	True	Both	Heart valve disorders	Cardiovascular
NS_325	275	2158	0.00023447705703385862	3.6298996454480603	0.137	0.503868936112847	0.235	0.772	1.6551124234729908	0.21882749855627157	True	Both	Abnormality of gait and mobility	Neurological
CV_402	147	2257	3.4164165029526287e-6	5.4664291889468695	0.172	0.7986276424293535	0.462	1.136	2.2224887853453694	0.34683957820247147	True	Both	Elevated blood pressure reading without diagnosis of hypertension	Cardiovascular
GI_537	69	2464	0.7594012995511525	0.11952866399446814	0.253	0.0773831139134423	-0.418	0.573	1.0804559348115665	0.0336070593650987	True	Both	Abnormality of the peritoneum	Gastrointestinal
EM_247.52	58	2485	0.0765238991136348	1.1162029095230181	0.268	0.47481853755259396	-0.051	1.0	1.607722429767286	0.2062110707644635	True	Both	Hypercalcemia	Endocrine/Metab
NS_341	56	2504	0.6883750802627551	0.16217485987304406	0.286	-0.11470412392968315	-0.675	0.446	0.891629916838829	-0.04981536807420815	True	Both	Cerebral palsy and other paralytic syndromes	Neurological
PP_932	50	1055	0.0005428790902985937	3.2652968854447426	0.302	1.045261342864667	0.453	1.638	2.8441417226779815	0.4539512333529078	True	Female	Known or suspected fetal abnormality affecting management of mother	Pregnancy
NS_325.3	52	2490	0.10292930133076407	0.9874609751423965	0.283	0.4618684589455792	-0.093	1.017	1.5870365290362747	0.20058692308522366	True	Both	Lack of coordination	Neurological
GI_513.2	54	2496	0.4859760024996842	0.3133851756744992	0.281	0.19608518664336286	-0.356	0.748	1.2166305415920922	0.08515871454218174	True	Both	Gastric ulcer	Gastrointestinal
GI_557	400	1995	0.0038497516135518658	2.4145672903210356	0.112	0.3232797256191717	0.104	0.543	1.3816517802557273	0.14039860094760356	True	Both	Gastrointestinal hemorrhage	Gastrointestinal
ID_088	177	2297	0.0001033493958214687	3.9856920579062547	0.157	0.6107537343809735	0.302	0.919	1.8418191181229129	0.26524697664346114	True	Both	Sexually transmitted disease	Infections
NS_331.1	70	2430	0.021085799164025195	1.6760099343242865	0.243	0.5612600076743832	0.084	1.038	1.752879751366427	0.2437521242459614	True	Both	Tension headache	Neurological
RE_488.9	100	2377	0.000516563155614627	3.286876573547715	0.205	0.7125683627455981	0.31	1.115	2.0392220003660366	0.30946450791924796	True	Both	Snoring*	Respiratory
NS_333.6	162	2348	2.6205687507130415e-9	8.58160444208097	0.169	1.003645713917959	0.673	1.334	2.7282099929813257	0.43587779534041937	True	Both	Sleep related movement disorders	Neurological
GI_502.32	79	2377	0.23578286891241118	0.6274877522819858	0.232	0.2747889100072492	-0.179	0.729	1.3162527977465792	0.1193393073043576	True	Both	Periapical abscess	Gastrointestinal
GI_523	179	2240	0.70538946764318	0.15157102918596194	0.173	0.0652974120236315	-0.273	0.404	1.0674764575110458	0.028358305724426207	True	Both	Diverticular disease [Bowel diverticulosis]	Gastrointestinal
SO_387	451	2048	3.1868057359259463e-7	6.496644409819906	0.111	0.5666471707273374	0.349	0.784	1.7623482817585512	0.24609173943297247	True	Both	Disorders of refraction and accommodation	Sense organs
RE_495	344	2042	3.114163810515825e-6	5.506658546510361	0.123	0.574870245398317	0.333	0.816	1.7768999510098458	0.2496629753868573	True	Both	Abnormal findings on diagnostic imaging of lung	Respiratory
GI_546	213	2191	0.9859659729877829	0.006138072887022586	0.15	0.0026384857921154135	-0.291	0.297	1.0026419696591238	0.0011458798200958777	True	Both	Other disorders of liver	Gastrointestinal
RE_463.4	92	2322	0.000639268867704145	3.1943164451258395	0.214	0.7307884676553276	0.311	1.15	2.0767173868043765	0.3173773989412418	True	Both	Nasal congestion*	Respiratory
GU_585	179	2326	0.00164022789388034	2.78509580672139	0.157	0.494608626140337	0.187	0.802	1.6398563165534916	0.21480579703449684	True	Both	Kidney stone disease	Genitourinary
RE_471.2	91	2431	0.00001075941554059261	4.96821131922627	0.217	0.9570468248811626	0.531	1.383	2.60399505379742	0.41564015496891665	True	Both	Deviated nasal septum	Respiratory
GI_507	119	2338	1.8598366862511136e-6	5.730525189854081	0.191	0.9097816891557773	0.536	1.284	2.483780238031864	0.3951131673369736	True	Both	Lesions of mouth	Gastrointestinal
MS_719	399	1932	3.493970691660813e-6	5.45668074231341	0.113	0.5232787632865868	0.302	0.744	1.687551671234511	0.22725707939252257	True	Both	Disorders of muscle	Muscloskeletal
GI_524.1	151	2364	1.0030717052331965e-7	6.998668020046381	0.173	0.920120274690719	0.582	1.259	2.509592212212298	0.39960315798548357	True	Both	Irritable bowel syndrome	Gastrointestinal
EM_232.2	187	2326	0.05900341600573365	1.2291228441291393	0.156	0.29495240642824155	-0.011	0.601	1.3430624360267098	0.12809620253587053	True	Both	Vitamin B group deficiency	Endocrine/Metab
NS_347	72	2437	0.13763611271040246	0.8612676017606546	0.242	0.35907636688813593	-0.115	0.833	1.4320061552499734	0.15594488472138496	True	Both	Other disorders of the brain and CNS	Neurological
GU_596	109	2416	0.023883672549948744	1.6218988917158992	0.2	0.45181047664546653	0.06	0.844	1.571154149953655	0.19621879687320418	True	Both	Other disorders of bladder	Genitourinary
SO_387.3	213	2284	0.00014621890652059314	3.8349964682352717	0.148	0.5612422851317597	0.272	0.851	1.7528486861555974	0.2437444274434947	True	Both	Astigmatism	Sense organs
SS_800.11	60	2386	0.9409599106561218	0.026428879178174228	0.272	0.020134339617663144	-0.513	0.553	1.0203384026909812	0.008744232592717107	True	Both	Pleurodynia*	Symptoms
MS_705.1	65	2498	0.08623634303324836	1.0643096686016216	0.255	0.43717619854855805	-0.062	0.937	1.5483288663220345	0.18986321064907916	True	Both	Rheumatoid arthritis	Muscloskeletal
NS_329	548	1750	6.006425904264877e-28	27.221383876047454	0.103	1.1277336068120047	0.926	1.329	3.0886484697963055	0.48976848249530514	True	Both	Symptoms and signs involving cognitive functions and awareness	Neurological
GU_605	202	1170	1.646412247659103e-8	7.7834614118533985	0.165	0.9328798182839126	0.609	1.257	2.5418186233744198	0.4051445573596115	True	Male	Male sexual dysfuction	Genitourinary
RE_462	441	1922	2.2822552652254556e-16	15.641635782319703	0.109	0.89781649088799	0.683	1.112	2.454238404426273	0.3899167477543952	True	Both	Sinusitis	Respiratory
CA_112	71	2454	0.24167900478109183	0.6167610761283957	0.247	0.289634084377099	-0.195	0.774	1.335938557787791	0.12578648461607495	True	Both	Malignant neoplasm of other and ill-defined sites	Neoplasms
SO_360	127	2348	0.004477542921028403	2.3489602423797793	0.186	0.5278257803898223	0.164	0.892	1.6952424693907515	0.22923182382957746	True	Both	Inflammation of eyelids	Sense organs
MB_280.8	1794	347	0.19507548991352552	0.7097972937218028	0.124	0.16014320489755923	-0.082	0.402	1.1736789355294206	0.06954931020131182	True	Both	Psychoactive substance abuse	Mental
EM_256.72	50	2438	0.7756307196573636	0.11034499857028432	0.302	-0.08616518785845172	-0.679	0.506	0.9174426683126887	-0.03742106561908268	True	Both	Hypovolemia	Endocrine/Metab
DE_672	146	2352	0.0034421835914003832	2.4631659699742428	0.185	0.5397656110508418	0.178	0.901	1.7156046962731466	0.23441722640051746	True	Both	Skin changes due to solar radiation	Dermatological
GU_582	444	2024	0.8832649706840484	0.05390899286240887	0.114	-0.016700627553702958	-0.24	0.206	0.9834380548258038	-0.0072529903908945936	True	Both	Renal failure	Genitourinary
MS_726	129	2417	0.15432984486050158	0.8115500803860967	0.2	0.28438284833793603	-0.107	0.676	1.3289416164609187	0.123505901781095	True	Both	Osteoporosis and low bone density	Muscloskeletal
EM_236.11	400	2115	8.677094692090838e-6	5.061625663118882	0.112	0.4970240725726784	0.278	0.716	1.6438220892704911	0.21585481209139556	True	Both	Morbid obesity	Endocrine/Metab
MB_286.2	1448	934	1.468096202723913e-41	40.833245484649375	0.099	1.3332821394984335	1.14	1.527	3.793473687246467	0.5790370760043313	True	Both	Major depressive disorder	Mental
MS_727	255	2180	0.0000655801482321388	4.183227606020921	0.143	0.5716859202134361	0.291	0.852	1.7712507230078949	0.248280040530478	True	Both	Other disorders of bone	Muscloskeletal
EM_256.7	361	1945	0.18248160714929051	0.7387809028026767	0.118	0.15730736562373024	-0.074	0.389	1.1703552856050692	0.06831772085312336	True	Both	Volume depletion	Endocrine/Metab
GU_593.1	55	2495	0.0044986771513789645	2.346915172961492	0.276	0.7853459533127336	0.244	1.327	2.1931655423900347	0.34107141390876905	True	Both	Gross hematuria	Genitourinary
EM_204.5	144	2353	0.9076320577615636	0.04209017314070086	0.18	0.02091340945944632	-0.332	0.374	1.021133627296463	0.009082578326020826	True	Both	Prediabetes*	Endocrine/Metab
CV_440	286	2188	0.0005043185944743056	3.2972950188947836	0.128	0.44580133760949014	0.195	0.697	1.5617411764778057	0.1936090609488902	True	Both	Embolism and thrombosis	Cardiovascular
GI_545	104	2372	0.030275179077160538	1.5189132793329647	0.203	0.43894148924165166	0.042	0.836	1.551064530770678	0.19062986665604487	True	Both	Nonspecific abnormal results of function study of liver	Gastrointestinal
GU_591	458	1897	0.0010354878663446357	2.984854985723154	0.117	0.38523552021387153	0.155	0.615	1.4699604860832238	0.167305660662013	True	Both	Urinary tract infection [UTI]	Genitourinary
NS_333	1042	1290	6.360968974812622e-36	35.19647672265968	0.094	1.1699947830038762	0.987	1.353	3.22197582944924	0.5081222781141759	True	Both	Sleep disorders	Neurological
SS_840.64	54	2507	0.25642573178987915	0.591038396416744	0.278	0.3150814647093086	-0.229	0.859	1.3703709432804267	0.13683814147324688	True	Both	Allergy to analgesic agent	Symptoms
CA_144	100	1002	0.05648650262742902	1.2480553138568562	0.215	0.40964388748231223	-0.011	0.831	1.5062812839707562	0.17790607987896476	True	Female	Gynecological benign neoplasms	Neoplasms
SO_392	144	2290	0.000038494358011656014	4.41460291890607	0.174	0.7156305813689552	0.375	1.056	2.045476114798397	0.3107944125697533	True	Both	Otalgia and effusion of ear	Sense organs
EM_230	336	2034	0.06946890616100444	1.158209539357685	0.122	0.22099971673661223	-0.018	0.46	1.2473230772430544	0.09597895748089243	True	Both	Malnutrition and underweight	Endocrine/Metab
CV_417.2	379	1911	1.134833067898665e-10	9.945068017785701	0.114	0.7351750801587995	0.512	0.959	2.085847150988519	0.3192824805457474	True	Both	Tachycardia	Cardiovascular
SS_840	814	1490	1.8608533817295464e-20	19.730287843964483	0.093	0.8604793316961103	0.679	1.042	2.3642937030512425	0.3737014255474186	True	Both	Allergy	Symptoms
DE_686	122	2395	0.48673380729425786	0.3127084877169742	0.193	0.1339622770226668	-0.244	0.511	1.1433496882767553	0.058179077694138936	True	Both	Chronic ulcer of skin	Dermatological
NS_336.411	52	2501	0.004853438028289123	2.3139505113461114	0.284	0.7985984815674176	0.243	1.354	2.22242397660169	0.34682691380104524	True	Both	Carpal tunnel syndrome, bilateral*	Neurological
CA_144.2	88	1024	0.03200566295167297	1.4947731725840656	0.227	0.48736885263505036	0.042	0.933	1.6280270006929578	0.21166160335092146	True	Female	Benign neoplasms of the uterus	Neoplasms
GI_520	359	2039	0.0008668430977539545	3.0620595045379284	0.119	0.3973759542433414	0.164	0.631	1.4879152129503705	0.17257818416892226	True	Both	Hernia	Gastrointestinal
EM_239.21	89	2448	0.01977605750670941	1.7038602837064554	0.218	0.5072628694169894	0.081	0.934	1.660739307883077	0.2203014650622083	True	Both	Pure hyperglyceridemia	Endocrine/Metab
MB_290	986	1413	1.2306142185372356e-38	37.909878071373306	0.088	1.1492836096512848	0.976	1.323	3.1559312209925903	0.49912752981340386	True	Both	Reaction to severe stress, and adjustment disorders	Mental
SO_390.4	120	2354	0.002326897341506098	2.6332227765761367	0.193	0.587917317948237	0.209	0.966	1.800235190846878	0.2553292470002789	True	Both	Impacted cerumen	Sense organs
CV_433.2	54	2492	0.7718479303407005	0.11246825603651313	0.29	0.08397082999029792	-0.484	0.652	1.087597168126163	0.036468068105622455	True	Both	Occlusion and stenosis of precerebral arteries	Cardiovascular
MS_730	215	2253	0.0000190606752082916	4.719861718910639	0.145	0.620749412661576	0.336	0.905	1.8603216681932513	0.269588044563607	True	Both	Other disorders and symptoms of the musculoskeletal system	Muscloskeletal
GI_540.1	232	2302	9.490331752478496e-6	5.0227186057231314	0.139	0.615664591725743	0.343	0.888	1.8508862746005281	0.26737973488970856	True	Both	Chronic hepatitis	Gastrointestinal
MS_723	456	1949	3.2937725555274855e-15	14.482306393414511	0.113	0.8906231450708648	0.669	1.112	2.436647563219543	0.38679271735959597	True	Both	Enthesopathy/Enthesitis/Tendinopathy	Muscloskeletal
NS_331.61	88	2450	0.0024051964135015434	2.618849452422435	0.22	0.6680402245200524	0.237	1.099	1.9504112046416997	0.29012618319846817	True	Both	Migraine with aura	Neurological
CV_425	70	2406	0.6589180712273707	0.18116858149980608	0.252	0.111204683229996	-0.383	0.605	1.1176236422615267	0.04829558028858633	True	Both	Cardiomegaly	Cardiovascular
MB_293	79	2478	0.0021100773390541855	2.675701626546419	0.232	0.7143893873833281	0.259	1.17	2.0429388570872042	0.31025536887082394	True	Both	Eating disorders	Mental
GI_520.13	89	2445	0.1705467127136414	0.7681566471981545	0.219	0.3003177137736869	-0.129	0.73	1.3502877444476704	0.1304263259097124	True	Both	Umbilical hernia	Gastrointestinal
MS_745	746	1649	7.245609335953332e-8	7.139925085677353	0.092	0.4956174150478983	0.315	0.676	1.6415114201003143	0.21524390849045594	True	Both	Fractures	Muscloskeletal
RE_462.2	238	2163	5.395868325758088e-8	7.267938656867889	0.14	0.7599134170268919	0.486	1.034	2.138091090199003	0.33002620373902375	True	Both	Chronic sinusitis	Respiratory
GI_542.2	261	2156	0.09378288843898361	1.0278763954637302	0.134	0.224011121396656	-0.038	0.486	1.251084933162784	0.09728679390752712	True	Both	Fatty liver disease (FLD)	Gastrointestinal
SO_376	76	2444	0.11124346304124269	0.9537254998843578	0.243	0.38641589132635173	-0.089	0.862	1.4716966094108208	0.1678182893227612	True	Both	Disorders of vitreous body	Sense organs
MS_715	504	1932	6.650452308993011e-12	11.1771488165586	0.111	0.7639571776200192	0.546	0.982	2.146754523313413	0.3317823866507568	True	Both	Other non-inflammatory spondylopathy	Muscloskeletal
CV_424.2	96	2469	0.9877270080391538	0.005363070882597813	0.221	0.0033991541103504178	-0.43	0.437	1.0034049377860284	0.0014762338732639542	True	Both	Systolic heart failure	Cardiovascular
RE_487	91	2398	0.3608809820889537	0.44263600403483894	0.219	0.19964863665020263	-0.229	0.628	1.220973677381655	0.0867063012166903	True	Both	Hemorrhage from respiratory passages	Respiratory
ID_092	352	2140	0.8886292360738748	0.051279402487578576	0.12	-0.016802867828829515	-0.252	0.218	0.9833375129883086	-0.007297392778210336	True	Both	Bacteremia, Sepsis, and SIRS	Infections
NS_349	64	2431	0.20454473476687984	0.6892116952959937	0.257	0.3254407441558066	-0.177	0.828	1.3846407838468973	0.14133711937335477	True	Both	Disorder of nervous system	Neurological
NS_329.8	256	2101	0.000012823253942359293	4.892001757196471	0.134	0.582822942459362	0.321	0.845	1.7910874376452983	0.2531167878367173	True	Both	Altered mental status, unspecified	Neurological
CV_444.13	64	2509	0.17368199762908332	0.7602451944229445	0.282	-0.38396479309444	-0.937	0.169	0.6811554081315229	-0.1667537908860391	True	Both	Esophageal varices	Cardiovascular
DE_683	186	2294	0.000021661564620240605	4.664310177378486	0.157	0.6671116917906611	0.359	0.975	1.948601024538212	0.28972292655782694	True	Both	Nail disorders	Dermatological
CV_413.1	70	2418	0.14897776692517475	0.8268785397902298	0.248	0.3575934146524479	-0.128	0.843	1.4298841323387235	0.1553008467484996	True	Both	Mitral valve disorders	Cardiovascular
DE_660.6	691	1656	1.5484429519553796e-8	7.810104790376533	0.093	0.5276682666341987	0.345	0.711	1.6949754664115784	0.22916341647468627	True	Both	Cellulitis and abscess	Dermatological
BI_164.6	109	2399	0.6487714164382853	0.18790829251543115	0.206	-0.09389562918180584	-0.498	0.31	0.9103777741555994	-0.04077835362849225	True	Both	Anemia secondary to chronic diseases and conditions	Blood/Immune
PP_926	62	1053	0.003109345853187911	2.507330968604206	0.271	0.8020141085934127	0.27	1.334	2.230027926735554	0.3483103017706745	True	Female	Mental disorders complicating pregnancy, childbirth and the puerperium	Pregnancy
DE_685	117	2356	3.9819764422842155e-8	7.39990131362459	0.194	1.0678653109827105	0.687	1.449	2.90916270919544	0.4637680119756912	True	Both	Disorders of sweat glands	Dermatological
CV_418	274	2108	0.00019626049398737083	3.7071671123714354	0.133	0.49640294801228424	0.235	0.758	1.6428013880220491	0.2155850611222418	True	Both	Abnormal results of cardiovascular function studies	Cardiovascular
CA_103.2	62	2514	0.2833735430818456	0.5476406997128601	0.273	0.2927412879468359	-0.242	0.828	1.3400960465805607	0.12713592598056175	True	Both	Keratinocyte carcinoma	Neoplasms
GU_605.1	154	1215	1.4982618859562335e-7	6.824412268288758	0.179	0.9393509744116063	0.589	1.29	2.558320463942217	0.40795494475740335	True	Male	Male erectile dysfunction*	Genitourinary
GI_529	970	1283	7.05174936015765e-18	17.15170313219729	0.092	0.789143173641003	0.61	0.969	2.201509306700942	0.3427205257439073	True	Both	Symptoms involving digestive system	Gastrointestinal
MS_714.6	62	2456	0.015797040921966377	1.8014242568187777	0.261	0.6302196221803983	0.118	1.142	1.8780229894792577	0.2737009043000992	True	Both	Spondylolisthesis	Muscloskeletal
EM_202	482	1994	0.3318061711156637	0.4791155409862906	0.11	-0.10687358993432547	-0.323	0.109	0.8986392628589386	-0.04641461036966848	True	Both	Diabetes mellitus	Endocrine/Metab
MB_286.4	265	2178	2.2744785620550525e-13	12.64311815222821	0.134	0.9814191726694687	0.719	1.244	2.6682402498521722	0.42622493112440496	True	Both	Dysthymic disorder	Mental
MS_710.41	88	2464	0.00033627140692486947	3.473310059068584	0.219	0.7841360313134634	0.356	1.213	2.190513587804871	0.3405459514609526	True	Both	Flat foot [pes planus]	Muscloskeletal
SS_819	454	1790	6.290685174729717e-13	12.201302049086005	0.111	0.7963714458261221	0.579	1.013	2.21748006614948	0.34585972446759927	True	Both	General symptoms and other findings	Symptoms
SS_834.1	104	2425	0.01278765076939256	1.8932092328161099	0.206	0.5121178792995388	0.109	0.915	1.668821818092513	0.22240996906378524	True	Both	Abnormal Papanicolaou smear	Symptoms
CV_401.1	1173	1242	0.0021197761344667054	2.6737100016653126	0.096	0.2943065966592031	0.107	0.482	1.3421953532005113	0.12781573091681792	True	Both	Essential hypertension	Cardiovascular
GI_529.7	51	2495	0.0019792037236854377	2.703509500630013	0.29	0.8977713555459262	0.329	1.467	2.4541276340362317	0.3898971457243981	True	Both	Fecal incontinence and encopresis	Gastrointestinal
CV_416.11	54	2486	0.0007942053928427658	3.1000671682997067	0.281	0.9424115496682341	0.392	1.493	2.5661623905345743	0.4092841357028064	True	Both	Supraventricular tachycardia	Cardiovascular
ID_070	203	2224	6.919758680859807e-6	5.159909050832028	0.151	0.6804530263825724	0.384	0.977	1.9747721535020397	0.29551699455231906	True	Both	Candidiasis	Infections
NS_333.1	543	1938	2.5219052182085807e-19	18.5982712397227	0.105	0.9444055132333782	0.738	1.15	2.571284329626487	0.41015010307626465	True	Both	Sleep apnea	Neurological
NS_337	315	2142	0.25043946266194683	0.6012972366997376	0.129	0.14859538166073713	-0.105	0.402	1.1602034546293214	0.06453415429156582	True	Both	Polyneuropathies	Neurological
NS_331.64	66	2489	0.03602156813690488	1.443437384842953	0.251	0.5261498204482863	0.034	1.018	1.69240369042525	0.22850396367507747	True	Both	Chronic migraine without aura	Neurological
BI_181	487	1962	0.00013348826904668832	3.8745568984353227	0.105	0.3993654227949507	0.194	0.604	1.4908783200008144	0.1734421993828062	True	Both	Autoimmune disease	Blood/Immune
MS_709.21	78	2460	0.00043430507257922774	3.362205098152617	0.235	0.8266010158381438	0.366	1.287	2.285537018654101	0.35898825991412836	True	Both	Hallux valgus (Bunion)	Muscloskeletal
MS_717.2	110	2406	8.319306500228213e-7	6.079912875112773	0.203	0.9983087193922976	0.601	1.395	2.713688336653056	0.4335599680679767	True	Both	Sacrococcygeal disorders	Muscloskeletal
MS_745.61	109	2442	0.46112649267409844	0.3361799259444299	0.211	-0.15561409707559654	-0.569	0.258	0.8558894168781722	-0.06758234366628851	True	Both	Fracture of vertebrae	Muscloskeletal
NS_331	913	1346	8.273583680422934e-15	14.082306336213522	0.092	0.7177201478603551	0.537	0.899	2.0497547418278637	0.3117018997665382	True	Both	Headache	Neurological
MB_287.1	139	2393	0.003991812345971802	2.3988298829719668	0.176	0.5067694750276094	0.162	0.852	1.6599201105366506	0.22008718660149854	True	Both	Schizophrenia	Mental
GU_599	106	2362	0.00036754087906630566	3.434694350278883	0.2	0.7136641158359817	0.321	1.106	2.041457708843456	0.30994038743992997	True	Both	Other symptoms/disorders or the urinary system	Genitourinary
GU_621.1	55	1064	0.2562929831628359	0.5912632838484372	0.278	0.3157164415323813	-0.229	0.861	1.371241373390649	0.13711390840364382	True	Female	Dysplasia of cervix	Genitourinary
CA_130	272	2240	0.6055135098075812	0.21787616272831006	0.141	0.0727045514402919	-0.203	0.349	1.075412760822494	0.03157518549976989	True	Both	Cancer (solid tumor, excluding BCC)	Neoplasms
MS_716.3	158	2311	0.0005379249263719012	3.2692783309087976	0.167	0.5787920129422047	0.251	0.907	1.7838822220393113	0.251366177390475	True	Both	Spinal disc displacement (herniation)	Muscloskeletal
MS_718	1356	1002	2.5786676911261558e-31	30.588604621107095	0.098	1.1407850099268113	0.949	1.333	3.1292238730645976	0.49543663484916045	True	Both	Back pain	Muscloskeletal
MB_283.3	64	2466	0.0389820528040155	1.4091352945672408	0.255	0.525426778077267	0.027	1.024	1.6911804531276924	0.22818995036316156	True	Both	High risk sexual behavior	Mental
SO_386	270	2113	2.695791103205905e-7	6.569313764302861	0.132	0.6806368742094663	0.421	0.94	1.9751352444467896	0.29559683864904895	True	Both	Visual disturbances	Sense organs
SS_840.2	54	2426	0.006550426571163772	2.1837304173409886	0.276	0.7515346811751265	0.21	1.293	2.1202514309899745	0.3263873649932771	True	Both	Allergy to insects	Symptoms
DE_680	159	2279	0.0062344401990462	2.205202536472509	0.169	0.46207800568316976	0.131	0.793	1.5873691222090613	0.20067792807706006	True	Both	Epidermal thickening	Dermatological
GU_594.1	152	2305	0.00005193362500769881	4.284551362251954	0.171	0.6914667998752565	0.357	1.026	1.9966420607289135	0.30030021560512404	True	Both	Retention of urine	Genitourinary
MS_716.2	310	2137	1.193131549117954e-8	7.923311670406432	0.129	0.7359502545774428	0.483	0.989	2.087464673191085	0.3196191345182768	True	Both	Degenerative disc disease	Muscloskeletal
CV_416	500	1851	3.6503248860387326e-6	5.437668480766877	0.109	0.5048944891678495	0.291	0.719	1.6568106997626264	0.21927289058895819	True	Both	Cardiac arrhythmia and conduction disorders	Cardiovascular
MB_286	1871	586	8.7077071690895e-47	46.060096184245886	0.153	2.2014392823210547	1.901	2.502	9.038012394106813	0.9560729325570889	True	Both	Mood [affective] disorders	Mental
GI_502.16	84	2463	0.0002283104138068705	3.641474278804495	0.227	0.8364079366057847	0.392	1.281	2.3080613658273146	0.36324735148797715	True	Both	Loss of teeth and edentulism	Gastrointestinal
NS_336	391	2043	9.798654989974711e-11	10.008833533544292	0.116	0.7529800621165231	0.525	0.981	2.1233182178029932	0.3270150859603738	True	Both	Mononeuropathies	Neurological
GU_593	247	2182	0.00026393610265319686	3.578501200493579	0.138	0.5038578586757185	0.233	0.775	1.655094089170728	0.21882268768645305	True	Both	Hematuria	Genitourinary
CV_444.5	75	2463	0.023670156786325697	1.62579886538268	0.24	0.54273703055214	0.073	1.013	1.7207100588547273	0.23570769749335096	True	Both	Venous insufficiency (chronic) (peripheral)	Cardiovascular
MB_289	75	2470	6.238041657276299e-7	6.2049517293761145	0.246	1.2282755217864119	0.745	1.711	3.4153347846368876	0.5334332813686761	True	Both	Obsessive-compulsive disorder	Mental
MB_280.31	410	1975	1.0877645022482368e-8	7.963465117913986	0.112	0.6402424872367865	0.421	0.86	1.896940807474094	0.27805377928694947	True	Both	Cannabis abuse or dependance	Mental
MS_745.1	195	2338	0.034645573593140605	1.46035224407877	0.151	0.3198309645464347	0.023	0.617	1.376895000592912	0.13890082304431117	True	Both	Fracture of lower limb	Muscloskeletal
GU_592.11	84	2406	0.10767410644093564	0.9678887236459858	0.227	0.3653797650763698	-0.08	0.811	1.4410611689512396	0.15868241577177392	True	Both	Acute cystitis	Genitourinary
DE_660	986	1335	3.7849252172600365e-11	10.42194269689103	0.089	0.5882135738872949	0.414	0.763	1.800768600222814	0.25545790931984286	True	Both	Infection of the skin	Dermatological
MB_282.2	483	1878	0.001385840189201265	2.8582868483314754	0.106	0.33747965508206706	0.131	0.544	1.4014110965081894	0.14656555195675441	True	Both	Personal history of nicotine dependence	Mental
EM_236	998	1442	5.878343726330461e-10	9.23074502287652	0.088	0.544450719783469	0.372	0.717	1.7236613492278297	0.2364519432702142	True	Both	Overweight and obesity	Endocrine/Metab
BI_160	372	2060	0.00008437436309227058	4.073789492460846	0.116	0.4558507851770595	0.229	0.683	1.5775149385916214	0.1979734805736616	True	Both	Deficiency anemias	Blood/Immune
NS_355.2	155	2265	5.250841051443565e-7	6.279771128070926	0.168	0.8404215151163419	0.512	1.169	2.31734356628596	0.36499042648779767	True	Both	Alteration of consciousness	Neurological
GI_528.2	589	1653	0.007153997357108869	2.1454512246278163	0.1	0.2700558975314409	0.073	0.467	1.310037676558871	0.11728378610333477	True	Both	Vomiting	Gastrointestinal
GU_581.31	51	2491	0.3213298081987841	0.4930489851992391	0.286	0.28385814972836193	-0.277	0.845	1.328244505545114	0.12327802807029464	True	Both	Hydronephrosis	Genitourinary
EM_247.3	69	2437	0.5700403755108361	0.24409438250197307	0.259	-0.1471421170571843	-0.655	0.361	0.8631712973344366	-0.0639030094934975	True	Both	Disorders of phosphorus metabolism	Endocrine/Metab
EM_239.3	263	2241	0.013520463369656621	1.8690084241165346	0.14	0.34646680730732404	0.072	0.621	1.414062556507516	0.15046862257620808	True	Both	Mixed hyperlipidemia	Endocrine/Metab
DE_682.4	165	2339	3.4572373631019994e-8	7.46127080213345	0.166	0.9158614605399875	0.59	1.241	2.498927051973973	0.3977535785003694	True	Both	Acne	Dermatological
SS_809.21	241	2266	3.0202594901363004e-9	8.5199557423763	0.138	0.8194234738696817	0.549	1.09	2.2691912123117493	0.35587109304359626	True	Both	Chronic pain syndrome	Symptoms
SS_810	78	2460	0.7144307688603437	0.14603984967031275	0.242	-0.08856306763967987	-0.563	0.386	0.915245386549495	-0.03846245157633742	True	Both	Shock	Symptoms
BI_164.3	97	2372	0.8321054249298045	0.0798216465882241	0.217	-0.045954230250329166	-0.471	0.379	0.9550856752226089	-0.019957668617829438	True	Both	Acute posthemorrhagic anemia	Blood/Immune
DE_678	242	2113	1.5618991848481355e-10	9.806347001750108	0.142	0.9104475861549395	0.632	1.189	2.4854347306386426	0.3954023627292257	True	Both	Other skin and subcutaneous disorders	Dermatological
SS_800.2	57	2463	0.09389237835536858	1.0273696598376993	0.27	0.4517982073180913	-0.077	0.98	1.5711348730672896	0.1962134683720284	True	Both	Precordial pain	Symptoms
MS_715.4	212	2253	6.731130207285453e-6	5.1719120083500085	0.151	0.680889792146469	0.384	0.977	1.9756348547556575	0.2957066795134636	True	Both	Spinal stenosis	Muscloskeletal
BI_160.11	84	2447	0.0008110430366747858	3.0909561000496613	0.224	0.7499570874148367	0.311	1.189	2.11690917261836	0.3257022247284982	True	Both	Iron deficiency anemia secondary to blood loss	Blood/Immune
GU_586	167	2298	0.003890203538250473	2.41002767547981	0.165	0.4776648236694031	0.153	0.802	1.612304986338651	0.20744719711891155	True	Both	Other disorders of the kidney and ureters	Genitourinary
MS_705	94	2460	0.012895039913858052	1.8895773092576083	0.215	0.5337962566557886	0.113	0.955	1.7053941493453777	0.231824768726221	True	Both	Rheumatoid arthritis and other inflammatory polyarthropathies	Muscloskeletal
CV_440.11	98	2458	0.06606361933916025	1.180037636881859	0.209	0.3838623493380401	-0.025	0.793	1.4679433643984434	0.16670930012792917	True	Both	Deep vein thrombosis [DVT]	Cardiovascular
MB_280.91	458	1977	0.03645690280859621	1.438220229544744	0.107	0.22396239295373882	0.014	0.434	1.251023971227336	0.0972656314136565	True	Both	Psychoactive substance withdrawal	Mental
GI_528.1	722	1511	0.000038502636154112425	4.414509534699529	0.095	0.3906180748565674	0.205	0.577	1.4778939607486439	0.16964327444187857	True	Both	Nausea	Gastrointestinal
NS_333.5	58	2471	0.005197582254128707	2.2841986290322707	0.267	0.7462705296539008	0.223	1.27	2.109119432165248	0.32410117303570624	True	Both	Parasomnias	Neurological
MB_296.4	172	2351	3.732751121887361e-8	7.427970965336002	0.162	0.8933664576699327	0.575	1.212	2.4433412263865506	0.38798412288350675	True	Both	Borderline personality disorder	Mental
MS_708.1	69	2478	0.021372211123219423	1.6701505443339602	0.255	0.5865505793569451	0.087	1.086	1.797776420569002	0.2547356799718767	True	Both	Osteoarthritis of more than one site	Muscloskeletal
CA_136	343	2120	0.022039883655282224	1.6567907023793402	0.134	0.307801557473902	0.044	0.571	1.360430994785688	0.13367651793214222	True	Both	Benign neoplasm of the digestive organs	Neoplasms
GU_626.13	144	916	1.8189296795264132e-6	5.740184090592358	0.183	0.8712215469906414	0.513	1.229	2.389828358866478	0.3783667103732502	True	Female	Irregular menstrual cycle	Genitourinary
MB_287	353	2102	1.0615542255998745e-9	8.974057816592364	0.117	0.7137120336782363	0.484	0.943	2.0415555334356705	0.3099611978944058	True	Both	Psychotic disorder	Mental
GI_504.3	88	2430	0.031444197767269075	1.5024594809065774	0.219	0.47213377322626104	0.042	0.902	1.603411862958398	0.20504509243232644	True	Both	Periodontitis	Gastrointestinal
NS_351.1	169	2234	0.01651456992661213	1.7821327317473894	0.162	0.38921323955414705	0.071	0.707	1.4758192208145207	0.1690331622220545	True	Both	Anesthesia of skin*	Neurological
GU_614.52	178	857	2.7549949340775154e-8	7.559879195398114	0.168	0.9309934062497099	0.603	1.259	2.5370282258868326	0.4043252990225614	True	Female	Vaginitis and vulvovaginitis	Genitourinary
SS_840.6	298	2171	0.0001391696921384485	3.856455333476681	0.126	0.47811747649637026	0.232	0.724	1.6130349659498537	0.20764378174388132	True	Both	Drug and medical agent allergy	Symptoms
CV_431	191	2326	0.8011972620506638	0.09626054350017903	0.161	-0.04066482691910989	-0.357	0.276	0.9601508927545149	-0.01766050993852025	True	Both	Stroke and transient cerebral ischemic attacks	Cardiovascular
BI_164.2	85	2424	0.759921164372389	0.11923145989544263	0.229	0.06991303484588633	-0.378	0.518	1.0724149144704844	0.030362845246678195	True	Both	Macrocytic anemia	Blood/Immune
MS_726.1	123	2425	0.27557760329646774	0.5597560812491806	0.206	0.22480182676042845	-0.179	0.629	1.2520745639315884	0.09763019288382488	True	Both	Osteoporosis	Muscloskeletal
SO_367.12	53	2470	0.17587587699656482	0.7547937239633435	0.281	0.3797500756943363	-0.17	0.93	1.461919174638449	0.16492336237639244	True	Both	Allergic conjunctivitis	Sense organs
BI_170	91	2410	0.37143374646419336	0.43011864115255327	0.229	-0.20470309165133557	-0.654	0.244	0.8148892279118691	-0.08890142313271063	True	Both	Decreased white blood cell count	Blood/Immune
RE_463.21	143	2296	0.000026386244252107107	4.578622421703522	0.174	0.7302950632094987	0.39	1.071	2.0756929779577193	0.3171631161130718	True	Both	Seasonal allergic rhinitis	Respiratory
GI_516.4	53	2515	0.24765717406370624	0.6061490869783017	0.28	0.3237986701972165	-0.225	0.873	1.3823689670298358	0.14062397571426202	True	Both	Gastroparesis	Gastrointestinal
ID_052.32	60	2470	0.2698171425261646	0.5689304613801547	0.265	0.2929370967996376	-0.227	0.813	1.3403584749421456	0.12722096468484134	True	Both	Herpes zoster	Infections
RE_479	329	2077	0.1510326133441812	0.8209292628653129	0.123	0.17623950864717544	-0.064	0.417	1.1927236920814102	0.07653984609880869	True	Both	Pulmonary insufficiency and acute respiratory distress syndrome	Respiratory
GU_610	57	1043	0.018646652927603608	1.7293991126770822	0.279	0.656690215158137	0.11	1.204	1.9283991738906	0.28519693676303803	True	Female	Benign mammary dysplasias	Genitourinary
CV_416.21	157	2388	0.9042672476101592	0.04370319893849418	0.184	-0.022162757868258474	-0.383	0.339	0.978081031712058	-0.009625163445942522	True	Both	Atrial fibrillation	Cardiovascular
GU_614.55	73	2438	0.000034708152848726155	4.459568498657935	0.25	1.0348094054060648	0.545	1.525	2.8145697427221483	0.449412014589439	False	Both	Candidiasis of vulva and vagina	Genitourinary
DE_680.1	82	2436	0.020151246463761135	1.6956980852255596	0.228	0.530262858126759	0.083	0.978	1.6993789454811774	0.23029023324269832	True	Both	Corns and callosities	Dermatological
MB_308.1	117	2383	0.015467487980927386	1.8105802127780726	0.191	0.46352849773478955	0.088	0.839	1.5896732591660052	0.20130786877112306	True	Both	Delirium	Mental
MS_701.1	100	2470	0.1839328445888453	0.7353407125778526	0.208	0.2763566697144572	-0.131	0.684	1.3183179842825088	0.12002017669414827	True	Both	Osteomyelitis	Muscloskeletal
NS_346	70	2470	0.008757557837257061	2.0576169858037447	0.243	0.6376019987953513	0.161	1.114	1.8919385642869082	0.27690702972730485	True	Both	Brain damage and brain death	Neurological
SS_840.612	56	2486	0.02626480212756044	1.5806258667143782	0.272	0.6037645352963698	0.071	1.136	1.8289911584298661	0.2622116060480945	True	Both	Allergy to antibiotic agent (excluding penicillin)	Symptoms
DE_682.11	124	2379	0.05024069950881055	1.2989443224814181	0.189	0.36960926037238506	-0.0	0.74	1.4471690378829318	0.16051926224006907	True	Both	Sebaceous cyst [Epidermal cyst]	Dermatological
GI_514	119	2358	0.09447770152708267	1.0246706808713313	0.191	0.3187355486462625	-0.055	0.692	1.3753875537077749	0.13842508996347733	True	Both	Gastrointestinal obstruction	Gastrointestinal
RE_465.1	426	1896	6.659445352341804e-13	12.17656194056667	0.111	0.7953313548129685	0.578	1.012	2.2151748840682237	0.3454080186799095	True	Both	Acute Pharyngitis	Respiratory
GI_557.1	91	2427	0.5518363770939752	0.25818967418946337	0.219	0.13019018913271838	-0.299	0.559	1.139044996705264	0.056540880738280314	True	Both	Hematemesis	Gastrointestinal
GI_520.14	58	2483	0.3139811701414047	0.5030963963500075	0.269	0.2710966645822574	-0.257	0.799	1.311401830367993	0.11773578549045116	True	Both	Ventral hernia	Gastrointestinal
RE_472	53	2508	0.007479172223094513	2.1261464661510208	0.281	0.752317885843599	0.201	1.304	2.1219126722701063	0.3267275064589956	True	Both	Diseases of vocal cords and larynx, not elsewhere classified	Respiratory
NS_324	266	2127	8.857677171962714e-10	9.052680152115167	0.133	0.8148183784835119	0.554	1.075	2.258765394696829	0.35387112552874456	True	Both	Extrapyramidal and movement disorders	Neurological
CA_142.2	64	2480	0.9388868971858578	0.02738672177708591	0.276	0.02118205134621744	-0.52	0.563	1.0214079834108676	0.009199248015053616	True	Both	Abnormal mammogram	Neoplasms
MB_288.3	617	1789	4.900699017906143e-41	40.30974196936585	0.098	1.311444312211009	1.12	1.503	3.7115304516297454	0.5695530281166465	True	Both	Generalized anxiety disorder	Mental
GI_529.2	138	2308	0.00016983556356019698	3.7699713633221	0.177	0.6666361286320688	0.319	1.014	1.947674561993334	0.28951639210225383	True	Both	Flatulence, eructation, and gas pain	Gastrointestinal
MS_730.1	71	2510	0.0007171050823966651	3.144417199477079	0.243	0.8237455285595295	0.346	1.301	2.279020005824352	0.3577481375458812	True	Both	Segmental and somatic dysfunction	Muscloskeletal
DE_674	142	2337	0.036664139673629456	1.435758501296463	0.179	0.3739367050684393	0.023	0.725	1.4534451518339473	0.1623986475923069	True	Both	Disorders of pigmentation	Dermatological
EM_247.8	336	2108	6.677986445133381e-6	5.175354466804522	0.121	0.5446132166899741	0.308	0.782	1.723941461623024	0.23652251478003572	True	Both	Mineral deficiencies	Endocrine/Metab
SO_396.2	217	2289	0.00001430907024214127	4.844388584397158	0.157	0.6821792003824575	0.374	0.99	1.9781838976339616	0.296266662395274	True	Both	Sensorineural hearing loss	Sense organs
ID_089	1483	801	1.5613728345472284e-18	17.806493380952418	0.099	0.8687415169729841	0.675	1.063	2.383908856105724	0.37728964702162715	True	Both	Infections	Infections
NS_329.41	106	2421	2.742303777371776e-18	17.561884438120963	0.269	2.341908385136529	1.816	2.868	10.401066876206308	1.01707788878775	True	Both	Attention and concentration deficit	Neurological
RE_479.3	236	2242	0.40208048903798654	0.3956870005323144	0.142	0.11866317448131024	-0.159	0.396	1.1259905920433548	0.051534761882355826	True	Both	Respiratory failure	Respiratory
MS_741	584	1679	2.6532807539247235e-17	16.576216793203077	0.1	0.844475305272236	0.649	1.04	2.32675665727999	0.3667509651832962	True	Both	Sprains and strains	Muscloskeletal
ID_089.2	1046	1220	1.001502380076773e-19	18.999348014265582	0.09	0.8173215376138209	0.641	0.994	2.264426526318481	0.3549582337263635	True	Both	Viral infections	Infections
BI_160.1	310	2140	0.000025867867371805397	4.587239374408109	0.125	0.5239738048246761	0.28	0.768	1.6887249974516858	0.22755893209720826	True	Both	Iron deficiency anemia	Blood/Immune
NS_350	122	2360	0.010867094225578444	1.9638865672753583	0.191	0.4865404321139412	0.112	0.861	1.6266788682040734	0.2113018248899084	True	Both	Other symptoms involving nervous  system	Neurological
GI_540.11	117	2426	0.00003324411781260448	4.47828518727873	0.191	0.7939609982856725	0.419	1.169	2.212141383669986	0.3448128804018647	True	Both	Autoimmune hepatitis	Gastrointestinal
SS_809.3	1089	1185	1.4914052923205808e-22	21.8264043201286	0.093	0.9075635986431871	0.726	1.09	2.4782770941424066	0.39414986286699377	True	Both	Pain in limb	Symptoms
SS_807.21	120	2369	0.010631093782123232	1.973422050706878	0.191	0.4880354924305951	0.114	0.862	1.629112670114855	0.21195112133554364	True	Both	Muscle weakness (generalized)	Symptoms
RE_499.1	757	1464	1.0398716937609896e-20	19.983020243517732	0.096	0.8950522956257286	0.707	1.083	2.4474637777653743	0.38871627300509204	True	Both	Cough	Respiratory
NS_355.1	62	2495	0.049545847699761156	1.3049927366710268	0.258	0.5065068719273268	0.001	1.012	1.6594842675987602	0.21997313952411512	True	Both	Coma	Neurological
CV_431.11	94	2462	0.4749644239656201	0.3233389189099641	0.227	-0.16209896302005755	-0.607	0.283	0.8503570464745872	-0.07039868516185024	True	Both	Cerebral infarction [Ischemic stroke]	Cardiovascular
GI_556.3	57	2454	0.015888335477100623	1.7989215987633822	0.27	0.6520177691050354	0.122	1.182	1.9194098502011316	0.2831677192251854	True	Both	Abdominal or pelvic swelling, mass, or lump	Gastrointestinal
CA_138.2	130	2329	0.056699373966295	1.246421736247914	0.185	0.35234613727886893	-0.01	0.715	1.4224007844557591	0.15302198314013843	True	Both	Melanocytic nevi*	Neoplasms
RE_465	428	1889	2.4630259531822383e-13	12.608531011926853	0.111	0.8089791706099725	0.592	1.026	2.2456144270033307	0.35133518977058037	True	Both	Pharyngitis	Respiratory
RE_478	78	2446	0.8102912068996946	0.09135887393462645	0.239	0.05729797797329468	-0.411	0.525	1.0589713135124537	0.024884195658015983	True	Both	Aspiration pneumonia	Respiratory
BI_162.8	63	2484	0.003939099817748064	2.404603013923551	0.324	-0.9347181056179347	-1.57	-0.299	0.39269654888126426	-0.40594291540492994	True	Both	Pancytopenia	Blood/Immune
SO_387.4	235	2267	0.0024769730889838176	2.6060787117707713	0.153	0.46392522413901605	0.163	0.764	1.590304049639354	0.20148016485930395	True	Both	Presbyopia	Sense organs
GU_586.2	53	2470	0.8219531629671594	0.08515292898603699	0.289	0.06514204116486008	-0.502	0.633	1.067310615660953	0.028290829017813247	True	Both	Cyst of kidney	Genitourinary
DE_679	568	1659	1.3802051799628018e-13	12.86005634700317	0.102	0.7545579688062579	0.555	0.954	2.126671260521871	0.3277003621286838	True	Both	Skin symptoms	Dermatological
GI_540.4	91	2433	0.8886298157268463	0.05127911919732138	0.222	-0.031147082878792618	-0.467	0.405	0.9693329903038181	-0.013527006221642887	True	Both	Alcoholic hepatitis	Gastrointestinal
BI_171	234	2143	0.42826064036291656	0.3682918379514924	0.142	0.11237718692912313	-0.166	0.39	1.1189348286515421	0.04880479217512842	True	Both	Elevated white blood cell count [Leukocytosis]	Blood/Immune
SO_374.4	50	2511	0.9801579124243731	0.008703949848567037	0.3	-0.007451556701065453	-0.595	0.58	0.992576137317027	-0.003236169956861916	True	Both	Retinopathy	Sense organs
RE_488.6	91	2370	0.0038668368401119572	2.412644152450847	0.215	0.6216934243561297	0.2	1.043	1.8620786627848984	0.26999802363340386	True	Both	Wheezing	Respiratory
DE_679.1	380	1898	2.0429465762729552e-7	6.68974299016306	0.115	0.5965567243668864	0.372	0.822	1.8158555323917125	0.25908129353481796	True	Both	Rash and other nonspecific skin eruption	Dermatological
NS_336.41	203	2290	1.3004961674155514e-9	8.885890923339488	0.153	0.9269237805346152	0.627	1.226	2.5267244510531524	0.4025578830310842	True	Both	Carpal tunnel syndrome	Neurological
CV_430	60	2496	0.5394625896708922	0.2680386671308977	0.268	0.16457869236813644	-0.361	0.69	1.1788963360460225	0.07147561793433448	True	Both	Nontraumatic Intracranial hemorrhage	Cardiovascular
MS_724	745	1495	9.072907960588023e-16	15.042253494767104	0.098	0.7848861145212179	0.594	0.976	2.1921572716361974	0.34087170845904874	True	Both	Other symptoms and disorders of the soft tissue	Muscloskeletal
EM_252	95	2401	0.9300906995848945	0.031474698318585	0.219	-0.019229567433000444	-0.449	0.41	0.9809541412679925	-0.008351295025538587	True	Both	Other and unspecified disorders of metabolism	Endocrine/Metab
CV_413.3	54	2470	0.22743839382081932	0.6431362203120664	0.279	0.33670841148195646	-0.21	0.883	1.4003306838531104	0.14623060511702324	True	Both	Tricuspid valve disorders	Cardiovascular
BI_169	212	2267	0.32234088237838676	0.4916846095811708	0.153	-0.15137909572948008	-0.451	0.148	0.8595217958467258	-0.06574310595081728	True	Both	Platelet defects	Blood/Immune
BI_179	72	2484	0.715207585247506	0.14556788820868943	0.252	-0.09190646484849618	-0.586	0.402	0.9121904674284889	-0.03991447053493709	True	Both	Immunodeficiencies	Blood/Immune
SS_840.611	93	2453	0.0593751265533807	1.2263954517017914	0.213	0.4015400295283852	-0.016	0.819	1.4941239217088698	0.17438661908744651	True	Both	Penicillin allergy	Symptoms
SO_394	68	2475	0.4171772283305447	0.37967940561534386	0.254	0.20618318483127607	-0.292	0.704	1.2289783135613652	0.08954421943346144	True	Both	Disorders of vestibular function	Sense organs
RE_460.2	254	2109	5.594817593151428e-7	6.252214068131011	0.137	0.6863124092073617	0.418	0.955	1.9863770651491477	0.2980616921804837	True	Both	Acute lower respiratory infection	Respiratory
MS_710.4	152	2367	7.0989818689674285e-6	5.148803933026777	0.169	0.7603135043699247	0.428	1.092	2.138946684527261	0.3301999594643823	True	Both	Acquired deformities of the ankle and foot	Muscloskeletal
MS_718.1	443	1990	2.1240719663026753e-17	16.672830772883103	0.112	0.9472497425209424	0.728	1.166	2.578608062073429	0.41138533616112133	True	Both	Radiculopathy	Muscloskeletal
GU_594	686	1622	6.906959600196012e-14	13.160713084237555	0.098	0.7355027635194531	0.543	0.928	2.0865307603903607	0.31942479162109083	True	Both	Abnormality of urination	Genitourinary
SO_387.2	194	2301	0.0015667338676129316	2.805004768459971	0.151	0.4787697343706178	0.182	0.776	1.614087423907513	0.20792705373944492	True	Both	Myopia	Sense organs
MB_287.4	55	2477	0.000014153704493079343	4.849129876016669	0.287	1.246100853737823	0.684	1.809	3.4767600977526048	0.5411747246732677	True	Both	Delusional disorders	Mental
MS_713.3	1333	985	1.695650005370553e-30	29.770663784403727	0.1	1.1465596500962298	0.951	1.342	3.147346289799065	0.4979445292097159	True	Both	Pain in joint	Muscloskeletal
MS_713.38	337	2017	5.249494090489098e-13	12.279882548840867	0.121	0.872865467401454	0.636	1.11	2.393760277479095	0.3790806559363542	True	Both	Pain in ankle and joints of foot	Muscloskeletal
EM_256.2	258	2159	0.3814816254821394	0.4185263755174713	0.14	-0.12254877978528604	-0.397	0.152	0.8846627502319465	-0.053222258824726476	True	Both	Hyposmolality and/or hyponatremia	Endocrine/Metab
MB_283.8	106	2288	0.12032467359853552	0.919645307747817	0.202	0.3144512603721917	-0.082	0.711	1.3695076016379097	0.1365644472071655	True	Both	Problems related to lifestyle	Mental
MS_721	371	2039	5.30400493622454e-8	7.27539608042265	0.12	0.6553343334692953	0.419	0.891	1.925786264560203	0.2846080848274604	True	Both	Synoviopathy and bursopathy	Muscloskeletal
CV_404.1	131	2389	0.19036580811094672	0.7204110532321053	0.2	-0.2620842256457066	-0.654	0.13	0.7694462138740891	-0.11382173299181707	True	Both	Myocardial infarction [Heart attack]	Cardiovascular
MS_734.6	60	2461	6.230225351330205e-9	8.205496244340962	0.309	1.7932101715956128	1.188	2.398	6.008710530871589	0.7787812824167579	True	Both	Temporomandibular joint disorders	Muscloskeletal
MB_283.4	254	2142	0.07341656640567588	1.1342059307274013	0.136	0.24377204008217718	-0.023	0.511	1.2760534083013215	0.10586885184998786	True	Both	Patient's noncompliance with medical treatment and regimen	Mental
GI_540.2	62	2493	0.0001402078501763174	3.8532276697301837	0.263	1.0016328554335563	0.486	1.517	2.7227240154501784	0.4350036220077911	True	Both	Acute hepatitis	Gastrointestinal
GI_540	414	2057	0.00006310322471480023	4.199948446777116	0.109	0.437909667605414	0.223	0.652	1.5494649342197118	0.19018175221311848	True	Both	Hepatitis	Gastrointestinal
RE_474	341	2126	0.0482143903188331	1.3168233206134383	0.129	0.25511241289544134	0.002	0.508	1.2906066935540155	0.11079391318551415	True	Both	Chronic obstructive pulmonary disease [COPD]	Respiratory
CA_142.1	147	2378	0.011932141751556158	1.9232815959441547	0.178	0.44759557610329753	0.099	0.797	1.5645458279684235	0.19438828882596915	True	Both	Lump or mass in breast	Neoplasms
GU_581	171	2276	0.4537657855984776	0.3431682534620245	0.164	0.12261801211810804	-0.198	0.443	1.1304525192987167	0.053252326044840384	True	Both	Renal tubulo-interstitial diseases	Genitourinary
EM_232	547	1868	1.630293251421911e-10	9.787734269203801	0.103	0.6595443810483582	0.457	0.862	1.9339110071369352	0.28643648525959764	True	Both	Vitamin deficiencies	Endocrine/Metab
EM_239.2	331	2150	0.0004691801022520045	3.3286604144281946	0.126	0.4417173415501187	0.194	0.689	1.5553760381143311	0.19183540399619053	True	Both	Hyperglyceridemia	Endocrine/Metab
NS_349.1	55	2448	0.5729598507752314	0.24187580944216602	0.279	0.1575461204012802	-0.39	0.705	1.170634746880968	0.06842141073554128	True	Both	Abnormal findings on diagnostic test of central nervous system	Neurological
CV_446	240	2164	0.9564359417878081	0.019344111951054992	0.145	0.007905278276847278	-0.276	0.292	1.0079366074901337	0.003433218733544447	True	Both	Hypotension	Cardiovascular
RE_494	91	2457	0.0058636750181938445	2.2318301075545466	0.216	0.5954098307498984	0.172	1.019	1.813774133072187	0.25858320396562995	True	Both	Voice disturbance	Respiratory
RE_471	230	2170	1.5237656002865992e-8	7.817081835051196	0.141	0.7954078007228442	0.52	1.071	2.215344231600651	0.3454412187167326	True	Both	Other disorders of nose and nasal sinuses	Respiratory
GU_592	157	2277	0.004930223628728474	2.307133381225792	0.169	0.475009069837354	0.144	0.806	1.6080287819791563	0.20629381788435922	True	Both	Cystitis and urethritis	Genitourinary
EM_247.42	170	2301	0.08066772908161196	1.0933001689304316	0.172	-0.3009198956622855	-0.639	0.037	0.7401370585610445	-0.13068785018103288	True	Both	Hypomagnesemia*	Endocrine/Metab
GI_506	67	2469	0.02788309108381213	1.5546590825744109	0.251	0.5529520502544807	0.06	1.046	1.7383772276209373	0.24014402418261055	True	Both	Diseases of salivary glands	Gastrointestinal
EM_256.3	263	2141	0.11750771723031486	0.9299336104945118	0.139	-0.21811796680049547	-0.491	0.055	0.8040305871559608	-0.09472742938541188	True	Both	Mixed disorder of acid-base balance	Endocrine/Metab
MS_723.2	83	2446	0.006624622546961848	2.1788388616087517	0.23	0.6256796769361819	0.174	1.077	1.8695161927465276	0.27172923113239306	True	Both	Rotator cuff tear or rupture	Muscloskeletal
RE_460.1	802	1463	2.912824481116015e-16	15.535685683988657	0.093	0.757497832944454	0.576	0.939	2.132932584305422	0.32897712890144765	True	Both	Acute upper respiratory infection	Respiratory
CV_448.9	73	2468	0.8157463370197127	0.08844486766659407	0.256	0.059589511057516496	-0.442	0.561	1.0614007638323895	0.02587939583159219	True	Both	Peripheral vascular disease NOS [includes PAD]	Cardiovascular
CV_444.1	150	2380	0.16585011244308845	0.7802842297013497	0.173	0.2402175303118878	-0.1	0.58	1.271525715625139	0.10432514787087999	True	Both	Varicose veins	Cardiovascular
CV_436	296	2174	0.5629840212724242	0.2495039312084972	0.145	0.08407276071187933	-0.201	0.369	1.0877080333404896	0.03651233605554169	True	Both	Atherosclerosis [ASCVD]	Cardiovascular
MB_287.2	138	2419	0.01538490004908702	1.8129053208835992	0.177	0.42794896811591693	0.082	0.774	1.5341077905590044	0.18585587538893336	True	Both	Schizoaffective disorder	Mental
EM_211	51	2498	0.13404506057624754	0.8727491846949215	0.319	-0.4772214773356698	-1.101	0.147	0.6205050862604663	-0.20725465425259912	True	Both	Disorders of adrenal glands	Endocrine/Metab
SS_830	59	2493	0.7030013473006946	0.15304384265486104	0.271	0.10348832223466221	-0.429	0.635	1.1090328422641642	0.04494440728793942	True	Both	Proteinuria	Symptoms
DE_685.82	74	2412	1.6378526678644102e-6	5.785725167539764	0.246	1.1778922194042973	0.696	1.659	3.247521920184834	0.5115520911640608	True	Both	Generalized hyperhidrosis	Dermatological
CV_423	79	2440	0.04156038573537786	1.3813204302686461	0.233	0.4743224290387535	0.018	0.931	1.6069250227985346	0.2059956135744774	True	Both	Abnormal cardiac sounds	Cardiovascular
MS_719.1	241	2146	8.069132206466315e-6	5.0931731688972635	0.139	0.6187992284147169	0.347	0.891	1.8566972334882927	0.26874109030650145	True	Both	Cramp and spasm	Muscloskeletal
DE_666	58	2432	0.004035564234534157	2.3940957355854273	0.268	0.7707746985655761	0.245	1.296	2.1614400698714498	0.33474319837767197	True	Both	Urticaria	Dermatological
GI_526.1	64	2482	0.8819369866445118	0.054562443587225874	0.265	-0.039361229665881584	-0.559	0.48	0.9614033589994062	-0.017094364844818955	True	Both	Bacterial enteritis	Gastrointestinal
ID_054.3	295	2254	1.2832305134208548e-7	6.891695322023795	0.125	0.6606726566836145	0.415	0.906	1.9360942232101888	0.2869264891420553	True	Both	Hepatitis C	Infections
MB_280.2	548	1909	1.8354453135624335e-12	11.736258550616206	0.099	0.6983724544731112	0.504	0.893	2.010477898932055	0.3032993032909022	True	Both	Opioid use disorders	Mental
SO_367.1	148	2269	0.0004316557699845111	3.3648624494575943	0.171	0.6028113071303225	0.267	0.938	1.8272485432290968	0.2617976243155854	True	Both	Conjunctivitis	Sense organs
PP_938	124	984	0.008285070563788657	2.081703788351038	0.2	0.5274548075950106	0.136	0.919	1.6946136971898995	0.2290707123918545	True	Female	Other conditions or status of the mother complicating pregnancy, childbirth, or the puerperium	Pregnancy
GI_515	55	2443	0.050077704755237075	1.3003555846494355	0.274	0.5363891291232471	-0.0	1.073	1.7098217565111764	0.23295083893111704	True	Both	Heartburn	Gastrointestinal
SO_371	261	2272	0.035303657145446386	1.452180303229223	0.161	0.3388524606388724	0.023	0.654	1.403336282599577	0.14716175383480112	True	Both	Cataract	Sense organs
MS_703	89	2457	0.7025840892133325	0.15330168950712125	0.231	0.08807990775281153	-0.364	0.54	1.0920753838315265	0.03825261790359349	True	Both	Chrystal arthropathies	Muscloskeletal
SO_391	220	2182	6.758885014957442e-9	8.170124941897129	0.144	0.8339873394229842	0.552	1.116	2.302481235336169	0.36219609948857634	True	Both	Disorders of the middle ear	Sense organs
CV_431.1	122	2417	0.9833475404870503	0.0072929641205936565	0.196	-0.004090970806873749	-0.388	0.38	0.9959173858147488	-0.001776686047052544	True	Both	Stroke	Cardiovascular
MS_740	73	2456	0.008277940759771956	2.082077685907741	0.238	0.6293210890982482	0.162	1.096	1.8763362815890738	0.2733106763407139	True	Both	Dislocation	Muscloskeletal
BI_169.1	211	2268	0.3511100964945827	0.4545566818167963	0.153	-0.14276781315927525	-0.443	0.157	0.8669553411499114	-0.06200327344846769	True	Both	Thrombocytopenia	Blood/Immune
GI_532	89	2395	0.04483913295529568	1.348342793855193	0.218	0.43818497709713383	0.01	0.866	1.549891575349671	0.190301317606188	True	Both	Other disorders of the intestines	Gastrointestinal
GI_557.2	139	2302	0.009129767365398108	2.039540288534823	0.176	0.45884522237860165	0.114	0.804	1.5822457875898561	0.19927394812669713	True	Both	Blood in stool	Gastrointestinal
MB_284.2	204	2263	3.2565314672655126e-6	5.487244720961802	0.148	0.6908571406971523	0.4	0.982	1.9954251605560727	0.30003544398823173	True	Both	Suicide and self-inflicted harm	Mental
MB_291	121	2384	9.564628686041865e-7	6.019331885305604	0.191	0.9336769882079368	0.56	1.307	2.543845692585256	0.4054907638587545	True	Both	Dissociative and somatoform disorders	Mental
MB_280.9	1465	795	1.3035933192745836e-15	14.884857873896996	0.097	0.7730057261651553	0.583	0.963	2.166267685591677	0.3357121213531431	True	Both	Psychoactive substance dependance	Mental
MS_723.5	104	2416	0.0002014203704233938	3.6958966096756223	0.203	0.7544320065026486	0.357	1.152	2.1264033969815848	0.3276456573952985	True	Both	Tendinitis	Muscloskeletal
MS_713.31	611	1754	8.322697834317746e-14	13.079735872670982	0.102	0.7649082679815145	0.564	0.966	2.148797252104882	0.33219543994654555	True	Both	Pain in shoulder	Muscloskeletal
RE_469	394	1935	9.891999329428408e-11	10.004715921751252	0.115	0.744663651415785	0.519	0.97	2.1057330555242313	0.32340331468380207	True	Both	Bronchitis	Respiratory
CV_417.3	93	2366	0.0009279930220048252	3.0324552894235874	0.214	0.7073284184446019	0.289	1.126	2.0285645373083256	0.3071888290238449	True	Both	Bradycardia	Cardiovascular
SS_829	376	1920	1.0727301174789653e-8	7.9695095261536615	0.115	0.6592980186179532	0.433	0.885	1.9334346228050403	0.2863294914155245	True	Both	Abnormal findings on examination of blood	Symptoms
MS_713.4	101	2443	0.000015452412602614452	4.811003704057743	0.207	0.8952406701292861	0.489	1.301	2.447924860966282	0.3887980830125183	True	Both	Stiffness of joint	Muscloskeletal
RE_460	917	1339	8.688712123883385e-18	17.061044591668818	0.092	0.7891435645837225	0.609	0.969	2.2015101673651456	0.3427206955281731	True	Both	Respiratory infection	Respiratory
EM_256.71	313	2018	0.28230441828353703	0.5492823247537398	0.125	0.1342992788215621	-0.111	0.379	1.1437350641109985	0.05832543571579066	True	Both	Dehydration	Endocrine/Metab
SS_812	391	1954	4.240707913869573e-6	5.372561639297692	0.117	0.5371993435082707	0.308	0.766	1.7112076400497043	0.23330271056769142	True	Both	Edema	Symptoms
MS_717	161	2319	3.29488413833042e-10	9.482159852380578	0.17	1.0685819100801452	0.735	1.402	2.91124815969387	0.46407922700944393	True	Both	Other and unspecified dorsopathies	Muscloskeletal
GU_602.1	179	1207	0.022727320019734133	1.6434517727775066	0.196	0.4457520820646699	0.062	0.829	1.5616642539597358	0.1935876695375716	True	Male	Benign prostatic hyperplasia	Genitourinary
GU_626.11	95	982	0.000018551196613133457	4.731628071724415	0.22	0.9401348544864239	0.51	1.37	2.56032666658731	0.40829537954837053	True	Female	Oligomenorrhea	Genitourinary
EM_247.4	200	2259	0.1373554300235371	0.8621541670942046	0.158	-0.23488304708750674	-0.545	0.075	0.7906633145990503	-0.10200841124272586	True	Both	Disorders of magnesium metabolism	Endocrine/Metab
GU_612.22	51	2504	0.206153575562237	0.685809128320868	0.286	0.36104667590476175	-0.199	0.921	1.4348304313241524	0.1568005790549498	True	Both	Hypertrophy of breast (Gynecomastia)	Genitourinary
GI_554.12	83	2464	0.4696781682215686	0.3281996264066152	0.238	-0.17230662796228505	-0.639	0.295	0.8417210383880381	-0.07483181771937696	True	Both	Chronic pancreatitis	Gastrointestinal
SO_367	209	2188	0.00003828143432667351	4.41701179846861	0.147	0.604466772535482	0.317	0.892	1.8302759952086387	0.26251658380602794	True	Both	Inflammation of the eye	Sense organs
NS_330.1	110	2429	0.0864321646287225	1.063324610284229	0.197	0.3372862946455499	-0.048	0.723	1.4011401452433003	0.14648157658615665	True	Both	Epilepsy	Neurological
GE_972.1	86	2431	0.000778699434904399	3.108630140467574	0.223	0.7500819592807275	0.313	1.188	2.117173531521818	0.3257564558907996	True	Both	Hereditary neuropathy	Genetic
DE_668.2	95	2428	0.000016962059003313087	4.770521430410605	0.213	0.9158588633448664	0.499	1.333	2.4989205617812535	0.3977524505528599	True	Both	Seborrheic dermatitis	Dermatological
MS_718.3	174	2274	5.011534564169021e-10	9.300029270000168	0.161	0.9987494490301378	0.684	1.314	2.714884603126561	0.43375137451770196	True	Both	Mid back pain	Muscloskeletal
SO_391.1	161	2263	5.0960524540243e-7	6.292766110426225	0.166	0.8314212388748646	0.507	1.156	2.2965804112680894	0.3610816561805191	True	Both	Otitis media	Sense organs
GU_594.2	303	2056	2.768665964025167e-7	6.557729438162525	0.127	0.6549617821611152	0.405	0.905	1.92506894399572	0.284446287850092	True	Both	Dysuria	Genitourinary
MS_711	118	2393	2.230415099844269e-6	5.651614303411332	0.193	0.9130845065850304	0.535	1.291	2.4919972729057727	0.3965475627212321	True	Both	Disorder of patella	Muscloskeletal
RE_483	141	2366	0.8642787785125966	0.06334615052882141	0.182	-0.03116695526285176	-0.389	0.326	0.9693137275377528	-0.013535636688382037	True	Both	Pleural effusion	Respiratory
CV_418.1	246	2147	0.0004116345562487763	3.3854881738556535	0.139	0.4896991327685669	0.218	0.761	1.6318251833655715	0.21267363115419652	True	Both	Abnormal electrocardiogram [ECG] [EKG]	Cardiovascular
CA_139.6	75	2439	0.038205548736470335	1.4178735582759618	0.242	0.5021739842939534	0.027	0.977	1.6523094637722164	0.21809139033423428	True	Both	Hemangioma and lymphangioma	Neoplasms
ID_052.1	139	2370	0.000039246255920913615	4.406201768484233	0.177	0.7294676099004437	0.382	1.077	2.073976149330247	0.31680375770691666	True	Both	Herpes simplex	Infections
EM_239	916	1525	3.261625549781083e-7	6.48656589951841	0.102	0.5234111124676402	0.323	0.724	1.6877750320966716	0.22731455791153846	True	Both	Hyperlipidemia	Endocrine/Metab
SS_832	94	2378	0.009762844649134208	2.010423621327176	0.212	0.5489651281471619	0.133	0.965	1.7314602509073889	0.23841252591162393	True	Both	Other abnormal findings in urine	Symptoms
ID_052	220	2238	0.00003454748989315266	4.4615835015503995	0.144	0.5946275092932245	0.313	0.876	1.8123557335448583	0.25824344607392197	True	Both	Herpesvirus	Infections
ID_054	321	2211	3.929381938427791e-7	6.405675755436135	0.121	0.6125974179927083	0.376	0.849	1.8452179820989054	0.26604767826241305	True	Both	Hepatovirus	Infections
EM_247.51	57	2454	0.5696496048344315	0.24439219955403	0.274	0.15563008226777827	-0.381	0.692	1.1683939135121804	0.0675892859470452	True	Both	Hypocalcemia	Endocrine/Metab
NS_324.3	231	2179	8.837758040099687e-8	7.053657892713531	0.141	0.7537557153914548	0.478	1.03	2.1249658154319975	0.32735194789754674	True	Both	Abnormal involuntary movements	Neurological
EM_247.88	334	2111	3.9574109560761965e-6	5.402588848220455	0.121	0.5591492387355612	0.322	0.797	1.7491837293302628	0.2428354289432582	True	Both	Iron deficiency	Endocrine/Metab
CV_439	273	2071	0.0006130069438437953	3.2125346059775666	0.135	0.4627717156174709	0.198	0.728	1.588470677974454	0.2009792024735685	True	Both	Hemorrhoids	Cardiovascular
MB_286.1	690	1790	5.8687675025179686e-33	32.23145309518459	0.093	1.1148887155841143	0.932	1.298	3.049228828651722	0.4841900171143848	True	Both	Bipolar disorder	Mental
SO_390	228	2186	0.00015961765869300346	3.7969190638080086	0.143	0.5391204104341615	0.259	0.819	1.7144981440775977	0.23413701933297262	True	Both	Disorders of external ear	Sense organs
EM_256.6	61	2468	0.4347060689562464	0.3618042965567821	0.281	-0.21913518814327157	-0.769	0.331	0.8032131259224561	-0.0951692030014537	True	Both	Fluid overload	Endocrine/Metab
GI_526	122	2316	0.36116043185726854	0.44229983634123066	0.19	0.17362863821290506	-0.199	0.546	1.1896137067085701	0.07540595947624078	True	Both	Intestinal infection	Gastrointestinal
MS_741.6	183	2241	9.263348652062029e-6	5.033231989752239	0.156	0.6906110094010407	0.385	0.996	1.9949340844120942	0.29992855052450673	True	Both	Sprains and strains of ankle and foot	Muscloskeletal
DE_682.1	127	2373	0.02178751275390737	1.6617923456559047	0.186	0.427349414489241	0.062	0.792	1.5331882863430508	0.18559549255726296	True	Both	Cutaneous cyst	Dermatological
MB_294	82	2444	0.000014470882304481078	4.839504988695349	0.232	1.0046489555535252	0.551	1.459	2.730948420259298	0.43631349764676125	True	Both	Sexual dysfunction and disorders	Mental
CA_139.61	75	2440	0.03722957219754702	1.4291119542009505	0.242	0.5047234537247199	0.03	0.98	1.6565273506424727	0.21919861083979714	True	Both	Hemangioma	Neoplasms
GU_582.1	345	2112	0.7052963999891884	0.15162833289837344	0.124	-0.0469497215066272	-0.29	0.196	0.9541353688732198	-0.020390004977222598	True	Both	Acute kidney failure	Genitourinary
SO_362	73	2459	0.7257169404598586	0.1392327390345284	0.254	-0.08907958620127335	-0.587	0.409	0.9147727673877218	-0.038686772737438056	True	Both	Other disorders of the eyelids	Sense organs
MS_709.2	160	2364	9.763933592399089e-6	5.010375183018953	0.169	0.7470473271129618	0.416	1.078	2.110758427282215	0.3244385318857328	True	Both	Acquired deformities of toe	Muscloskeletal
GU_594.31	67	2493	0.0010189409022442104	2.991851003995062	0.255	0.8368801090499846	0.338	1.336	2.3091514261317476	0.36345241337499995	True	Both	Urge incontinence	Genitourinary
CV_433	108	2399	0.8205998709337451	0.08586855567615796	0.212	-0.04801782544522779	-0.463	0.367	0.953116797194815	-0.02085387662385598	True	Both	Other cerebrovascular disease	Cardiovascular
MB_307	159	2356	5.535309574814175e-22	21.256858085196487	0.419	4.03562425337082	3.215	4.856	56.5782283663401	1.7526493442738778	True	Both	Behavioral and emotional disorders with onset usually in childhood and adolescence	Mental
CA_139.5	63	2460	0.009399428556956803	2.02689854875181	0.258	0.6694388550859529	0.164	1.175	1.9531410179237365	0.29073360073546	True	Both	Lipoma	Neoplasms
CV_414	121	2430	0.7814277291730014	0.10711118178137537	0.198	0.05501951082216602	-0.334	0.444	1.0565612288526376	0.02389466994708298	True	Both	Cardiomyopathy	Cardiovascular
CV_416.4	108	2384	0.1216399927437588	0.9149236144350544	0.204	0.31630786036114217	-0.084	0.717	1.3720525912187516	0.13737075833746834	True	Both	Heart block	Cardiovascular
GI_523.2	152	2273	0.38102265311666494	0.41904920324536643	0.185	0.16168883883338006	-0.2	0.523	1.1754944161947665	0.07022057049068121	True	Both	Diverticula of colon	Gastrointestinal
MS_745.9	57	2485	0.3131592265371228	0.5042347882573253	0.274	0.2767769666570838	-0.261	0.815	1.3188721857571468	0.12020270933709183	True	Both	Pathological fracture	Muscloskeletal
GI_550	228	2250	0.25041431244727397	0.6013408526212025	0.143	0.16477996560716587	-0.116	0.446	1.1791336402107462	0.07156302979139974	True	Both	Disorders of the gallbladder	Gastrointestinal
GI_552	73	2457	0.8384677437331207	0.07651364025905248	0.249	-0.050842399816848606	-0.54	0.438	0.9504284464269919	-0.02208057368717627	True	Both	Other diseases of biliary tract	Gastrointestinal
MB_309	215	2155	1.2455064243660027e-6	5.9046540280154645	0.145	0.7026029744800931	0.419	0.987	2.019001282367031	0.3051365947855157	True	Both	Signs and symptoms involving emotional state	Mental
GI_504	162	2320	0.003082341765979692	2.5111192089498253	0.165	0.4877717372930584	0.165	0.811	1.62868303993956	0.21183657393473787	True	Both	Periodontal diseases	Gastrointestinal
MB_309.8	75	2471	0.3121614465281036	0.5056207354632752	0.241	0.2430879317190335	-0.228	0.714	1.2751807480240156	0.1055717473628507	True	Both	Homicidal ideations	Mental
GI_542.11	178	2361	0.011691321404168162	1.9321364002063168	0.174	-0.43920663372892943	-0.781	-0.098	0.6445475805985175	-0.19074501744377667	True	Both	Cirrhosis of liver	Gastrointestinal
GI_530	139	2353	0.015266634818387624	1.8162566827122741	0.176	0.4277451283890991	0.082	0.773	1.533795110315478	0.18576734892038374	True	Both	Disease of anus and rectum	Gastrointestinal
GI_520.11	92	2454	0.013498596765857762	1.8697113758397625	0.218	0.5392002970662427	0.111	0.967	1.7146351150310388	0.23417171365646336	True	Both	Inguinal hernia	Gastrointestinal
CV_406	56	2479	0.5256013700474116	0.27934351140250824	0.276	0.1751674170227539	-0.366	0.716	1.19144566820264	0.07607424262222773	True	Both	Pulmonary heart disease	Cardiovascular
CV_438	83	2458	0.4977247290342177	0.3030107811641483	0.233	0.15809607445668034	-0.299	0.615	1.17127871926879	0.06866025274710193	True	Both	Aneurysm or ectasia	Cardiovascular
BI_162	63	2482	0.003927643720689539	2.4058679142547867	0.324	-0.9350475155851029	-1.571	-0.3	0.3925672120275841	-0.40608597633595506	True	Both	Aplastic anemia	Blood/Immune
GU_626.1	292	749	3.600635924434833e-9	8.443620789765223	0.141	0.8318747233887759	0.556	1.108	2.2976221110990704	0.36127860200253936	True	Female	Irregular menstrual cycle/bleeding	Genitourinary
MB_280.51	596	1831	9.538851917100659e-8	7.020503893228034	0.097	0.5185536893251124	0.328	0.709	1.6795966735508099	0.22520500584446948	True	Both	Stimulant abuse or dependance	Mental
EM_256.5	420	1943	0.3626669126693519	0.4404920647686066	0.114	-0.10338399001056192	-0.326	0.119	0.9017806322354861	-0.044899096378727944	True	Both	Hypokalemia [Hypopotassemia]	Endocrine/Metab
MB_284	567	1832	1.190917419736761e-8	7.924118352199885	0.1	0.5678927457433598	0.373	0.763	1.764544786419522	0.24663268578922756	True	Both	Suicide ideation and attempt or self harm	Mental
BI_174.2	68	2470	0.6943073640854535	0.15844822842814196	0.26	-0.10216930916806101	-0.612	0.407	0.9028766734289583	-0.04437156719155621	True	Both	Splenomegaly	Blood/Immune
MB_288	1596	759	2.8922817846674737e-50	49.5387593975585	0.115	1.7136286033446477	1.488	1.939	5.549060329060851	0.7442194464641568	True	Both	Anxiety and anxiety disorders	Mental
NS_324.31	50	2485	0.0001539606117438188	3.812590371957565	0.299	1.131193813869878	0.545	1.717	3.0993543446207843	0.49127123132678213	True	Both	Dystonia	Neurological
CV_416.1	102	2427	0.01918795440125624	1.7169713222733871	0.205	0.4795969903661189	0.078	0.881	1.6154232398609008	0.20828632645341244	True	Both	Paroxysmal tachycardia	Cardiovascular
NS_350.5	64	2465	0.6274633447128997	0.20241163981329316	0.265	0.1285934876577577	-0.391	0.648	1.1372277330788205	0.05584744209845808	True	Both	Repeated falls*	Neurological
MS_700	81	2458	0.005258735147487746	2.2791187015731356	0.227	0.6343970385578575	0.189	1.08	1.88588468282328	0.27551513318144194	True	Both	Diffuse diseases of connective tissue	Muscloskeletal
MS_713.37	709	1679	3.6859997261654224e-16	15.433444701380877	0.097	0.7944466954945626	0.603	0.986	2.213216075531997	0.34502381601956156	True	Both	Pain in knee	Muscloskeletal
MB_282.1	1320	1065	0.005474341307308785	2.26166812923865	0.086	0.2392390666189148	0.07	0.408	1.2702821823530095	0.10390020648827913	True	Both	Current tobacco use and nicotine dependence	Mental
GU_602	217	1160	0.0027616602162840987	2.5588297563404665	0.185	0.5548945070827035	0.192	0.918	1.74175723203031	0.240987622464443	True	Male	Disorders of prostate	Genitourinary
CV_444.11	73	2479	0.00510621011091879	2.2919013187649826	0.242	0.6764939644731552	0.203	1.15	1.9669693643438555	0.2937975958115458	True	Both	Varicose veins of lower extremities	Cardiovascular
GI_510.8	53	2525	0.019401646006449526	1.7121614236164808	0.281	0.6572474307096449	0.106	1.208	1.92947400732895	0.2854389324022886	True	Both	Barrett's esophagus	Gastrointestinal
SS_809.1	175	2155	1.761861049229869e-10	9.75402834560176	0.161	1.0287888846479658	0.713	1.345	2.797675474337773	0.4467973356460126	True	Both	Acute pain	Symptoms
EM_256.31	237	2164	0.17636331351126233	0.7535917502509172	0.145	-0.19649421314291593	-0.481	0.088	0.8216060857984948	-0.0853363524938898	True	Both	Acidosis	Endocrine/Metab
EM_200.3	59	2486	0.9358013936890668	0.028816312348561284	0.274	-0.02209831974233781	-0.56	0.516	0.9781440594514129	-0.009597178323430993	True	Both	Thyrotoxicosis [hyperthyroidism]	Endocrine/Metab
GU_582.2	244	2314	0.8146381216567352	0.08903527060924193	0.146	-0.0343373592742442	-0.321	0.253	0.9662454777733823	-0.014912525655933683	True	Both	Chronic kidney disease	Genitourinary
EM_209	56	2493	0.00011944532743346885	3.922830834692267	0.28	1.0757067876561301	0.528	1.624	2.9320645153580016	0.4671735220249304	True	Both	Disorders of the pituitary gland and its hypothalamic control	Endocrine/Metab
DE_679.4	150	2266	0.0001156241912067446	3.9369512921398413	0.172	0.6623114050868204	0.326	0.999	1.9392695956345547	0.2876381885307954	True	Both	Pruritus	Dermatological
EM_232.4	436	1979	1.994461584257628e-10	9.700174324310574	0.11	0.702603854527075	0.486	0.919	2.019003059183798	0.30513697698506376	True	Both	Vitamin D deficiency	Endocrine/Metab
GI_512	246	2205	0.0006516362880415191	3.185994738885669	0.139	0.4751876954294657	0.202	0.748	1.608316042727767	0.20637139399334006	True	Both	Aphagia and dysphagia	Gastrointestinal
GI_528	804	1421	4.1235068775043995e-6	5.384733276750246	0.093	0.4290262143425795	0.246	0.612	1.5357612928423237	0.18632371748082405	True	Both	Nausea and vomiting	Gastrointestinal
SS_807	808	1462	6.708363729985586e-20	19.173383397818622	0.096	0.8788373775374541	0.69	1.067	2.408098369028016	0.38167422355484115	True	Both	Malaise and fatigue	Symptoms
RE_469.1	217	2159	1.1397862086104653e-7	6.943176602284638	0.146	0.7725309343932275	0.487	1.058	2.165239403647985	0.33550592190654177	True	Both	Acute bronchitis	Respiratory
DE_660.12	309	2122	0.00021624414421910228	3.6650556441765088	0.127	0.4706711978449138	0.221	0.72	1.6010684663562995	0.20440990401483974	True	Both	Dermatophytosis	Dermatological
NS_331.6	398	2064	7.665039901934003e-9	8.115485579994909	0.114	0.6571646760147071	0.434	0.88	1.9293143409027473	0.2854029924949255	True	Both	Migraine	Neurological
PP_904	59	1056	0.24078052477797063	0.6183786433424042	0.272	0.3192099770713296	-0.214	0.853	1.3760402314709366	0.13863113161054194	True	Female	Bleeding in pregnancy	Pregnancy
SO_363.2	163	2322	0.003373858009481427	2.4718731988649423	0.168	0.4937514967135899	0.164	0.824	1.6384513496541888	0.2144335504541837	True	Both	Dry eye syndrome [Tear film insufficiency]	Sense organs
NS_333.64	127	2406	0.000054416351006152064	4.264270584037799	0.187	0.7541413362336296	0.388	1.12	2.1257854045545046	0.3275194209014102	True	Both	Restless legs syndrome	Neurological
RE_475	613	1846	7.461843708288607e-14	13.127153851695441	0.097	0.7250645243147487	0.535	0.915	2.0648643296240823	0.31489152193370157	True	Both	Asthma	Respiratory
MB_296	315	2170	9.356354233442793e-19	18.028893344075662	0.124	1.0986165173110847	0.855	1.342	3.000012685955747	0.4771230911959724	True	Both	Personality disorders	Mental
EM_239.11	255	2216	0.2633555752180906	0.5794574832270518	0.145	0.16221347955426266	-0.122	0.446	1.176111290237144	0.07044841906074224	True	Both	Pure hypercholesterolemia	Endocrine/Metab
MB_308.3	124	2365	0.00010691535591748316	3.970959913956035	0.186	0.7196387965727246	0.356	1.084	2.05369127632977	0.3125351583150311	True	Both	Hallucinations	Mental
GI_529.1	539	1711	0.0000354974304219783	4.4498030833940705	0.102	0.4229592236191384	0.222	0.623	1.5264720506916831	0.1836888568878753	True	Both	Diarrhea	Gastrointestinal
GU_594.4	274	2140	6.696443850156965e-8	7.174155768383142	0.133	0.7170508275427155	0.457	0.977	2.0483832583650545	0.31141121764596164	True	Both	Frequency of urination and polyuria	Genitourinary
EM_200.22	82	2471	0.0436072268251507	1.3604415311396743	0.229	0.4623792211748366	0.013	0.911	1.5878473343985084	0.20080874430295473	True	Both	Uninodular goiter [single thyroid nodule]	Endocrine/Metab
GU_581.3	94	2421	0.10146487053868053	0.9936842944205095	0.215	0.3515212124212553	-0.069	0.772	1.4212278945307124	0.15266372282649202	True	Both	Obstructive and reflux uropathy	Genitourinary
EM_215	68	1348	5.741096941057138e-8	7.24100511980879	0.265	1.4390692429586092	0.919	1.959	4.216769202290929	0.624979831293614	True	Male	Testicular dysfunction	Endocrine/Metab
MS_728	105	2379	0.0009798358280939065	3.0088466844357207	0.202	0.6649843117373097	0.27	1.06	1.9444600158980228	0.2887990171397454	True	Both	Chondropathies	Muscloskeletal
CA_148	53	2517	0.17412357332279904	0.7591424289345223	0.283	0.38517472033099076	-0.17	0.941	1.4698711153747226	0.16727925560837756	True	Both	Benign neoplasm of the eye, brain and other parts of central nervous system	Neoplasms
EM_247	617	1787	0.011345871861231562	1.9451621256077614	0.098	0.24759495369860596	0.056	0.439	1.280940986693674	0.1075291221383957	True	Both	Disorders of mineral metabolism and mineral deficiencies	Endocrine/Metab
RE_463.1	107	2387	0.00012853990177833042	3.890962036284537	0.201	0.770984509345989	0.376	1.166	2.1618936108765574	0.3348343180418491	True	Both	Chronic rhinitis	Respiratory
NS_324.34	112	2356	0.001623024410339311	2.7896749483216783	0.196	0.6167802742866363	0.233	1.0	1.8529524285109198	0.26786426966946025	True	Both	Tremor	Neurological
ID_057.1	103	2467	0.052104919786864885	1.283121268343221	0.204	0.3952715095313844	-0.004	0.794	1.484787270094428	0.17166423544304885	True	Both	Human immunodeficiency virus	Infections
SO_374	151	2377	0.0905099842987079	1.0433035104449262	0.176	0.29864508385157257	-0.047	0.644	1.348031100554009	0.1296999119642719	True	Both	Disorders of the retina	Sense organs
GU_612	163	883	0.00030118050923310497	3.521173136742255	0.174	0.6270796188910099	0.287	0.967	1.872135239729118	0.27233721819835977	True	Female	Other nonmalignant breast conditions	Genitourinary
CV_440.3	115	2444	0.0016357034019954093	2.786295443057427	0.192	0.6044345102471809	0.228	0.981	1.8302169472693266	0.2625025724722452	True	Both	Pulmonary embolism	Cardiovascular
GI_524	162	2339	1.750253410348232e-8	7.75689906745749	0.168	0.9446410428490593	0.616	1.273	2.5718900145620207	0.4102523922886797	True	Both	Functional intestinal disorder	Gastrointestinal
GU_619.2	148	933	0.004526904828627061	2.344198635797784	0.178	0.5064344164650422	0.157	0.856	1.6593640332548674	0.21994167251666116	True	Female	Ovarian cyst	Genitourinary
GI_554.11	178	2352	0.3096003556345528	0.5091985491195224	0.165	-0.16764128182916077	-0.491	0.156	0.8456571328619801	-0.0728056836375924	True	Both	Acute pancreatitis	Gastrointestinal
GI_513	156	2355	0.16124895754991342	0.7925030843316632	0.17	0.23848846555056785	-0.095	0.572	1.2693290649400566	0.10357422458618543	True	Both	Peptic ulcer	Gastrointestinal
GU_593.2	59	2487	0.05493726090274402	1.260132997709022	0.267	0.5130991436010053	-0.011	1.037	1.6704601770682417	0.22283612673520078	True	Both	Microscopic hematuria	Genitourinary
NS_345.1	61	2449	0.5243760966653124	0.28035711355509935	0.276	-0.1759043466436423	-0.717	0.366	0.8386982037984991	-0.07639428709013066	True	Both	Toxic encephalopathy	Neurological
GU_626	365	681	2.426893905515788e-8	7.614949208940491	0.134	0.7494608595151939	0.486	1.013	2.1158589638189014	0.325486715689917	True	Female	Disorders of menstruation and other abnormal bleeding from female genital tract	Genitourinary
GI_511	916	1451	7.084577039306392e-12	11.149686072724702	0.092	0.630615738667173	0.45	0.811	1.878767052706059	0.2738729355044964	True	Both	Gastro-esophageal reflux disease [GERD]	Gastrointestinal
GI_554.1	205	2332	0.21601041817170086	0.6655253023427269	0.155	-0.19188565823709605	-0.496	0.112	0.8254012409292151	-0.08333488252874408	True	Both	Pancreatitis	Gastrointestinal
GI_542.1	187	2351	0.01921966720320549	1.7162541365978978	0.169	-0.395246193902495	-0.726	-0.064	0.6735142037456544	-0.17165324100511628	True	Both	Fibrosis and cirrhosis of liver	Gastrointestinal
EM_204.4	296	2136	0.46199465417615604	0.33536304971493247	0.132	-0.09704603402206212	-0.356	0.162	0.9075142286416641	-0.04214655706637681	True	Both	Hyperglycemia	Endocrine/Metab
GI_542.7	215	2284	0.09378056494185599	1.02788715536352	0.155	-0.260031463032816	-0.564	0.044	0.771027326563856	-0.1129302295163814	True	Both	Chronic nonalcoholic liver disease	Gastrointestinal
GU_618	208	796	4.227506106980517e-6	5.373915756355643	0.158	0.7271257713857951	0.417	1.037	2.0691249147264	0.3157867101624962	True	Female	Noninflammatory disorders of vagina	Genitourinary
MS_741.3	73	2435	4.116309801829638e-6	5.385491946795442	0.246	1.1347307142928569	0.652	1.618	3.1103358611305074	0.4928072876635231	True	Both	Sprains and strains of wrist and hand	Muscloskeletal
GI_510	298	2144	0.00599223539161629	2.2224111346824067	0.127	0.34968213632044853	0.1	0.599	1.4186165502425243	0.1518650222241115	True	Both	Diseases of esophagus	Gastrointestinal
SS_809.33	238	2149	2.8144280147256267e-10	9.550609854911842	0.14	0.8821639855789991	0.608	1.156	2.416122507609415	0.3831189510707391	True	Both	Pain in hand and fingers*	Symptoms
GU_627	134	963	0.000794554557587201	3.099876276876262	0.21	0.7060225514843691	0.294	1.119	2.025917230793612	0.306621698208916	True	Female	Menopausal and postmenopausal disorders	Genitourinary
DE_684.1	74	2458	0.0017373295386987485	2.7601177962539394	0.24	0.7525484929428172	0.282	1.224	2.12240205682186	0.32682765784967377	True	Both	Alopecia	Dermatological
MB_282	1519	853	0.0005657803368208251	3.247352150125058	0.09	0.3106609795957979	0.134	0.487	1.3643266082147933	0.13491834918111373	True	Both	Nicotine dependence (current and history of)	Mental
DE_676	96	2378	0.0014917736547682223	2.826297066905108	0.211	0.6692260349226771	0.256	1.082	1.9527253943615073	0.29064117411291157	True	Both	Hypertrophic conditions of skin	Dermatological
CA_139	166	2283	0.00015047951466225435	3.822522618174349	0.166	0.6310680491251869	0.305	0.957	1.879617030904693	0.2740693714405189	True	Both	Benign sarcoma-related cancers	Neoplasms
RE_479.6	131	2301	0.10753617083717469	0.9684454320014779	0.183	0.2947823893399898	-0.064	0.654	1.3428341118720502	0.1280223650526135	True	Both	Pulmonary collapse [Atelectasis]	Respiratory
ID_015	54	2510	0.4205567154392419	0.3761754278295187	0.297	-0.23895298844181265	-0.82	0.343	0.7874519008433893	-0.10377596431457074	True	Both	Clostridium	Infections
CV_403	138	2370	0.0029437842016511884	2.5310940297513693	0.18	0.5355650842502948	0.183	0.889	1.7084133670268253	0.2325929607899532	True	Both	Angina pectoris	Cardiovascular
SO_360.4	62	2475	0.2643359027352783	0.5778438459455775	0.263	0.29396465869382493	-0.222	0.81	1.3417364841091506	0.12766722914530096	True	Both	Blepharitis	Sense organs
CA_101	63	2484	0.6997326032509228	0.15506789015518563	0.266	0.1026697162043957	-0.419	0.624	1.1081253527805819	0.04458889120614194	True	Both	Malignant neoplasm of the digestive organs	Neoplasms
MS_722	174	2328	1.3076715363379268e-6	5.883501329306859	0.161	0.778213091590572	0.463	1.093	2.1775776550544292	0.3379736514226553	True	Both	Fasciopathy	Muscloskeletal
CV_448	104	2425	0.10846527749042964	0.9647092683385913	0.209	0.3359376302825532	-0.074	0.746	1.3992517511529856	0.14589585909536756	True	Both	Peripheral vascular disease	Cardiovascular
RE_463	596	1728	6.693526306843588e-19	18.174345025411636	0.099	0.8826391470551298	0.688	1.077	2.4172708287440208	0.38332531107783574	True	Both	Rhinitis and nasal congestion	Respiratory
GU_614	272	732	1.1388061265077849e-11	10.943550205117138	0.146	0.9907556094614901	0.705	1.277	2.6932687630475183	0.4302796941038184	True	Female	Inflammatory diseases of female pelvic organs	Genitourinary
RE_468.2	62	2467	0.1306366364940698	0.8839350099222623	0.259	0.39217747696363614	-0.116	0.901	1.4802003895626503	0.1703205141720468	True	Both	Bacterial pneumonia	Respiratory
RE_495.1	125	2368	0.0008982021508326614	3.0466259093115604	0.189	0.6290361074569295	0.258	1.0	1.8758016363815335	0.27318691038644544	True	Both	Solitary pulmonary nodule	Respiratory
RE_463.2	458	1933	2.127186335674513e-14	13.672194465428378	0.107	0.8202008036986225	0.61	1.031	2.2709558080762577	0.356208683098924	True	Both	Allergic rhinitis	Respiratory
MS_724.5	57	2414	0.018950032007508937	1.7223900521511717	0.273	0.6400354655444921	0.105	1.175	1.8965481402246702	0.2779638709083518	True	Both	Exostosis	Muscloskeletal
SS_809.32	265	2139	0.0015356203747866524	2.81371613424758	0.133	0.42043314726335174	0.16	0.681	1.522620931894582	0.18259179586569088	True	Both	Pain in leg*	Symptoms
GU_608	68	1306	0.0004278754377592094	3.368682643527308	0.251	0.8844526877326095	0.392	1.377	2.4216586252415535	0.38411292178677225	True	Male	Other disorders of male genital organs	Genitourinary
MS_713.2	192	2216	0.000036842429115736465	4.433651743383396	0.153	0.6326797889897217	0.332	0.933	1.8826489272612408	0.27476934116994983	True	Both	Effusion of joint	Muscloskeletal
SS_807.1	64	2446	0.0012769299877512191	2.89383291383044	0.257	0.8280656760088088	0.324	1.332	2.2888870063918354	0.3596243537441116	True	Both	Chronic fatigue syndrome	Symptoms
GI_540.3	321	2211	3.9293819384283196e-7	6.405675755436077	0.121	0.6125974179927026	0.376	0.849	1.845217982098895	0.2660476782624106	True	Both	Viral hepatitits	Gastrointestinal
NS_333.2	611	1690	4.950379429420431e-25	24.305361512624344	0.099	1.0202049306822913	0.827	1.214	2.773763134895736	0.44306937180580863	True	Both	Insomnia	Neurological
SS_808	294	2084	0.000018824085120803375	4.725286121987389	0.126	0.540046876857626	0.293	0.787	1.7160873050796626	0.23453937858835192	True	Both	Syncope and collapse	Symptoms
ID_089.3	525	1810	1.0844521128421587e-8	7.9647896207706514	0.103	0.5893679459456245	0.387	0.791	1.8028485574697177	0.2559592467348387	True	Both	Fungal infections	Infections
CV_446.2	67	2459	0.04118745211781975	1.3852350729475902	0.25	0.5113043272015731	0.02	1.002	1.6674646967205955	0.22205664787689797	True	Both	Orthostatic hypotension	Cardiovascular
NS_355	211	2199	1.533537787059161e-7	6.814305518338753	0.145	0.7619835274698638	0.477	1.047	2.1425217592977845	0.3309252412813367	True	Both	Coma and other alteration of consciousness	Neurological
CA_136.4	333	2141	0.055203803011753885	1.2580310025221162	0.136	0.26149560349743056	-0.006	0.529	1.298871231068657	0.1135660976408948	True	Both	Benign neoplasm of colon, rectum, anus and anal canal	Neoplasms
CV_404	304	2155	0.7153897995202294	0.1454572565880276	0.142	-0.051837059891281734	-0.33	0.227	0.9494835631944403	-0.022512549068872033	True	Both	Ischemic heart disease	Cardiovascular
CV_401	1198	1215	0.0018632437107759866	2.7297303360201024	0.096	0.29759718698669263	0.11	0.485	1.346619242859799	0.12924481613825084	True	Both	Hypertension	Cardiovascular
GU_603	101	1281	0.003720367378658809	2.429414172309934	0.208	0.6035917597078666	0.196	1.011	1.8286751807035062	0.2621365705634	True	Male	Disorders of testis	Genitourinary
MS_741.1	88	2404	0.0002767541187877291	3.557905907022059	0.221	0.802896910364934	0.37	1.236	2.2319974685694164	0.34869369770866065	True	Both	Sprains and strains of shoulder and upper arm	Muscloskeletal
GI_558	85	2379	0.0005019482581090528	3.299341048543969	0.225	0.7812242628091386	0.341	1.221	2.1841445963458748	0.3392813864669447	True	Both	Abnormal findings on diagnostic imaging of the digestive tract	Gastrointestinal
SS_809.2	939	1405	3.415229700018928e-24	23.466580081412634	0.093	0.9413185474085627	0.759	1.123	2.563359101522728	0.4088094508527233	True	Both	Chronic pain	Symptoms
EM_256	887	1423	0.4836055422386627	0.3155087306609838	0.09	0.06293280262290829	-0.113	0.239	1.0649552746256807	0.027331368909835587	True	Both	Disorders of fluid, electrolyte and acid-base balance	Endocrine/Metab
EM_200.2	123	2422	0.016088393602292087	1.7934873172737904	0.19	0.45642541079374876	0.085	0.828	1.5784216795793957	0.19822303730815	True	Both	Goiter	Endocrine/Metab
GI_529.5	481	1818	6.433719631646789e-16	15.19153786868766	0.106	0.8553630193890719	0.648	1.063	2.352228130020443	0.3714794393447782	True	Both	Constipation	Gastrointestinal
MS_721.1	181	2282	0.000029586190765152726	4.528910946842331	0.158	0.6617460022303618	0.351	0.972	1.9381734369805586	0.2873926371901831	True	Both	Synovitis and tenosynovitis	Muscloskeletal
MB_280.13	208	2304	0.010047806586709769	1.997928733393217	0.16	-0.4120003272473922	-0.726	-0.098	0.6623240593082655	-0.17892946866587642	True	Both	Alcoholic liver disease	Mental
DE_686.2	99	2423	0.21222578003509918	0.6732018614952957	0.21	0.26156581403363366	-0.149	0.673	1.2989624287157293	0.11359658968933922	True	Both	Non-pressure chronic ulcer	Dermatological
EM_200	426	2042	0.0013066290199454757	2.883847700453395	0.114	0.36657033106754605	0.143	0.59	1.442777869089821	0.15919947201208343	True	Both	Disorders of thyroid gland	Endocrine/Metab
DE_682	411	1978	1.7842569892746218e-10	9.74854259335346	0.111	0.7063476187982569	0.489	0.923	2.026575897315664	0.30676287314958467	True	Both	Other follicular disorders	Dermatological
SO_396.8	203	2286	0.00005679919902673515	4.245657788597463	0.161	0.6488270847524665	0.333	0.965	1.913295379086929	0.28178202261736973	True	Both	Bilateral hearing loss	Sense organs
EM_204	670	1710	0.08811378043070914	1.0549561654017843	0.099	0.16829519451582128	-0.025	0.362	1.1832858585933412	0.07308967430905558	True	Both	Abnormal glucose	Endocrine/Metab
BI_174	83	2447	0.8113123220086169	0.0908119280160947	0.234	-0.0559348949987802	-0.515	0.403	0.9456006972209453	-0.024292216243808028	True	Both	Diseases of spleen	Blood/Immune
MS_714	178	2304	0.00047145283236106497	3.3265617507951526	0.158	0.5536655614033471	0.243	0.864	1.7396180217613662	0.2404538981373397	True	Both	Deforming dorsopathies	Muscloskeletal
GU_619	164	918	0.0013144506319267008	2.8812557204624776	0.171	0.5488065967952911	0.214	0.884	1.7311857819296457	0.2383436766202977	True	Female	Noninflammatory disorders of ovary, fallopian tube, and broad ligament	Genitourinary
GI_502	513	1918	2.909802357598208e-8	7.536136508580934	0.101	0.5603357570056757	0.362	0.758	1.7512603995428417	0.24335072728064636	True	Both	Diseases of teeth and supporting structures	Gastrointestinal
ID_052.3	73	2449	0.30829985897062306	0.5110266739380853	0.242	0.24634553623651573	-0.228	0.72	1.279341556043349	0.10698650702901634	True	Both	Varicella zoster virus	Infections
ID_061	82	2393	0.025032009530117253	1.6015042845184408	0.226	0.5062659672896138	0.063	0.949	1.659084538292739	0.21986851596929147	True	Both	Influenza virus	Infections
CA_120	51	2496	0.6657331408885546	0.17669982287892588	0.291	0.1258445372038972	-0.445	0.697	1.1341058433119158	0.054653588085321024	True	Both	Hemo onc - by cell of origin	Neoplasms
CA_144.21	71	1041	0.07139243009380639	1.1463478350414242	0.25	0.45085710663704764	-0.039	0.941	1.5696569725039256	0.19580475353933574	True	Female	Leiomyoma of uterus	Neoplasms
GI_557.8	156	2314	0.00036608532478157017	3.4364176802802477	0.166	0.5930028597137358	0.267	0.919	1.8094136811137187	0.2575378697265236	True	Both	Hemorrhage of rectum and anus	Gastrointestinal
DE_660.1	363	2040	6.1961397354499495e-6	5.20787879658576	0.118	0.5342848187952437	0.303	0.766	1.7062275439255385	0.23203694856745313	True	Both	Fungal infection of the skin	Dermatological
SS_840.1	50	2501	0.013244418284991814	1.8779671118224757	0.287	0.711845424147105	0.149	1.275	2.037748300832398	0.3091505396751676	True	Both	Food allergy	Symptoms
EM_256.4	141	2367	0.6647745033184356	0.17732564578299345	0.18	0.0781820990212055	-0.275	0.432	1.0813195479741609	0.033954054188523215	True	Both	Hyperkalemia [Hyperpotassemia]	Endocrine/Metab
MS_714.3	73	2469	0.014202737898712474	1.8476279274699767	0.239	0.5848450168747804	0.117	1.052	1.7947128138837254	0.2539949635973313	True	Both	Scoliosis	Muscloskeletal
DE_684	104	2410	0.0005402856744485266	3.267376547527314	0.204	0.706166664055691	0.306	1.106	2.026209211973601	0.30668428550341403	True	Both	Diseases of hair and hair follicles	Dermatological
MB_286.12	121	2437	2.624451695381357e-10	9.580961416274537	0.196	1.238250626948924	0.854	1.622	3.449573592227928	0.5377654144971598	True	Both	Bipolar II disorder*	Mental
GI_554	230	2290	0.3615853541905084	0.44178916869186124	0.146	-0.13325540781278816	-0.42	0.153	0.8752415200366656	-0.057872088296861385	True	Both	Diseases of the pancreas	Gastrointestinal
SS_809.34	466	1870	2.5501375716091376e-11	10.593436390162468	0.107	0.7156704616022838	0.505	0.926	2.045557690489741	0.3108117323350249	True	Both	Pain in foot and toes*	Symptoms
GI_523.4	55	2508	0.9624463673753494	0.016623462340927188	0.286	-0.013478077171861646	-0.575	0.548	0.9866123454135339	-0.005853454542405717	True	Both	Diverticulitis	Gastrointestinal
SO_375	109	2430	0.008877840088617417	2.0516926819347243	0.202	0.5296297910441817	0.133	0.926	1.6983034650715096	0.23001529570206042	True	Both	Abnormal intraocular pressure	Sense organs
MB_298	57	2498	4.0753723891008756e-7	6.389832701244867	0.293	1.4855394349873627	0.911	2.06	4.4173476420613715	0.6451615792646862	True	Both	Impulse disorders	Mental
NS_356	79	2421	0.34095201295187283	0.46730674117385723	0.234	0.22314135352922385	-0.236	0.682	1.2499972527717864	0.09690905852216458	True	Both	Speech disturbance	Neurological
MS_745.5	160	2366	0.00003548353925403082	4.449973068608173	0.164	0.6799475250292587	0.358	1.002	1.9737741557718116	0.2952974581039803	True	Both	Fracture of hand or wrist	Muscloskeletal
NS_345	204	2266	0.9485236314627803	0.02295184465298057	0.153	0.009851320533194673	-0.289	0.309	1.0099000045272004	0.004278374147026642	True	Both	Encephalopathy	Neurological
MS_709	176	2340	1.0599903094104132e-6	5.974698105102043	0.163	0.7934258133024763	0.475	1.112	2.210957795568279	0.3445804525168652	True	Both	Acquired deformities of fingers and toes	Muscloskeletal
MS_706	78	2452	0.003841092512044542	2.4155452328018594	0.234	0.6767970290335175	0.218	1.136	1.9675655733898592	0.29392921507777153	True	Both	Inflammatory spondylopathies	Muscloskeletal
EM_237	108	2382	7.505132505847317e-7	6.1246416357258004	0.202	0.9972108108225065	0.602	1.392	2.710710589918447	0.43308315243448214	True	Both	Abnormal weight gain	Endocrine/Metab
CV_423.1	77	2447	0.026433062823652306	1.5778525118458002	0.235	0.5226759247030985	0.061	0.984	1.6865346565541053	0.2269952699222353	True	Both	Cardiac murmurs	Cardiovascular
ID_097.1	106	2413	0.10487876249294564	0.9793124457044687	0.201	0.3258736145694837	-0.068	0.72	1.3852402836192914	0.1415251126053939	True	Both	Methicillin resistant Staphylococcus aureus	Infections
MB_280.5	638	1767	5.7710505297527196e-8	7.238745123110033	0.096	0.5186295800981513	0.331	0.706	1.6797241442776243	0.2252379647884277	True	Both	Stimulant use disorders	Mental
GU_627.2	95	1006	0.012926474605402083	1.8885199026665365	0.234	0.5828956983730229	0.123	1.042	1.7912177545888777	0.2531483853285461	True	Female	Symptomatic menopause	Genitourinary
SS_800.1	139	2234	0.005241187365138061	2.280570314597906	0.177	0.4936599656580916	0.147	0.84	1.6383013873359815	0.21439379902185796	True	Both	Chest pain on breathing	Symptoms
ID_097	119	2391	0.10838691079243998	0.9650231616523086	0.191	0.3060146975312045	-0.068	0.68	1.3580022656818929	0.1329004945190948	True	Both	Drug resistant microorganisms	Infections
SS_840.8	500	1859	1.3546686262278528e-15	14.868166927225792	0.105	0.8371744414433553	0.632	1.043	2.309831184230163	0.36358024030928626	True	Both	Allergies related to other diseases/symptoms	Symptoms
CV_413.2	55	2487	0.039179669271541116	1.4069392343481975	0.28	0.5776387177836956	0.029	1.127	1.7818260652150444	0.2508653076671288	True	Both	Aortic valve disorders	Cardiovascular
MS_713	1370	952	4.4048156127465545e-29	28.35607226660329	0.1	1.1211510086908643	0.925	1.317	3.068383908087986	0.48690969645470705	True	Both	Symptoms related to joints	Muscloskeletal
SO_380	50	2512	0.15316081173094973	0.8148523406180423	0.288	0.41116374139271145	-0.153	0.975	1.508572352073746	0.17856614404555027	True	Both	Disorders of optic nerve and visual pathways	Sense organs
SS_809	1524	781	1.5302152199006986e-25	24.815247482749776	0.104	1.0873466930235107	0.883	1.291	2.9663928706639964	0.4722286686958598	True	Both	Pain	Symptoms
GI_556	145	2277	0.00009523046395506943	4.021224099817355	0.175	0.6821462344665259	0.34	1.025	1.9781186860647804	0.296252345479894	True	Both	Other digestive system symptoms and diseases	Gastrointestinal
CV_417	641	1570	2.1803777449631946e-12	11.661468259449792	0.096	0.675650579838432	0.487	0.864	1.96531115195871	0.2934313185185635	True	Both	Abnormalities of heart beat	Cardiovascular
MS_745.6	204	2303	0.45739329584169663	0.3397102052742962	0.154	0.11432776825116998	-0.187	0.416	1.1211195320570353	0.04965191887979689	True	Both	Fracture of bones in thorax	Muscloskeletal
MS_741.7	134	2301	3.4899386475059756e-8	7.457182207792629	0.182	1.0057512325125795	0.648	1.363	2.733960341460026	0.43679221044760763	True	Both	Back sprain	Muscloskeletal
MS_721.5	137	2364	0.0006666912131536719	3.1760752687442744	0.181	0.6160878173754865	0.261	0.971	1.851669782935414	0.2675635394539921	True	Both	Bursitis	Muscloskeletal
BI_168	198	2239	0.12572496038906997	0.9005784925359162	0.152	0.2326364847336958	-0.065	0.53	1.2619226677851785	0.10103274160921413	True	Both	Coagulation defects, purpura and other hemorrhagic conditions	Blood/Immune
EM_215.1	68	1350	6.096458502825513e-8	7.214922377994086	0.265	1.4359145501254713	0.916	1.956	4.203487551488775	0.6236097656040825	True	Male	Testicular hypofunction	Endocrine/Metab
MB_280.4	171	2338	7.388129133996869e-8	7.131465522315155	0.161	0.8646215176822319	0.55	1.18	2.374107358255982	0.37550035406420823	True	Both	Sedative, hypnotic, or anxiolytic related disorders	Mental
EM_200.1	293	2215	0.016216066946255957	1.7900544713741542	0.131	0.3148022322894859	0.058	0.571	1.3699883447053287	0.1367168723741494	True	Both	Hypothyroidism	Endocrine/Metab
MS_713.34	145	2291	0.00010250912563910915	3.9892374708199765	0.173	0.6713255936076263	0.333	1.01	1.9568295628862473	0.2915530008642171	True	Both	Pain in wrist*	Muscloskeletal
CV_401.2	127	2380	0.40307739670475196	0.39461155501398565	0.198	-0.16588445810115054	-0.555	0.223	0.8471441091739331	-0.07204270478684084	True	Both	Hypertensive heart disease	Cardiovascular
GU_594.3	218	2274	0.0001702540347597094	3.768902587179557	0.149	0.5590893195598553	0.268	0.851	1.7490789228230341	0.24280940637588896	True	Both	Urinary incontinence and enuresis	Genitourinary
PP_927	56	1068	0.0034933823960901097	2.4567538725867712	0.284	0.8288288157569985	0.273	1.385	2.290634413718717	0.35995578112567145	True	Female	Drugs and alcohol during pregnancy	Pregnancy
MB_280.21	524	1940	2.1780558497572945e-13	12.66193098824855	0.101	0.7390487128423812	0.542	0.936	2.0939426260111276	0.3209647778451471	True	Both	Opioid abuse or dependence	Mental
BI_177	187	2253	0.0053732525200652905	2.2697627489541206	0.155	0.43265703490349366	0.128	0.737	1.5413475016450726	0.18790056281520995	True	Both	Abnormality of the lymph nodes	Blood/Immune
SS_805	310	1994	3.2654423433669343e-6	5.4860579800026406	0.124	0.5757722166916587	0.333	0.818	1.7785033867746056	0.25005469654239076	True	Both	Fever	Symptoms
MB_288.4	121	2400	2.568709848879744e-7	6.590284949119028	0.191	0.9821573620302237	0.609	1.356	2.670210643588922	0.4265455226903806	True	Both	Phobic disorders	Mental
DE_668.3	249	2131	0.000048865856826858664	4.310994481792607	0.137	0.5582020704303027	0.289	0.828	1.7475277423147773	0.24242407897485077	True	Both	Contact dermatitis	Dermatological
MB_304	921	1654	0.9955968153464927	0.001916501255546684	5278.686	29.130965030226037	-10300.0	10400.0	4481437718706.799	12.651417365143763	False	Both	Attention-deficit hyperactivity disorders	Mental
GI_522.9	272	2093	0.41893963302948234	0.37784855204793477	0.133	0.10763290515181356	-0.153	0.369	1.1136388592530908	0.046744376778648726	True	Both	Gastritis	Gastrointestinal
GI_502.1	376	2059	2.447483415678673e-9	8.611280242325087	0.114	0.6789389126438531	0.456	0.902	1.9717843863340385	0.2948594233106193	True	Both	Diseases of hard tissues of teeth	Gastrointestinal
SS_823	91	2389	0.07465325821882317	1.1269512328743063	0.215	0.38381723393545036	-0.038	0.806	1.4678771390364829	0.1666897067575356	True	Both	Abnormal serum enzyme levels	Symptoms
NS_334.2	52	2505	0.9118442779634224	0.040079322850997946	0.292	-0.03237883913681463	-0.606	0.541	0.9681397433724603	-0.014061951167551618	True	Both	Facial nerve disorders and weakness	Neurological
NS_336.4	274	2201	6.109634023203545e-8	7.213984803908598	0.133	0.7182956775248334	0.458	0.978	2.0509347760264616	0.31195184912399276	True	Both	Mononeuritis of upper limb	Neurological
DE_683.1	91	2433	0.0047133502142099265	2.32667028982913	0.216	0.6093202379028341	0.187	1.032	1.8391807683880383	0.26462441703317746	True	Both	Ingrowing nail	Dermatological
NS_334	79	2457	0.17248821087648047	0.763240582482039	0.232	0.31614310716319016	-0.138	0.77	1.371826559786802	0.1372992069327219	True	Both	Disorders of facial and cranial nerves	Neurological
NS_329.1	132	2347	1.2370708696750095e-9	8.907605419669864	0.19	1.155487945060693	0.783	1.528	3.1755725444903953	0.5018220384455867	True	Both	Memory loss	Neurological
RE_480	54	2488	0.6394388208612748	0.19420100088566136	0.283	0.1327753780613638	-0.423	0.688	1.141993452735825	0.05766361402466838	True	Both	Pulmonary edema	Respiratory
EM_202.2	459	2020	0.45903229124108214	0.3381567623613468	0.112	-0.08313505815819139	-0.303	0.137	0.9202268546828414	-0.03610509701080842	True	Both	Type 2 diabetes	Endocrine/Metab
GU_594.41	52	2488	0.03619290724033725	1.4413765302456336	0.286	0.5991617666826031	0.039	1.16	1.8205920796672488	0.2602126490376582	True	Both	Nocturia	Genitourinary
MS_721.2	69	2476	0.002065960512174311	2.684877983643451	0.248	0.7641225760316583	0.278	1.25	2.1471096224673567	0.33185421826824724	True	Both	Ganglion cyst	Muscloskeletal
RE_486	163	2256	0.020389870236567544	1.6905855381121	0.167	0.3874460747583158	0.06	0.715	1.473213508082499	0.16826569230261135	True	Both	Other respiratory disorders	Respiratory
EM_200.12	271	2238	0.006165922496984506	2.2100019384715766	0.135	0.3698073275082581	0.105	0.634	1.4474557028979116	0.16060528170422514	True	Both	Hypothyroidism (not specified as secondary)	Endocrine/Metab
GI_527	1254	1034	4.4383286573590366e-10	9.352780541492784	0.092	0.5736947633222589	0.393	0.754	1.77481246410857	0.2491524700076491	True	Both	Abdominal pain	Gastrointestinal
EM_208	62	2506	0.11324105097787068	0.945996108648406	0.26	0.4121984146566282	-0.098	0.922	1.510134039331825	0.1790154969346421	True	Both	Disorders of parathyroid gland	Endocrine/Metab
ID_092.8	109	2427	0.3792567560005722	0.42106667404120707	0.2	0.17591500665392718	-0.216	0.568	1.1923367136569663	0.07639891667377441	True	Both	Bacteremia	Infections
RE_479.31	206	2284	0.9361877893138466	0.0286370276693759	0.152	0.012155453632368796	-0.285	0.31	1.0122296314090198	0.005279046437568581	True	Both	Acute respiratory failure	Respiratory
GU_594.6	81	2433	0.0036735812524001043	2.434910349972658	0.228	0.6630795329799656	0.216	1.11	1.940759774954171	0.2879717822361843	True	Both	Urinary urgency	Genitourinary
NS_354	459	1836	1.7544985036245482e-6	5.75584699784919	0.109	0.5223049943496155	0.308	0.736	1.6859091856680282	0.22683417691654714	True	Both	Dizziness and giddiness	Neurological
ID_057	103	2467	0.052104919786867376	1.2831212683432003	0.204	0.39527150953138046	-0.004	0.794	1.4847872700944222	0.17166423544304715	True	Both	Retrovirus	Infections
NS_333.11	484	2018	9.269283298723001e-18	17.03295384422042	0.109	0.9319582228960822	0.719	1.145	2.5394771741545408	0.4047443135681293	True	Both	Obstructive sleep apnea	Neurological
GI_520.1	219	2267	0.005261817946538668	2.278864182130482	0.145	0.4052685832440221	0.121	0.69	1.4997052416684058	0.17600590939162747	True	Both	Hernia of the abdominal wall	Gastrointestinal
CV_438.1	50	2510	0.5644389348936404	0.24838303633113587	0.299	0.17255949100076046	-0.414	0.759	1.1883425141975674	0.07494163474166414	True	Both	Aortic aneurysm and ectasia	Cardiovascular
NS_351	475	1882	2.284392999101931e-8	7.641229179472097	0.107	0.5959724867159837	0.387	0.805	1.8147949510670278	0.25882756234691073	True	Both	Disturbances of skin sensation	Neurological
EM_202.1	67	2495	0.10351440053612747	0.9849992285806404	0.279	-0.4542172270944271	-1.001	0.093	0.6349447910519977	-0.1972640353125059	True	Both	Type 1 diabetes	Endocrine/Metab
GU_612.5	64	1015	0.06650920384954549	1.177118250870084	0.259	0.47588927568937633	-0.032	0.984	1.6094448014261535	0.20667608642883148	True	Female	Mastodynia	Genitourinary
NS_330	349	2140	0.03259542704033274	1.48684332479268	0.118	0.251944027325698	0.021	0.483	1.286524025079264	0.1094179008160327	True	Both	Epilepsy, recurrent seizures, convulsions	Neurological
SO_396	329	2132	3.224599697678417e-14	13.491524191068942	0.132	0.9980753209329525	0.74	1.256	2.7130550398842583	0.4334586044049984	True	Both	Hearing impairment	Sense organs
